g_1_Mq44e2Ct;1;21.08. 20:30;Malaga;Sevilla;150821;0;0;D;25;10;7;2;3.4;3.4;2.15;3.3;3.4;2.25;1.86;1.92;NA;NA;NA;NA;NA;NA;NA;NA;NA;NA;NA;NA;NA;NA;NA;NA;NA;NA;NA;NA;
g_1_4SZkxuCI;1;22.08. 22:30;Rayo Vallecano;Valencia;150822;0;0;D;8;10;3;3;3.6;3.5;2.05;3.5;3.4;2.05;1.75;2.04;NA;NA;NA;NA;NA;NA;NA;NA;NA;NA;NA;NA;NA;NA;NA;NA;NA;NA;NA;NA;
g_1_8MHHjvRB;1;22.08. 20:30;Atl. Madrid;Las Palmas;150822;1;0;H;14;8;4;4;1.2;6.5;15;1.22;6;12;1.82;1.96;NA;NA;NA;NA;NA;NA;NA;NA;NA;NA;NA;NA;NA;NA;NA;NA;NA;NA;NA;NA;
g_1_z9J9h0da;1;22.08. 18:30;Deportivo de La Coruna;Real Sociedad;150822;0;0;D;15;9;5;4;2.5;3.2;3;2.55;3.1;2.8;2.37;1.56;NA;NA;NA;NA;NA;NA;NA;NA;NA;NA;NA;NA;NA;NA;NA;NA;NA;NA;NA;NA;
g_1_rJYgyaRO;1;22.08. 18:30;Espanyol;Getafe;150822;1;0;H;4;14;5;6;1.91;3.4;4.33;1.95;3.25;4;2.37;1.56;NA;NA;NA;NA;NA;NA;NA;NA;NA;NA;NA;NA;NA;NA;NA;NA;NA;NA;NA;NA;
g_1_fc2Cgtsg;1;23.08. 22:30;Real Betis;Villarreal;150823;1;1;D;22;8;7;5;2.8;3.25;2.6;2.65;3.25;2.6;2.12;1.7;NA;NA;NA;NA;NA;NA;NA;NA;NA;NA;NA;NA;NA;NA;NA;NA;NA;NA;NA;NA;
g_1_G638fMRn;1;23.08. 22:00;Levante;Celta de Vigo;150823;1;2;A;11;15;4;6;3.6;3.3;2.15;3.25;3.2;2.2;2.31;1.59;NA;NA;NA;NA;NA;NA;NA;NA;NA;NA;NA;NA;NA;NA;NA;NA;NA;NA;NA;NA;
g_1_pOCx0r4P;1;23.08. 20:30;Sporting de Gijon;Real Madrid;150823;0;0;D;6;27;2;5;13;6.5;1.22;10;6.5;1.22;1.5;2.53;NA;NA;NA;NA;NA;NA;NA;NA;NA;NA;NA;NA;NA;NA;NA;NA;NA;NA;NA;NA;
g_1_zgVowLdC;1;23.08. 18:30;Athletic Club;Barcelona;150823;0;1;A;8;10;2;4;6.5;4.33;1.5;6;4.2;1.5;1.6;2.27;NA;NA;NA;NA;NA;NA;NA;NA;NA;NA;NA;NA;NA;NA;NA;NA;NA;NA;NA;NA;
g_1_EaIDiKB5;1;24.08. 20:30;Granada;Eibar;150824;1;3;A;12;10;6;5;1.91;3.3;4.5;1.95;3.1;4.33;2.68;1.45;NA;NA;NA;NA;NA;NA;NA;NA;NA;NA;NA;NA;NA;NA;NA;NA;NA;NA;NA;NA;
g_1_fDjz9Ltt;2;28.08. 20:30;Villarreal;Espanyol;150828;3;1;H;14;4;2;3;1.57;3.8;6.5;1.62;3.75;6;2.11;1.71;NA;NA;NA;NA;NA;NA;NA;NA;NA;NA;NA;NA;NA;NA;NA;NA;NA;NA;NA;NA;
g_1_MPsi5wt5;2;29.08. 22:30;Real Madrid;Real Betis;150829;5;0;H;21;7;11;4;1.1;10;26;1.11;8.5;19.5;1.28;3.57;NA;NA;NA;NA;NA;NA;NA;NA;NA;NA;NA;NA;NA;NA;NA;NA;NA;NA;NA;NA;
g_1_ruAUmxBU;2;29.08. 22:00;Celta de Vigo;Rayo Vallecano;150829;3;0;H;11;3;5;4;1.53;4.33;6;1.55;3.75;6.25;1.68;2.15;NA;NA;NA;NA;NA;NA;NA;NA;NA;NA;NA;NA;NA;NA;NA;NA;NA;NA;NA;NA;
g_1_Y3kv8udn;2;29.08. 20:30;Barcelona;Malaga;150829;1;0;H;22;4;15;2;1.1;10;26;1.13;7.75;16.5;1.37;3;NA;NA;NA;NA;NA;NA;NA;NA;NA;NA;NA;NA;NA;NA;NA;NA;NA;NA;NA;NA;
g_1_4lBQlIeO;2;29.08. 18:30;Real Sociedad;Sporting de Gijon;150829;0;0;D;12;7;6;4;1.85;3.5;4.5;1.9;3.5;4.75;2.3;1.59;NA;NA;NA;NA;NA;NA;NA;NA;NA;NA;NA;NA;NA;NA;NA;NA;NA;NA;NA;NA;
g_1_GSvq7aBh;2;30.08. 22:30;Getafe;Granada;150830;1;2;A;16;9;6;6;2.05;3.2;4;2.05;3.25;3.6;2.51;1.5;NA;NA;NA;NA;NA;NA;NA;NA;NA;NA;NA;NA;NA;NA;NA;NA;NA;NA;NA;NA;
g_1_S2rm6JQb;2;30.08. 22:30;Las Palmas;Levante;150830;0;0;D;16;3;3;0;1.91;3.3;4.5;1.91;3.25;4.2;2.42;1.53;NA;NA;NA;NA;NA;NA;NA;NA;NA;NA;NA;NA;NA;NA;NA;NA;NA;NA;NA;NA;
g_1_MPLLkbtI;2;30.08. 20:30;Sevilla;Atl. Madrid;150830;0;3;A;25;17;11;1;2.8;3.2;2.63;2.75;3.3;2.7;2.2;1.65;NA;NA;NA;NA;NA;NA;NA;NA;NA;NA;NA;NA;NA;NA;NA;NA;NA;NA;NA;NA;
g_1_0Gte4ceB;2;30.08. 20:30;Valencia;Deportivo de La Coruna;150830;1;1;D;12;12;5;7;1.44;4.33;8;1.44;4;7.75;1.81;1.97;NA;NA;NA;NA;NA;NA;NA;NA;NA;NA;NA;NA;NA;NA;NA;NA;NA;NA;NA;NA;
g_1_Iiy03HAH;2;30.08. 18:30;Eibar;Athletic Club;150830;2;0;H;9;9;11;4;4;3.1;2.1;4;3.25;2.15;2.59;1.47;NA;NA;NA;NA;NA;NA;NA;NA;NA;NA;NA;NA;NA;NA;NA;NA;NA;NA;NA;NA;
g_1_SQQZdFmo;3;11.09. 20:30;Levante;Sevilla;150911;1;1;D;14;8;5;4;4.75;3.75;1.75;4.5;3.8;1.8;2.06;1.75;NA;NA;NA;NA;NA;NA;NA;NA;NA;NA;NA;NA;NA;NA;NA;NA;NA;NA;NA;NA;
g_1_xGAxHzuH;3;12.09. 22:00;Real Betis;Real Sociedad;150912;1;0;H;9;15;2;4;2.3;3.3;3.2;2.35;3.2;3;2.14;1.7;NA;NA;NA;NA;NA;NA;NA;NA;NA;NA;NA;NA;NA;NA;NA;NA;NA;NA;NA;NA;
g_1_tlHTIdA4;3;12.09. 20:30;Atl. Madrid;Barcelona;150912;1;2;A;11;13;1;10;3.3;3.2;2.3;3.3;3.3;2.3;2.13;1.7;NA;NA;NA;NA;NA;NA;NA;NA;NA;NA;NA;NA;NA;NA;NA;NA;NA;NA;NA;NA;
g_1_8M3MKIuh;3;12.09. 18:15;Sporting de Gijon;Valencia;150912;0;1;A;16;17;5;6;3.4;3.2;2.25;3.3;3.2;2.3;2.21;1.65;NA;NA;NA;NA;NA;NA;NA;NA;NA;NA;NA;NA;NA;NA;NA;NA;NA;NA;NA;NA;
g_1_WxAtGffN;3;12.09. 16:00;Espanyol;Real Madrid;150912;0;6;A;14;15;5;6;10;5;1.33;8.75;5.25;1.34;1.49;2.55;NA;NA;NA;NA;NA;NA;NA;NA;NA;NA;NA;NA;NA;NA;NA;NA;NA;NA;NA;NA;
g_1_2cIPJxeb;3;13.09. 20:30;Malaga;Eibar;150913;0;0;D;10;7;7;3;1.75;3.5;5.25;1.8;3.4;4.5;2.24;1.63;NA;NA;NA;NA;NA;NA;NA;NA;NA;NA;NA;NA;NA;NA;NA;NA;NA;NA;NA;NA;
g_1_OC6YHGPA;3;13.09. 18:15;Celta de Vigo;Las Palmas;150913;3;3;D;26;9;7;2;1.5;4.2;7;1.53;4;6;1.83;1.97;NA;NA;NA;NA;NA;NA;NA;NA;NA;NA;NA;NA;NA;NA;NA;NA;NA;NA;NA;NA;
g_1_j5Z71euU;3;13.09. 16:00;Athletic Club;Getafe;150913;3;1;H;14;11;12;5;1.57;3.75;7;1.57;3.7;6.25;2.11;1.71;NA;NA;NA;NA;NA;NA;NA;NA;NA;NA;NA;NA;NA;NA;NA;NA;NA;NA;NA;NA;
g_1_drz42yQN;3;13.09. 12:00;Granada;Villarreal;150913;1;3;A;13;8;8;6;3.5;3.1;2.25;3.4;3.2;2.3;2.34;1.58;NA;NA;NA;NA;NA;NA;NA;NA;NA;NA;NA;NA;NA;NA;NA;NA;NA;NA;NA;NA;
g_1_UV4ILbQo;3;14.09. 20:30;Rayo Vallecano;Deportivo de La Coruna;150914;1;3;A;8;14;5;4;2.1;3.5;3.5;2.1;3.4;3.3;1.88;1.91;NA;NA;NA;NA;NA;NA;NA;NA;NA;NA;NA;NA;NA;NA;NA;NA;NA;NA;NA;NA;
g_1_4UnlCogk;4;18.09. 20:30;Getafe;Malaga;150918;1;0;H;10;13;4;7;2.6;3.1;2.9;2.6;3.1;2.75;2.54;1.5;NA;NA;0.0;0.22;NA;NA;0.0;0.22;NA;NA;NA;NA;NA;NA;0.67;0.0;0.67;0.0;2.67;0.33;
g_1_jNjDAYHp;4;19.09. 22:00;Real Sociedad;Espanyol;150919;2;3;A;10;18;7;6;2;3.4;4;2;3.1;4.1;2.26;1.63;NA;NA;0.22;0.33;NA;NA;0.22;0.33;NA;NA;NA;NA;NA;NA;0.0;0.67;0.0;0.67;0.33;3.67;
g_1_fis3XePc;4;19.09. 20:30;Eibar;Atl. Madrid;150919;0;2;A;9;14;1;4;7;3.75;1.57;6.75;3.7;1.6;2.39;1.56;NA;NA;0.78;0.67;NA;NA;0.78;0.67;NA;NA;NA;NA;NA;NA;1.67;1.67;1.67;1.67;2.0;2.33;
g_1_rHwaYyAi;4;19.09. 18:15;Valencia;Real Betis;150919;0;0;D;22;3;7;1;1.5;4.33;6.5;1.5;4.4;6.75;1.72;2.1;NA;NA;0.56;0.44;NA;NA;0.56;0.44;NA;NA;NA;NA;NA;NA;0.67;0.67;0.67;0.67;1.0;2.67;
g_1_G6VBVZgA;4;19.09. 16:00;Real Madrid;Granada;150919;1;0;H;20;12;10;1;1.06;15;26;1.07;13;34;1.2;4.34;NA;NA;0.78;0.33;NA;NA;0.78;0.33;NA;NA;NA;NA;NA;NA;3.67;1.33;3.67;1.33;3.67;3.67;
g_1_xGW7WFv4;4;20.09. 20:30;Barcelona;Levante;150920;4;1;H;21;11;4;4;1.06;12;29;1.07;10.5;26;1.21;4.27;NA;NA;1.0;0.22;NA;NA;1.0;0.22;NA;NA;NA;NA;NA;NA;1.33;0.67;1.33;0.67;1.67;1.67;
g_1_M5cqDRwq;4;20.09. 20:30;Las Palmas;Rayo Vallecano;150920;0;1;A;8;17;3;5;1.91;3.5;4;1.9;3.5;3.9;1.8;2;NA;NA;0.22;0.11;NA;NA;0.22;0.11;NA;NA;NA;NA;NA;NA;1.0;0.33;1.0;0.33;2.33;2.33;
g_1_AT8pFE9T;4;20.09. 18:15;Villarreal;Athletic Club;150920;3;1;H;14;11;9;4;2;3.5;3.75;2;3.3;3.7;2.22;1.65;NA;NA;0.78;0.33;NA;NA;0.78;0.33;NA;NA;NA;NA;NA;NA;2.33;1.0;2.33;1.0;3.33;2.33;
g_1_UDkH9hXj;4;20.09. 16:00;Deportivo de La Coruna;Sporting de Gijon;150920;2;3;A;19;4;8;3;2.05;3.1;4.2;2.05;3.3;3.6;2.39;1.55;NA;NA;0.56;0.22;NA;NA;0.56;0.22;NA;NA;NA;NA;NA;NA;1.33;0.0;1.33;0.0;2.0;0.33;
g_1_ptzGUg9G;4;20.09. 12:00;Sevilla;Celta de Vigo;150920;1;2;A;13;15;5;5;1.8;3.75;4.33;1.83;3.7;4.5;1.69;2.14;NA;NA;0.22;0.78;NA;NA;0.22;0.78;NA;NA;NA;NA;NA;NA;0.33;2.67;0.33;2.67;1.67;4.0;
g_1_CfjdAPN1;5;22.09. 22:00;Granada;Real Sociedad;150922;0;3;A;11;8;4;3;2.4;3.1;3.2;2.45;3.1;2.95;2.45;1.53;NA;NA;0.25;0.17;NA;NA;0.33;0.11;NA;NA;NA;NA;NA;NA;1.0;0.5;1.0;0.5;3.0;1.5;
g_1_QJusGFBK;5;22.09. 20:00;Atl. Madrid;Getafe;150922;2;0;H;12;6;6;1;1.25;5.5;15;1.25;5.5;14.5;1.95;1.85;NA;NA;0.75;0.25;NA;NA;0.67;0.33;NA;NA;NA;NA;NA;NA;1.75;0.75;1.75;0.75;2.25;2.25;
g_1_vNqoFZQQ;5;22.09. 20:00;Espanyol;Valencia;150922;1;0;H;17;10;7;6;3.25;3.25;2.3;3.1;3.3;2.35;2.15;1.69;NA;NA;0.5;0.5;NA;NA;0.33;0.56;NA;NA;NA;NA;NA;NA;1.25;0.5;1.25;0.5;4.0;0.75;
g_1_jok09qw8;5;23.09. 22:00;Las Palmas;Sevilla;150923;2;0;H;12;17;5;5;3.3;3.4;2.2;3.4;3.3;2.2;1.88;1.92;NA;NA;0.17;0.17;NA;NA;0.22;0.11;NA;NA;NA;NA;NA;NA;0.75;0.5;0.75;0.5;2.0;2.0;
g_1_h6sZHys8;5;23.09. 22:00;Malaga;Villarreal;150923;0;1;A;15;9;8;5;2.63;3.3;2.75;2.65;3.2;2.65;2.27;1.62;NA;NA;0.17;0.83;NA;NA;0.11;1.0;NA;NA;NA;NA;NA;NA;0.0;2.5;0.0;2.5;0.5;3.5;
g_1_IXjhB58e;5;23.09. 21:00;Athletic Club;Real Madrid;150923;1;2;A;11;22;6;8;5.25;4.2;1.62;5.5;4.1;1.6;1.56;2.37;NA;NA;0.25;0.83;NA;NA;0.33;1.0;NA;NA;NA;NA;NA;NA;1.0;3.0;1.0;3.0;2.75;3.0;
g_1_OfLH9Dll;5;23.09. 20:00;Celta de Vigo;Barcelona;150923;4;1;H;18;18;5;10;6.5;4.5;1.5;6;4.2;1.55;1.48;2.6;NA;NA;0.83;1.0;NA;NA;0.78;1.0;NA;NA;NA;NA;NA;NA;2.5;2.0;2.5;2.0;3.75;2.5;
g_1_p4MDAgZs;5;23.09. 20:00;Levante;Eibar;150923;2;2;D;12;10;4;7;2.38;3.1;3.25;2.5;3;2.95;2.67;1.46;NA;NA;0.17;0.58;NA;NA;0.22;0.44;NA;NA;NA;NA;NA;NA;0.75;1.25;0.75;1.25;2.5;2.0;
g_1_hUPL8X3f;5;23.09. 20:00;Rayo Vallecano;Sporting de Gijon;150923;2;1;H;18;5;4;4;2.25;3.4;3.2;2.25;3.4;3;1.92;1.88;NA;NA;0.33;0.42;NA;NA;0.33;0.44;NA;NA;NA;NA;NA;NA;0.5;0.75;0.5;0.75;2.0;1.5;
g_1_WdtwHedE;5;24.09. 22:05;Real Betis;Deportivo de La Coruna;150924;1;2;A;9;8;3;4;2.25;3.3;3.3;2.25;3.1;3.25;2.16;1.68;NA;NA;0.42;0.42;NA;NA;0.44;0.44;NA;NA;NA;NA;NA;NA;0.5;1.5;0.5;1.5;2.0;2.75;
g_1_4OJJTYuK;6;25.09. 20:30;Valencia;Granada;150925;1;0;H;12;18;11;3;1.45;4.5;7.5;1.48;4.33;7;1.84;1.96;NA;NA;0.4;0.2;NA;NA;0.44;0.0;NA;NA;NA;NA;NA;NA;0.4;0.8;0.4;0.8;0.8;3.0;
g_1_MaEOSheQ;6;26.09. 22:05;Eibar;Celta de Vigo;150926;1;1;D;10;9;4;4;3.75;3.4;2.05;3.5;3.25;2.1;2.18;1.67;NA;NA;0.53;0.87;NA;NA;0.22;0.78;NA;NA;NA;NA;NA;NA;1.4;2.8;1.4;2.8;2.4;4.0;
g_1_IVafNWIm;6;26.09. 20:30;Sevilla;Rayo Vallecano;150926;3;2;H;17;18;6;5;1.44;4.75;7;1.5;4.33;6.5;1.53;2.46;NA;NA;0.13;0.47;NA;NA;0.11;0.67;NA;NA;NA;NA;NA;NA;0.4;0.8;0.4;0.8;2.0;2.2;
g_1_EqEU6BY6;6;26.09. 20:30;Villarreal;Atl. Madrid;150926;1;0;H;5;9;1;5;2.9;3.1;2.6;2.9;3.1;2.6;2.44;1.54;NA;NA;0.87;0.8;NA;NA;1.0;0.67;NA;NA;NA;NA;NA;NA;2.2;1.8;2.2;1.8;3.0;2.2;
g_1_WY3bMjYg;6;26.09. 18:15;Real Madrid;Malaga;150926;0;0;D;31;12;12;6;1.11;10;21;1.13;8.75;20;1.35;3.16;NA;NA;0.87;0.13;NA;NA;1.0;0.11;NA;NA;NA;NA;NA;NA;2.8;0.0;2.8;0.0;3.0;0.6;
g_1_WKOP7iJ0;6;26.09. 16:00;Barcelona;Las Palmas;150926;2;1;H;18;10;3;4;1.08;11;26;1.09;11.5;21;1.25;3.81;NA;NA;0.8;0.33;NA;NA;0.67;0.44;NA;NA;NA;NA;NA;NA;1.8;1.0;1.8;1.0;3.0;2.0;
g_1_O80jOC3s;6;27.09. 20:30;Real Sociedad;Athletic Club;150927;0;0;D;14;9;4;2;2.4;3.2;3;2.5;3.2;2.8;2.25;1.63;NA;NA;0.33;0.2;NA;NA;0.33;0.33;NA;NA;NA;NA;NA;NA;1.0;1.0;1.0;1.0;1.8;2.8;
g_1_Ecg3LAm0;6;27.09. 18:15;Getafe;Levante;150927;3;0;H;15;10;4;4;1.95;3.3;4.2;1.95;3.25;4;2.46;1.53;NA;NA;0.2;0.2;NA;NA;0.33;0.22;NA;NA;NA;NA;NA;NA;0.6;1.0;0.6;1.0;2.2;2.8;
g_1_QXKFUEQD;6;27.09. 16:00;Deportivo de La Coruna;Espanyol;150927;3;0;H;14;7;7;5;2.1;3.3;3.75;2.1;3.25;3.5;2.22;1.65;NA;NA;0.53;0.6;NA;NA;0.67;0.67;NA;NA;NA;NA;NA;NA;1.6;1.2;1.6;1.2;2.8;3.4;
g_1_CUWX5VmD;6;27.09. 12:00;Sporting de Gijon;Real Betis;150927;1;2;A;19;13;10;4;2.3;3.2;3.3;2.3;3.1;3.2;2.24;1.64;NA;NA;0.33;0.33;NA;NA;0.33;0.44;NA;NA;NA;NA;NA;NA;0.8;0.6;0.8;0.6;1.8;2.2;
g_1_tYCpYmX5;7;02.10. 20:30;Celta de Vigo;Getafe;151002;0;0;D;18;8;9;1;1.44;4.5;7.5;1.5;4.1;6.25;1.78;2.02;0.78;0.0;0.78;0.33;0.78;0.0;0.78;0.67;3.33;1.33;4.67;0.33;2.0;2.33;2.5;1.0;2.5;1.0;3.67;2.33;
g_1_hlh7KU26;7;03.10. 22:05;Malaga;Real Sociedad;151003;3;1;H;11;13;2;4;2.38;3.1;3.3;2.4;3.1;3;2.41;1.54;0.22;0.44;0.17;0.33;0.22;0.44;0.11;0.44;0.0;0.33;0.33;1.0;0.33;1.33;0.0;0.83;0.0;0.83;0.5;1.5;
g_1_ChLTyWXt;7;03.10. 22:00;Las Palmas;Eibar;151003;0;2;A;18;9;3;2;2.1;3.3;3.75;2.1;3;3.8;2.34;1.58;0.44;0.56;0.28;0.5;0.44;0.56;0.33;0.22;0.67;0.33;1.0;1.67;1.0;2.67;1.0;1.33;1.0;1.33;2.17;2.33;
g_1_nBDtZTHa;7;03.10. 20:30;Espanyol;Sporting de Gijon;151003;1;2;A;13;12;9;1;2;3.3;4;2;3.2;3.9;2.25;1.62;0.67;0.44;0.5;0.28;0.67;0.44;0.67;0.33;0.67;2.0;2.67;1.33;1.33;2.67;1.0;0.83;1.0;0.83;3.33;2.0;
g_1_0EiBJlIC;7;03.10. 18:15;Granada;Deportivo de La Coruna;151003;1;1;D;10;14;2;5;2.6;3.2;2.8;2.6;3;2.85;2.38;1.57;0.0;0.78;0.17;0.61;0.0;0.78;0.0;0.67;0.67;3.0;3.67;2.0;1.0;3.0;0.67;1.83;0.67;1.83;2.67;2.83;
g_1_8KExzA2g;7;03.10. 16:00;Sevilla;Barcelona;151003;2;1;H;12;28;7;9;4;3.6;1.91;4.2;3.5;1.9;1.63;2.25;0.33;0.67;0.28;0.83;0.33;0.67;0.33;0.67;1.33;2.33;3.67;1.33;1.67;3.0;0.83;1.83;0.83;1.83;2.5;3.0;
g_1_tAUcshAJ;7;04.10. 20:30;Atl. Madrid;Real Madrid;151004;1;1;D;18;9;5;1;3.2;3.3;2.3;3.1;3.1;2.45;2.04;1.76;0.67;0.78;0.67;0.78;0.67;0.78;0.67;0.78;1.33;0.67;2.0;2.67;0.33;3.0;1.5;2.33;1.5;2.33;2.0;2.5;
g_1_fDY1tCPP;7;04.10. 18:15;Levante;Villarreal;151004;1;0;H;15;3;8;2;4.33;3.4;1.91;4.4;3.5;1.85;2.22;1.64;0.22;0.78;0.17;0.89;0.22;0.78;0.11;1.0;1.33;1.67;3.0;1.67;0.67;2.33;0.83;2.0;0.83;2.0;2.83;2.67;
g_1_v5jFI8XI;7;04.10. 16:00;Athletic Club;Valencia;151004;3;1;H;16;9;11;4;2.3;3.3;3.2;2.3;3.4;3.2;2.22;1.65;0.33;0.44;0.22;0.5;0.33;0.44;0.11;0.44;1.33;1.33;2.67;0.33;0.33;0.67;0.83;0.5;0.83;0.5;2.33;0.83;
g_1_jqKXzjmm;7;04.10. 12:00;Rayo Vallecano;Real Betis;151004;0;2;A;23;9;8;3;2.2;3.5;3.2;2.1;3.4;3.3;1.66;2.19;0.44;0.44;0.39;0.44;0.44;0.44;0.67;0.44;1.0;1.33;2.33;0.67;2.0;2.67;1.0;0.83;1.0;0.83;2.67;2.33;
g_1_nBZBl9Hn;8;17.10. 22:05;Real Betis;Espanyol;151017;1;3;A;21;13;4;3;2;3.3;4;2.1;3.2;3.6;2.11;1.71;0.44;0.33;0.52;0.43;0.44;0.33;0.67;0.33;1.0;1.0;2.0;1.33;2.67;4.0;1.0;1.0;1.0;1.0;2.29;3.29;
g_1_zX5gWR1I;8;17.10. 22:00;Valencia;Malaga;151017;3;0;H;6;10;6;8;1.62;3.75;6;1.65;3.8;5.5;1.98;1.82;0.56;0.11;0.43;0.29;0.56;0.11;0.33;0.44;0.67;0.33;1.0;0.0;0.67;0.67;0.57;0.43;0.57;0.43;1.29;1.0;
g_1_2wbufVgP;8;17.10. 20:30;Barcelona;Rayo Vallecano;151017;5;2;H;14;22;7;10;1.14;9;15;1.17;8.25;13.5;1.25;3.83;1.0;0.33;0.71;0.33;1.0;0.33;0.33;0.33;2.33;0.67;3.0;1.0;2.0;3.0;1.71;0.86;1.71;0.86;3.0;2.57;
g_1_EN4cVoHO;8;17.10. 18:15;Eibar;Sevilla;151017;1;1;D;14;15;2;5;3.6;3.4;2.1;3.4;3.3;2.2;2.03;1.78;0.44;0.22;0.57;0.38;0.44;0.22;0.56;0.67;1.0;1.0;2.0;0.33;1.0;1.33;1.43;1.0;1.43;1.0;2.29;2.57;
g_1_0EwGmTWh;8;17.10. 16:00;Real Madrid;Levante;151017;3;0;H;20;15;4;4;1.08;12;23;1.1;10.5;23;1.28;3.6;0.78;0.11;0.71;0.29;0.78;0.11;0.56;0.44;2.0;0.0;2.0;0.33;2.33;2.67;2.14;0.86;2.14;0.86;2.43;2.57;
g_1_0l8KpRGB;8;18.10. 20:30;Deportivo de La Coruna;Athletic Club;151018;2;2;D;16;7;4;6;2.7;3.1;2.8;2.75;2.95;2.9;2.35;1.57;0.44;0.11;0.57;0.33;0.44;0.11;0.78;0.44;1.67;1.0;2.67;0.33;1.67;2.0;1.71;1.14;1.71;1.14;2.71;2.57;
g_1_h8GlX7nC;8;18.10. 18:15;Getafe;Las Palmas;151018;4;0;H;14;16;5;1;2.15;3.2;3.6;2.15;3.1;3.6;2.37;1.57;0.67;0.11;0.33;0.24;0.67;0.11;0.44;0.33;1.67;0.67;2.33;1.33;2.0;3.33;0.86;0.86;0.86;0.86;2.0;2.14;
g_1_fywKnmna;8;18.10. 16:00;Real Sociedad;Atl. Madrid;151018;0;2;A;11;7;5;2;4;3.2;2.05;3.7;3.25;2.1;2.59;1.48;0.22;0.67;0.29;0.62;0.22;0.67;0.44;0.44;0.67;1.0;1.67;1.67;0.33;2.0;0.86;1.43;0.86;1.43;1.86;2.0;
g_1_YRyOo715;8;18.10. 12:00;Villarreal;Celta de Vigo;151018;1;2;A;12;13;7;4;2;3.5;3.75;2.05;3.4;3.5;1.78;2.01;1.0;0.78;0.76;0.71;1.0;0.78;0.67;0.56;2.33;0.67;3.0;1.67;1.0;2.67;1.71;2.14;1.71;2.14;2.43;3.14;
g_1_4np7kk2t;8;19.10. 20:30;Sporting de Gijon;Granada;151019;3;3;D;16;14;6;1;2;3.2;4.2;2.05;3.2;3.7;2.37;1.57;0.11;0.33;0.38;0.19;0.11;0.33;0.33;0.11;0.33;1.0;1.33;0.67;1.0;1.67;1.0;0.71;1.0;0.71;2.14;2.57;
g_1_QZBrkt8c;9;23.10. 20:30;Rayo Vallecano;Espanyol;151023;3;0;H;13;9;6;5;2.2;3.4;3.2;2.25;3.5;3.2;1.92;1.89;0.33;0.5;0.29;0.5;0.33;0.67;0.0;0.33;0.75;1.5;2.25;1.75;2.25;4.0;1.0;1.25;1.0;1.25;3.12;3.38;
g_1_ML73pIMS;9;24.10. 22:05;Malaga;Deportivo de La Coruna;151024;2;0;H;9;10;3;5;2.25;3.25;3.4;2.35;3.1;3.1;2.22;1.64;0.42;0.67;0.25;0.54;0.44;0.78;0.44;0.56;0.75;0.5;1.25;1.75;1.0;2.75;0.38;1.75;0.38;1.75;1.25;2.88;
g_1_YaFjmKxA;9;24.10. 20:30;Sevilla;Getafe;151024;5;0;H;22;6;7;3;1.44;4.33;8;1.48;4.33;7;1.72;2.11;0.5;0.08;0.38;0.42;0.67;0.11;0.78;0.78;1.5;2.0;3.5;0.25;1.5;1.75;1.0;1.25;1.0;1.25;2.5;2.25;
g_1_WzViSI0p;9;24.10. 18:15;Granada;Real Betis;151024;1;1;D;17;7;3;3;2.3;3.25;3.25;2.35;3.25;3;2.14;1.69;0.08;0.58;0.21;0.46;0.11;0.78;0.22;0.67;0.75;2.5;3.25;1.0;1.5;2.5;1.0;1.0;1.0;1.0;3.0;2.5;
g_1_f9Gnl0N3;9;24.10. 16:00;Celta de Vigo;Real Madrid;151024;1;3;A;17;14;5;7;3.8;3.8;1.91;3.9;3.9;1.95;1.53;2.46;0.67;0.67;0.75;0.75;0.56;0.78;0.56;0.56;2.5;1.0;3.5;2.25;0.5;2.75;2.12;2.25;2.12;2.25;3.12;2.5;
g_1_pvZeRxGj;9;25.10. 20:30;Atl. Madrid;Valencia;151025;2;1;H;16;6;9;2;1.57;3.8;6.5;1.57;4;6.5;2.2;1.66;0.58;0.33;0.67;0.5;0.44;0.33;0.44;0.67;1.25;0.75;2.0;0.5;1.0;1.5;1.5;0.88;1.5;0.88;2.0;1.5;
g_1_vu7OqoWH;9;25.10. 18:15;Barcelona;Eibar;151025;3;1;H;14;7;6;2;1.11;10;19;1.11;9.5;21;1.3;3.48;1.0;0.67;0.75;0.54;1.0;0.56;0.67;0.56;3.0;1.0;4.0;1.75;0.75;2.5;2.12;1.38;2.12;1.38;3.5;2.25;
g_1_GO4envhG;9;25.10. 16:00;Las Palmas;Villarreal;151025;0;0;D;6;5;6;6;3.5;3.25;2.2;3.25;3.25;2.2;2.18;1.67;0.33;0.58;0.21;0.67;0.33;0.67;0.0;0.33;0.5;0.75;1.25;1.25;0.75;2.0;0.75;1.62;0.75;1.62;2.38;2.5;
g_1_nqDvjMhi;9;25.10. 12:00;Levante;Real Sociedad;151025;0;4;A;13;13;10;3;2.63;3.2;2.8;2.7;3;2.75;2.55;1.49;0.42;0.33;0.25;0.25;0.56;0.33;0.33;0.11;1.25;1.25;2.5;1.0;1.0;2.0;0.75;0.75;0.75;0.75;2.62;1.88;
g_1_Sb8aob7M;9;26.10. 20:30;Athletic Club;Sporting de Gijon;151026;3;0;H;20;6;9;3;1.53;4;7;1.55;4;6.5;1.99;1.8;0.5;0.58;0.33;0.38;0.67;0.67;0.56;0.44;1.75;1.25;3.0;1.5;1.25;2.75;1.25;1.25;1.25;1.25;2.75;2.62;
g_1_YayM2axc;10;30.10. 20:30;Deportivo de La Coruna;Atl. Madrid;151030;1;1;D;7;12;1;5;5.5;3.4;1.7;5.75;3.6;1.7;2.36;1.58;0.42;0.75;0.48;0.7;0.44;0.67;0.22;0.78;1.75;1.25;3.0;1.75;0.25;2.0;1.56;1.56;1.56;1.56;2.78;2.11;
g_1_URUU0w79;10;31.10. 22:05;Real Sociedad;Celta de Vigo;151031;2;3;A;20;16;8;7;2.7;3.2;2.75;2.7;3.2;2.75;1.98;1.82;0.17;0.83;0.33;0.67;0.11;0.78;0.33;0.44;0.5;1.25;1.75;1.75;1.0;2.75;1.11;2.0;1.11;2.0;2.11;3.22;
g_1_8ITYacMF;10;31.10. 20:30;Getafe;Barcelona;151031;0;2;A;6;14;3;5;10;5.75;1.29;8.75;5.5;1.3;1.5;2.54;0.75;0.5;0.37;0.78;1.0;0.33;0.44;0.67;2.25;0.5;2.75;1.25;1.75;3.0;1.11;2.22;1.11;2.22;2.56;3.56;
g_1_fZRtbyiS;10;31.10. 18:15;Valencia;Levante;151031;3;0;H;13;10;5;5;1.44;4.5;7.5;1.45;4.1;7.5;1.94;1.85;0.67;0.08;0.44;0.22;0.78;0.0;0.33;0.33;1.25;0.25;1.5;0.25;2.5;2.75;0.89;0.67;0.89;0.67;1.67;2.78;
g_1_OUgVuxVq;10;31.10. 18:15;Villarreal;Sevilla;151031;2;1;H;11;6;7;5;2.25;3.4;3.25;2.25;3.4;3.25;1.87;1.92;0.75;0.25;0.63;0.44;0.67;0.22;0.11;0.78;2.0;1.0;3.0;0.5;1.0;1.5;1.44;1.44;1.44;1.44;2.22;2.78;
g_1_GrTxaHyM;10;31.10. 16:00;Real Madrid;Las Palmas;151031;3;1;H;17;8;6;3;1.09;11;23;1.1;9.25;18;1.25;3.84;0.83;0.08;0.78;0.22;0.78;0.11;0.78;0.11;2.25;0.0;2.25;1.0;2.5;3.5;2.33;0.67;2.33;0.67;2.67;2.11;
g_1_t6lzudpj;10;01.11. 20:30;Real Betis;Athletic Club;151101;1;3;A;11;23;7;9;3.25;3.25;2.3;3.2;3;2.35;2.09;1.72;0.33;0.17;0.44;0.41;0.33;0.22;0.44;0.78;1.0;1.5;2.5;0.75;1.75;2.5;1.0;1.44;1.0;1.44;2.44;2.78;
g_1_0G49geaq;10;01.11. 18:15;Sporting de Gijon;Malaga;151101;1;0;H;8;13;7;5;2.38;3.2;3.2;2.4;3;3.1;2.18;1.66;0.17;0.08;0.33;0.33;0.11;0.11;0.44;0.67;1.0;1.5;2.5;0.0;1.25;1.25;1.11;0.56;1.11;0.56;2.67;1.33;
g_1_n3uQ1Ji3;10;01.11. 16:00;Espanyol;Granada;151101;1;1;D;10;9;5;6;2;3.3;4;2;3.3;3.8;2.18;1.67;0.5;0.33;0.44;0.22;0.33;0.11;0.33;0.33;0.75;2.0;2.75;1.25;1.5;2.75;1.11;1.0;1.11;1.0;3.33;2.89;
g_1_KdmvvGad;10;01.11. 12:00;Eibar;Rayo Vallecano;151101;1;0;H;12;6;2;6;2.2;3.4;3.3;2.2;3.3;3.2;1.98;1.82;0.42;0.25;0.48;0.37;0.22;0.33;0.44;0.33;1.0;1.0;2.0;1.25;2.75;4.0;1.33;1.22;1.33;1.22;2.44;3.11;
g_1_vLrn7ETr;11;06.11. 20:30;Las Palmas;Real Sociedad;151106;2;0;H;8;11;0;8;2.75;3.1;2.75;2.7;3.2;2.75;2.32;1.6;0.33;0.47;0.2;0.3;0.44;0.67;0.11;0.33;0.4;0.6;1.0;1.6;0.8;2.4;0.7;1.2;0.7;1.2;2.3;2.4;
g_1_8fmj6Yrk;11;07.11. 22:05;Malaga;Real Betis;151107;0;1;A;12;7;6;3;1.95;3.5;4;1.95;3.3;3.9;2.08;1.74;0.53;0.53;0.3;0.4;0.67;0.78;0.33;0.11;1.0;0.4;1.4;1.0;1.4;2.4;0.5;1.0;0.5;1.0;1.3;2.6;
g_1_fm7FCz6L;11;07.11. 20:30;Eibar;Getafe;151107;3;1;H;16;10;5;7;2.1;3.25;3.75;2.1;3;3.8;2.54;1.5;0.53;0.07;0.53;0.33;0.56;0.11;0.44;0.33;1.0;0.8;1.8;0.2;2.2;2.4;1.3;1.0;1.3;1.0;2.3;2.5;
g_1_2uk8Edy9;11;07.11. 20:30;Rayo Vallecano;Granada;151107;2;1;H;7;8;4;1;1.95;3.5;4;1.91;3.4;4;1.9;1.89;0.47;0.33;0.33;0.23;0.67;0.22;0.33;0.33;1.2;1.2;2.4;1.2;1.4;2.6;1.1;1.0;1.1;1.0;2.9;2.8;
g_1_Olj4FxM2;11;07.11. 18:15;Levante;Deportivo de La Coruna;151107;1;1;D;15;9;9;5;2.6;3.1;2.9;2.6;3.1;2.75;2.41;1.55;0.33;0.53;0.2;0.47;0.44;0.44;0.0;0.22;1.0;1.8;2.8;1.4;1.2;2.6;0.6;1.5;0.6;1.5;2.8;2.7;
g_1_nX6Ljgq2;11;07.11. 16:00;Celta de Vigo;Valencia;151107;1;5;A;17;9;15;5;1.85;3.75;4.2;1.85;3.6;4;1.74;2.08;0.53;0.27;0.7;0.5;0.44;0.0;0.67;0.67;2.2;1.4;3.6;0.6;1.2;1.8;2.1;1.1;2.1;1.1;3.4;1.8;
g_1_EJ8DhFEk;11;08.11. 20:30;Sevilla;Real Madrid;151108;3;2;H;14;28;4;6;3.6;4;1.91;3.9;3.8;1.91;1.46;2.66;0.6;0.73;0.4;0.8;1.0;0.78;0.44;1.0;2.2;1.6;3.8;2.4;0.6;3.0;1.4;2.4;1.4;2.4;2.8;2.8;
g_1_xCdKBfLR;11;08.11. 18:15;Atl. Madrid;Sporting de Gijon;151108;1;0;H;15;9;5;1;1.2;6.5;17;1.22;5.5;14;1.8;1.99;0.67;0.47;0.67;0.4;0.78;0.33;0.78;0.44;1.4;0.8;2.2;1.2;1.6;2.8;1.5;1.1;1.5;1.1;2.1;2.5;
g_1_d2lCDGjF;11;08.11. 16:00;Barcelona;Villarreal;151108;3;0;H;20;5;7;2;1.3;5.5;10;1.33;5.25;9;1.53;2.46;1.0;0.53;0.8;0.67;1.0;0.44;1.0;0.44;3.0;1.0;4.0;1.0;0.6;1.6;2.2;1.5;2.2;1.5;3.4;2.3;
g_1_8t8HiZTe;11;08.11. 12:00;Athletic Club;Espanyol;151108;2;1;H;8;5;4;5;1.44;4.5;7.5;1.45;4.25;7.25;1.81;1.99;0.6;0.4;0.47;0.43;0.67;0.33;0.78;0.44;2.0;1.0;3.0;1.4;2.4;3.8;1.6;1.1;1.6;1.1;2.9;3.2;
g_1_f9rjPDkR;12;21.11. 22:05;Deportivo de La Coruna;Celta de Vigo;151121;2;0;H;5;6;2;10;3.3;3.4;2.2;3.1;3.3;2.25;1.83;1.96;0.4;0.87;0.45;0.64;0.56;0.78;0.22;0.33;1.6;1.2;2.8;2.0;1.2;3.2;1.45;2.0;1.45;2.0;2.64;3.64;
g_1_GIqnQgzL;12;21.11. 22:00;Valencia;Las Palmas;151121;1;1;D;9;18;1;8;1.44;4.2;7.5;1.5;4.25;6.75;1.85;1.95;0.73;0.07;0.55;0.27;1.0;0.0;0.67;0.44;1.6;0.2;1.8;1.0;2.6;3.6;1.45;0.82;1.45;0.82;2.18;2.27;
g_1_z7SlRZKE;12;21.11. 20:30;Espanyol;Malaga;151121;2;0;H;7;14;3;8;2.4;3.2;3.1;2.4;3.1;3;2.31;1.6;0.47;0.07;0.39;0.27;0.44;0.11;0.11;0.33;0.8;1.8;2.6;0.0;1.2;1.2;1.09;0.45;1.09;0.45;3.18;1.27;
g_1_ClVHKXcr;12;21.11. 18:15;Real Madrid;Barcelona;151121;0;4;A;13;18;10;4;2.5;3.75;2.8;2.5;3.4;2.8;1.49;2.58;0.87;0.6;0.73;0.82;0.78;0.33;0.67;1.0;2.4;0.2;2.6;1.4;1.4;2.8;2.36;2.27;2.36;2.27;3.0;3.36;
g_1_dGTpSF58;12;21.11. 16:00;Real Sociedad;Sevilla;151121;2;0;H;14;12;7;5;2.63;3.3;2.7;2.7;3.3;2.7;1.78;2.02;0.13;0.2;0.27;0.45;0.11;0.11;0.33;0.67;0.8;1.6;2.4;0.6;1.2;1.8;1.09;1.55;1.09;1.55;2.36;3.0;
g_1_nonf5hbe;12;22.11. 20:30;Real Betis;Atl. Madrid;151122;0;1;A;6;11;2;6;5.5;3.8;1.67;5.25;3.8;1.67;2.11;1.71;0.27;0.67;0.45;0.7;0.0;0.44;0.44;0.78;1.0;1.8;2.8;1.6;0.4;2.0;1.0;1.45;1.0;1.45;2.45;2.0;
g_1_QiZLJiDl;12;22.11. 18:15;Granada;Athletic Club;151122;2;0;H;8;11;2;7;3.75;3.3;2.1;3.5;3.25;2.1;2.16;1.69;0.13;0.33;0.21;0.52;0.22;0.56;0.22;1.0;0.8;2.2;3.0;1.2;1.6;2.8;1.0;1.64;1.0;1.64;2.82;2.91;
g_1_U9ya4CD1;12;22.11. 16:00;Villarreal;Eibar;151122;1;1;D;12;17;12;6;1.53;4;7;1.53;3.7;7;2.1;1.72;0.8;0.53;0.61;0.58;0.67;0.44;0.44;0.67;2.0;1.0;3.0;1.6;1.2;2.8;1.36;1.45;1.36;1.45;2.36;2.45;
g_1_8GOQIBSf;12;22.11. 12:00;Sporting de Gijon;Levante;151122;0;3;A;13;13;5;3;2.2;3.2;3.5;2.2;3.2;3.3;2.31;1.61;0.33;0.07;0.36;0.21;0.44;0.0;0.33;0.11;1.0;1.2;2.2;0.2;2.6;2.8;1.0;0.64;1.0;0.64;2.36;2.73;
g_1_rDu33WS7;12;23.11. 20:30;Getafe;Rayo Vallecano;151123;1;1;D;15;8;5;7;2.4;3.3;3;2.4;3.25;2.9;1.97;1.82;0.6;0.2;0.3;0.39;0.67;0.0;0.0;0.67;1.8;0.8;2.6;1.0;2.4;3.4;1.0;1.18;1.0;1.18;2.64;2.91;
g_1_dzQ1KO3a;13;27.11. 20:30;Levante;Real Betis;151127;0;1;A;14;11;7;4;2.05;3.4;3.75;2.15;3.2;3.4;2.16;1.69;0.33;0.61;0.28;0.42;0.44;0.78;0.44;0.33;1.0;1.67;2.67;1.0;1.17;2.17;0.83;0.92;0.83;0.92;2.75;2.33;
g_1_dx5LvgkE;13;28.11. 22:05;Celta de Vigo;Sporting de Gijon;151128;2;1;H;6;9;3;5;1.4;5;7.5;1.4;4.75;7;1.55;2.41;0.44;0.39;0.58;0.33;0.11;0.33;0.33;0.33;2.0;2.0;4.0;1.0;1.5;2.5;1.83;0.92;1.83;0.92;3.5;2.42;
g_1_zRO5JrJ5;13;28.11. 22:00;Las Palmas;Deportivo de La Coruna;151128;0;2;A;8;10;6;4;2.3;3.3;3.2;2.35;3.1;3.1;2.26;1.63;0.44;0.5;0.28;0.5;0.44;0.22;0.44;0.56;0.67;0.5;1.17;1.33;1.17;2.5;0.83;1.5;0.83;1.5;2.25;2.58;
g_1_08WhMpZn;13;28.11. 20:30;Malaga;Granada;151128;2;2;D;12;11;7;4;1.83;3.4;4.75;1.85;3.4;4.25;2.29;1.61;0.44;0.28;0.25;0.28;0.67;0.22;0.0;0.44;0.83;0.5;1.33;1.17;1.5;2.67;0.42;1.08;0.42;1.08;1.33;2.75;
g_1_fXQxG9CD;13;28.11. 18:15;Atl. Madrid;Espanyol;151128;1;0;H;21;5;6;2;1.22;6;15;1.25;5.75;13;1.84;1.96;0.72;0.33;0.72;0.44;0.78;0.33;0.78;0.44;1.33;0.67;2.0;1.33;2.33;3.67;1.42;1.17;1.42;1.17;1.92;3.08;
g_1_UmO9I2YB;13;28.11. 16:00;Barcelona;Real Sociedad;151128;4;0;H;11;10;6;4;1.07;13;23;1.08;11.5;29;1.23;4.01;1.0;0.39;0.83;0.33;1.0;0.33;1.0;0.33;3.0;0.83;3.83;1.33;1.0;2.33;2.42;1.17;2.42;1.17;3.42;2.33;
g_1_n7NUHVs1;13;29.11. 20:30;Sevilla;Valencia;151129;1;0;H;15;0;17;0;1.75;4;4.33;1.8;3.8;4.33;1.61;2.29;0.67;0.39;0.42;0.53;1.0;0.33;0.33;0.78;2.33;1.67;4.0;1.33;1.17;2.5;1.42;1.42;1.42;1.42;2.92;2.17;
g_1_vaVdL4lg;13;29.11. 18:15;Rayo Vallecano;Athletic Club;151129;0;3;A;15;10;6;2;3.1;3.4;2.3;2.9;3.4;2.3;1.84;1.95;0.56;0.28;0.39;0.47;0.67;0.44;0.44;0.67;1.33;1.17;2.5;1.0;1.67;2.67;1.17;1.5;1.17;1.5;2.83;2.83;
g_1_6oXlNQJt;13;29.11. 16:00;Eibar;Real Madrid;151129;0;2;A;8;17;6;5;7.5;5;1.4;7.25;4.6;1.45;1.49;2.57;0.61;0.61;0.56;0.67;0.78;0.44;0.78;0.33;1.33;0.83;2.17;2.33;1.0;3.33;1.42;2.17;1.42;2.17;2.42;3.08;
g_1_GtSYGkc7;13;29.11. 12:00;Getafe;Villarreal;151129;2;0;H;11;7;6;6;3;3.3;2.4;2.85;3.3;2.4;2.3;1.6;0.56;0.44;0.31;0.58;0.44;0.11;0.11;0.44;1.67;0.83;2.5;0.83;1.0;1.83;1.0;1.33;1.0;1.33;2.58;2.33;
g_1_riSDHMmI;14;05.12. 22:05;Real Betis;Celta de Vigo;151205;1;1;D;27;5;8;0;3.3;3.5;2.15;3.2;3.3;2.2;1.71;2.12;0.22;0.72;0.46;0.62;0.0;0.67;0.67;0.33;0.83;1.67;2.5;1.67;1.33;3.0;0.92;1.85;0.92;1.85;2.23;3.46;
g_1_GbavYsYb;14;05.12. 22:00;Deportivo de La Coruna;Sevilla;151205;1;1;D;8;8;6;2;3;3.3;2.4;3;3.4;2.4;1.76;2.04;0.5;0.17;0.54;0.46;0.56;0.11;0.78;0.67;1.67;1.0;2.67;0.5;1.33;1.83;1.54;1.38;1.54;1.38;2.54;2.77;
g_1_2eezZNIh;14;05.12. 20:30;Valencia;Barcelona;151205;1;1;D;10;16;0;6;9;6;1.3;10;5.5;1.3;1.4;2.88;0.67;0.67;0.49;0.85;0.78;0.67;0.44;1.0;1.5;0.33;1.83;1.83;1.17;3.0;1.31;2.54;1.31;2.54;2.08;3.46;
g_1_6mhiVuIH;14;05.12. 18:15;Granada;Atl. Madrid;151205;0;2;A;18;11;6;8;7;3.75;1.57;6.75;3.9;1.57;2.42;1.54;0.28;0.72;0.28;0.74;0.56;0.78;0.44;1.0;1.0;1.83;2.83;1.5;0.33;1.83;1.15;1.38;1.15;1.38;2.85;1.85;
g_1_lCcnWL2B;14;05.12. 16:00;Real Madrid;Getafe;151205;4;1;H;16;7;3;4;1.1;11;21;1.11;10;19;1.26;3.69;0.72;0.06;0.69;0.36;0.67;0.11;0.33;0.44;2.0;0.83;2.83;0.33;2.33;2.67;2.15;1.08;2.15;1.08;3.0;2.54;
g_1_46GMF0IU;14;06.12. 20:30;Athletic Club;Malaga;151206;0;0;D;11;7;6;1;1.45;4.33;7.5;1.5;4.1;6.5;1.84;1.93;0.67;0.06;0.51;0.26;1.0;0.0;0.67;0.11;2.0;1.0;3.0;0.0;1.33;1.33;1.62;0.54;1.62;0.54;2.85;1.54;
g_1_QFHIGt3O;14;06.12. 18:15;Sporting de Gijon;Las Palmas;151206;3;1;H;21;12;8;4;2.3;3.3;3.25;2.3;3.2;3.1;2.16;1.68;0.28;0.11;0.31;0.26;0.44;0.11;0.0;0.44;0.83;1.5;2.33;1.0;2.33;3.33;0.92;0.77;0.92;0.77;2.46;2.23;
g_1_ALbrX1m5;14;06.12. 16:00;Villarreal;Rayo Vallecano;151206;2;1;H;14;8;5;4;1.57;3.8;6.5;1.57;3.7;6;1.77;2.03;0.72;0.22;0.54;0.36;0.44;0.11;0.11;0.44;1.83;1.0;2.83;1.0;2.17;3.17;1.23;1.08;1.23;1.08;2.31;2.85;
g_1_tt7Rzplt;14;06.12. 12:00;Real Sociedad;Eibar;151206;2;1;H;10;5;4;3;1.85;3.5;4.5;1.9;3.2;4.33;2.18;1.66;0.28;0.5;0.31;0.51;0.33;0.44;0.33;0.44;1.0;1.33;2.33;1.5;1.17;2.67;1.08;1.31;1.08;1.31;2.46;2.38;
g_1_KW5VZ33n;14;07.12. 20:30;Espanyol;Levante;151207;1;1;D;9;12;2;6;2;3.5;3.8;2;3.25;3.75;2.31;1.6;0.56;0.22;0.41;0.26;0.44;0.33;0.33;0.44;1.0;1.5;2.5;0.67;2.17;2.83;1.08;0.77;1.08;0.77;2.92;2.62;
g_1_v1jaTJnU;14;11.12. 20:30;Getafe;Real Sociedad;151211;1;1;D;9;10;5;5;2.88;3.2;2.6;2.8;3.1;2.7;2.28;1.62;0.62;0.33;0.33;0.36;0.44;0.33;0.44;0.67;1.71;0.71;2.43;1.14;1.43;2.57;1.07;1.14;1.07;1.14;2.71;2.5;
g_1_fX2WRRSM;15;12.12. 22:05;Las Palmas;Real Betis;151212;1;0;H;16;8;2;2;2.15;3.3;3.5;2.15;3.3;3.3;2.05;1.75;0.38;0.67;0.24;0.45;0.44;0.78;0.11;0.44;0.57;0.71;1.29;1.0;1.0;2.0;0.79;0.93;0.79;0.93;2.36;2.21;
g_1_QiBFV9Tc;15;12.12. 20:30;Sevilla;Sporting de Gijon;151212;2;0;H;18;4;3;1;1.36;5;8.5;1.36;5;8.75;1.5;2.54;0.71;0.33;0.45;0.36;1.0;0.0;0.44;0.33;2.14;1.43;3.57;1.0;1.57;2.57;1.36;1.07;1.36;1.07;2.71;2.57;
g_1_IR77XVbo;15;12.12. 18:15;Celta de Vigo;Espanyol;151212;1;0;H;16;6;4;9;1.53;4.33;6;1.55;4;5.75;1.71;2.12;0.52;0.29;0.6;0.4;0.33;0.0;0.44;0.44;2.0;1.86;3.86;1.14;2.14;3.29;1.79;1.07;1.79;1.07;3.36;2.86;
g_1_dI6BWkEi;15;12.12. 18:15;Levante;Granada;151212;1;2;A;7;8;2;1;2.1;3.1;4;2.1;3.1;3.7;2.42;1.53;0.29;0.29;0.26;0.26;0.11;0.22;0.44;0.44;0.86;1.57;2.43;1.29;1.57;2.86;0.79;1.07;0.79;1.07;2.57;2.79;
g_1_pvieUaXN;15;12.12. 16:00;Barcelona;Deportivo de La Coruna;151212;2;2;D;17;13;6;2;1.07;13;26;1.08;12;26;1.24;3.93;1.0;0.57;0.81;0.52;1.0;0.44;0.78;0.78;3.14;0.71;3.86;1.43;1.0;2.43;2.43;1.5;2.43;1.5;3.36;2.5;
g_1_n7aOTmbA;15;13.12. 20:30;Villarreal;Real Madrid;151213;1;0;H;7;20;3;9;5;4.2;1.65;4.4;4.25;1.7;1.5;2.54;0.76;0.67;0.57;0.71;0.78;0.67;0.44;0.67;1.86;1.0;2.86;2.29;0.86;3.14;1.29;2.29;1.29;2.29;2.36;3.14;
g_1_EgsROweo;15;13.12. 18:15;Atl. Madrid;Athletic Club;151213;2;1;H;8;10;3;6;1.57;3.75;7;1.62;3.7;6.25;2.22;1.64;0.76;0.38;0.76;0.5;1.0;0.67;1.0;0.44;1.29;0.57;1.86;1.29;1.43;2.71;1.43;1.5;1.43;1.5;1.86;2.64;
g_1_4rAJUTr4;15;13.12. 16:00;Eibar;Valencia;151213;1;1;D;14;6;9;2;2.45;3.2;3;2.55;3.1;3;2.17;1.67;0.52;0.33;0.48;0.48;0.67;0.33;0.11;0.22;1.14;1.0;2.14;1.14;1.14;2.29;1.29;1.29;1.29;1.29;2.43;2.07;
g_1_0A3SS7DG;15;13.12. 12:00;Rayo Vallecano;Malaga;151213;1;2;A;13;15;6;7;2.3;3.25;3.25;2.3;3.25;3.1;2.07;1.73;0.48;0.1;0.33;0.26;0.67;0.11;0.11;0.22;1.14;1.43;2.57;0.0;1.14;1.14;1.07;0.5;1.07;0.5;2.86;1.43;
g_1_Gr5aLP5j;16;19.12. 22:05;Deportivo de La Coruna;Eibar;151219;2;0;H;13;13;9;8;2;3.3;4;2;3.3;3.7;2.34;1.58;0.48;0.43;0.51;0.47;0.56;0.11;0.56;0.11;1.57;1.0;2.57;1.43;1.29;2.71;1.53;1.27;1.53;1.27;2.6;2.4;
g_1_QDnjrmD3;16;19.12. 20:30;Real Betis;Sevilla;151219;0;0;D;12;8;8;8;3.75;3.5;2;3.75;3.6;2;1.66;2.21;0.24;0.19;0.42;0.49;0.11;0.11;0.44;0.78;0.86;1.57;2.43;0.57;1.29;1.86;0.87;1.4;0.87;1.4;2.13;2.67;
g_1_fgv7v5CS;16;19.12. 18:15;Espanyol;Las Palmas;151219;1;0;H;12;9;7;5;2.05;3.4;3.75;2.05;3.4;3.5;2.19;1.66;0.52;0.1;0.38;0.29;0.56;0.11;0.11;0.33;1.0;1.43;2.43;1.0;2.43;3.43;1.0;0.8;1.0;0.8;2.73;2.27;
g_1_xh6eM5jp;16;19.12. 16:00;Valencia;Getafe;151219;2;2;D;12;9;5;1;1.67;3.75;5.5;1.67;3.8;5.5;2;1.79;0.62;0.05;0.47;0.33;0.56;0.0;0.22;0.44;1.43;0.43;1.86;0.43;2.57;3.0;1.27;1.07;1.27;1.07;2.07;2.67;
g_1_CUl2uocM;16;20.12. 20:30;Malaga;Atl. Madrid;151220;1;0;H;17;6;4;1;5.25;3.5;1.75;5;3.5;1.8;2.5;1.51;0.43;0.76;0.31;0.78;0.44;0.78;0.56;1.0;1.0;0.71;1.71;1.57;0.29;1.86;0.6;1.47;0.6;1.47;1.53;1.93;
g_1_YwjbtRsG;16;20.12. 18:15;Athletic Club;Levante;151220;2;0;H;18;6;10;3;1.4;4.5;9;1.4;4.5;7.5;1.95;1.84;0.62;0.24;0.47;0.24;0.78;0.44;0.44;0.11;1.71;0.86;2.57;0.71;2.0;2.71;1.47;0.8;1.47;0.8;2.67;2.6;
g_1_rkcoqTcc;16;20.12. 18:15;Granada;Celta de Vigo;151220;0;2;A;11;10;9;3;3.2;3.3;2.3;3;3.3;2.3;2.04;1.76;0.24;0.67;0.31;0.62;0.44;0.44;0.44;0.78;0.86;1.86;2.71;1.57;1.29;2.86;1.13;1.73;1.13;1.73;2.8;3.2;
g_1_44ofs7S9;16;20.12. 18:15;Real Sociedad;Villarreal;151220;0;2;A;16;7;9;1;2.4;3.2;3.1;2.45;3.1;2.95;2.23;1.64;0.38;0.38;0.36;0.6;0.67;0.11;0.44;0.67;1.14;1.29;2.43;0.71;1.14;1.86;1.13;1.27;1.13;1.27;2.47;2.27;
g_1_Uogsp9ri;16;20.12. 16:00;Real Madrid;Rayo Vallecano;151220;10;2;H;30;9;10;4;1.1;11;21;1.1;12;21;1.16;5.07;0.76;0.19;0.67;0.31;0.67;0.11;0.67;0.0;2.29;0.86;3.14;1.0;2.14;3.14;2.13;1.07;2.13;1.07;3.0;2.87;
g_1_WWt9yxdl;17;30.12. 21:00;Las Palmas;Granada;151230;4;1;H;7;11;4;4;2;3.3;3.75;2.1;3.3;3.4;2.32;1.59;0.46;0.38;0.27;0.29;0.67;0.44;0.33;0.33;0.62;0.62;1.25;1.38;1.5;2.88;0.75;1.06;0.75;1.06;2.19;2.75;
g_1_lArtY2kd;17;30.12. 20:30;Barcelona;Real Betis;151230;4;0;H;16;11;2;3;1.06;13;26;1.06;11;26;1.2;4.4;0.92;0.58;0.78;0.42;0.78;0.67;0.56;0.22;3.0;0.88;3.88;0.88;1.0;1.88;2.4;0.81;2.4;0.81;3.4;2.0;
g_1_AJqxZrzj;17;30.12. 20:30;Celta de Vigo;Athletic Club;151230;0;1;A;7;13;3;3;2.38;3.3;2.9;2.5;3.2;2.8;1.95;1.84;0.58;0.33;0.65;0.5;0.67;0.33;0.78;0.44;1.88;1.62;3.5;1.25;1.5;2.75;1.75;1.5;1.75;1.5;3.12;2.62;
g_1_GdpYZOKq;17;30.12. 20:30;Getafe;Deportivo de La Coruna;151230;0;0;D;15;10;9;2;2.5;3.2;2.88;2.55;3.2;2.75;2.41;1.55;0.58;0.54;0.33;0.54;0.56;0.56;0.22;0.56;1.62;0.75;2.38;1.5;1.12;2.62;1.12;1.56;1.12;1.56;2.75;2.56;
g_1_QRROdnSd;17;30.12. 18:30;Eibar;Sporting de Gijon;151230;2;0;H;16;6;5;7;1.85;3.5;4.2;1.85;3.3;4.33;2.25;1.63;0.5;0.29;0.44;0.33;0.44;0.0;0.11;0.33;1.12;1.0;2.12;0.88;1.62;2.5;1.19;1.0;1.19;1.0;2.38;2.53;
g_1_htr5xItr;17;30.12. 18:15;Rayo Vallecano;Atl. Madrid;151230;0;2;A;10;17;3;8;6.5;3.8;1.53;6.5;4;1.55;2.03;1.76;0.42;0.67;0.29;0.73;0.33;0.67;0.0;0.67;1.12;1.5;2.62;1.38;0.38;1.75;1.12;1.38;1.12;1.38;3.44;1.88;
g_1_CrUzfpCF;17;30.12. 18:15;Sevilla;Espanyol;151230;2;0;H;15;12;6;6;1.4;4.75;7;1.42;5;7;1.58;2.33;0.75;0.25;0.48;0.42;1.0;0.0;0.56;0.44;2.12;1.25;3.38;1.0;2.0;3.0;1.31;1.0;1.31;1.0;2.5;2.62;
g_1_buQWfQd9;17;30.12. 16:00;Levante;Malaga;151230;0;1;A;7;9;6;5;2.75;3;2.75;2.75;3.1;2.75;2.42;1.54;0.25;0.21;0.23;0.35;0.11;0.44;0.11;0.78;0.88;1.62;2.5;0.25;1.12;1.38;0.75;0.62;0.75;0.62;2.56;1.5;
g_1_vctDzdBf;17;30.12. 16:00;Real Madrid;Real Sociedad;151230;3;1;H;23;13;13;2;1.1;10;19;1.12;10;16.5;1.26;3.75;0.79;0.33;0.69;0.33;0.67;0.11;0.67;0.44;3.25;1.0;4.25;1.12;1.38;2.5;2.62;1.06;2.62;1.06;3.56;2.44;
g_1_4IQSe6s3;17;31.12. 16:00;Villarreal;Valencia;151231;1;0;H;9;6;3;6;1.8;3.5;4.5;1.85;3.3;4.33;2.13;1.7;0.79;0.33;0.62;0.46;0.78;0.44;1.0;0.33;1.75;0.88;2.62;1.12;1.12;2.25;1.31;1.31;1.31;1.31;2.25;2.19;
g_1_0CULYZu7;18;02.01. 22:05;Malaga;Celta de Vigo;160102;2;0;H;14;8;5;2;2.4;3.3;3;2.4;3.2;2.9;2.25;1.63;0.5;0.71;0.39;0.61;0.44;0.44;1.0;0.67;1.0;0.62;1.62;1.62;1.12;2.75;0.65;1.65;0.65;1.65;1.47;3.0;
g_1_Wj5jlFuf;18;02.01. 20:30;Atl. Madrid;Levante;160102;1;0;H;16;9;13;1;1.2;6.5;17;1.2;6.25;13;1.95;1.85;0.79;0.21;0.75;0.22;1.0;0.44;0.67;0.0;1.38;0.62;2.0;0.62;2.0;2.62;1.41;0.71;1.41;0.71;1.88;2.47;
g_1_EFYPXgeD;18;02.01. 16:00;Espanyol;Barcelona;160102;0;0;D;4;10;6;10;14;7;1.2;12.5;6.5;1.2;1.41;2.81;0.58;0.62;0.39;0.79;0.78;0.78;0.33;0.56;1.0;1.25;2.25;1.71;1.14;2.86;0.94;2.5;0.94;2.5;2.59;3.44;
g_1_69LBecmK;18;03.01. 20:30;Valencia;Real Madrid;160103;2;2;D;11;17;4;7;6;4.33;1.53;6;4.2;1.55;1.48;2.59;0.58;0.58;0.43;0.71;0.33;0.33;0.22;0.67;1.5;0.62;2.12;2.0;0.88;2.88;1.24;2.65;1.24;2.65;2.12;3.59;
g_1_EFfemZf0;18;03.01. 18:15;Athletic Club;Las Palmas;160103;2;2;D;16;11;5;5;1.36;5;8.5;1.4;4.33;8.25;1.94;1.85;0.67;0.08;0.53;0.31;0.78;0.11;0.67;0.67;1.75;0.75;2.5;0.88;2.25;3.12;1.47;0.94;1.47;0.94;2.53;2.35;
g_1_KG1nkeQm;18;03.01. 18:15;Deportivo de La Coruna;Villarreal;160103;1;2;A;11;6;9;3;2.7;3.2;2.7;2.85;3;2.75;2.3;1.61;0.54;0.46;0.53;0.65;0.78;0.33;0.56;1.0;1.62;0.88;2.5;0.88;1.0;1.88;1.47;1.29;1.47;1.29;2.41;2.18;
g_1_OpGGfH2Q;18;03.01. 16:00;Granada;Sevilla;160103;2;1;H;9;14;2;9;4.33;3.6;1.85;4.33;3.4;1.85;1.97;1.82;0.21;0.21;0.27;0.51;0.33;0.22;0.33;0.78;0.75;1.88;2.62;0.5;1.12;1.62;1.06;1.35;1.06;1.35;2.88;2.47;
g_1_Qg2rjyBs;18;03.01. 16:00;Real Betis;Eibar;160103;0;4;A;9;6;6;2;2.4;3.25;3.1;2.45;3.25;2.95;2.24;1.63;0.25;0.38;0.39;0.47;0.22;0.11;0.11;0.44;0.75;1.38;2.12;1.25;1.38;2.62;0.76;1.24;0.76;1.24;2.12;2.35;
g_1_ImuHZFQ0;18;03.01. 12:00;Rayo Vallecano;Real Sociedad;160103;2;2;D;12;15;7;7;2.63;3.3;2.75;2.6;3.25;2.65;2.01;1.79;0.37;0.3;0.27;0.31;0.0;0.11;0.0;0.11;1.0;1.56;2.56;1.11;1.56;2.67;1.06;1.06;1.06;1.06;3.35;2.53;
g_1_SIM7dwYD;18;04.01. 20:30;Sporting de Gijon;Getafe;160104;1;2;A;17;11;4;2;2.25;3.3;3.3;2.25;3.25;3.1;2.32;1.59;0.38;0.08;0.31;0.33;0.67;0.11;0.33;0.33;1.14;1.43;2.57;0.62;2.5;3.12;0.94;1.06;0.94;1.06;2.5;2.59;
g_1_CpeUaCv6;19;09.01. 22:05;Levante;Rayo Vallecano;160109;2;1;H;10;10;5;5;2.15;3.4;3.4;2.2;3.2;3.3;2.09;1.72;0.22;0.17;0.2;0.28;0.0;0.11;0.0;0.11;0.78;1.56;2.33;1.12;3.12;4.25;0.67;1.11;0.67;1.11;2.39;3.39;
g_1_Gvuf8zXP;19;09.01. 20:30;Real Madrid;Deportivo de La Coruna;160109;5;0;H;23;18;5;9;1.11;9;21;1.15;8.75;18;1.28;3.58;0.81;0.52;0.69;0.5;1.0;0.56;0.78;0.44;3.22;1.0;4.22;1.33;1.0;2.33;2.61;1.44;2.61;1.44;3.61;2.44;
g_1_0Wd7pXvJ;19;09.01. 18:15;Getafe;Real Betis;160109;1;0;H;8;11;8;4;1.95;3.5;4;1.95;3.25;4;2.14;1.69;0.56;0.52;0.37;0.37;0.56;0.33;0.56;0.11;1.44;0.67;2.11;0.78;1.33;2.11;1.11;0.72;1.11;0.72;2.61;2.22;
g_1_YJRL3fus;19;09.01. 18:15;Sevilla;Athletic Club;160109;2;0;H;4;11;6;8;2.1;3.5;3.5;2.1;3.6;3.5;1.81;1.98;0.78;0.41;0.48;0.52;1.0;0.67;0.44;0.78;2.11;1.11;3.22;1.22;1.33;2.56;1.33;1.5;1.33;1.5;2.5;2.61;
g_1_vXdM1Y9g;19;09.01. 16:00;Barcelona;Granada;160109;4;0;H;17;8;7;0;1.05;15;34;1.05;16;41;1.16;4.97;0.93;0.33;0.76;0.31;0.78;0.44;0.56;0.33;3.11;0.78;3.89;1.33;1.78;3.11;2.35;1.11;2.35;1.11;3.24;2.89;
g_1_2yyj9GHJ;19;10.01. 20:30;Celta de Vigo;Atl. Madrid;160110;0;2;A;6;10;4;4;4.5;3.5;1.8;4.4;3.4;1.91;2.38;1.56;0.52;0.7;0.57;0.76;0.67;0.67;0.33;0.67;1.67;1.56;3.22;1.44;0.33;1.78;1.56;1.39;1.56;1.39;2.94;1.83;
g_1_CAQP2Efm;19;10.01. 18:15;Eibar;Espanyol;160110;2;1;H;20;7;8;2;2;3.3;4;2;3.25;3.8;2.38;1.56;0.56;0.22;0.5;0.39;0.44;0.0;0.67;0.44;1.22;0.89;2.11;0.89;2.0;2.89;1.39;0.89;1.39;0.89;2.44;2.44;
g_1_Mub3oDPC;19;10.01. 18:15;Las Palmas;Malaga;160110;1;1;D;5;11;2;5;2.7;3.1;2.8;2.7;3;2.75;2.39;1.56;0.52;0.3;0.31;0.43;0.67;0.78;0.44;1.0;1.0;0.67;1.67;0.33;1.0;1.33;1.0;0.72;1.0;0.72;2.44;1.5;
g_1_h6gangA6;19;10.01. 16:00;Real Sociedad;Valencia;160110;2;0;H;24;10;5;6;2.25;3.3;3.3;2.25;3.3;3.4;2.11;1.71;0.33;0.3;0.31;0.43;0.67;0.11;0.11;0.22;1.0;1.38;2.38;1.0;1.11;2.11;1.11;1.28;1.11;1.28;2.61;2.22;
g_1_INeQ0hPa;19;10.01. 12:00;Villarreal;Sporting de Gijon;160110;2;0;H;7;12;3;9;1.5;4.33;6.5;1.45;4.25;7;1.89;1.9;0.81;0.26;0.67;0.29;1.0;0.0;1.0;0.0;1.67;0.78;2.44;0.78;1.67;2.44;1.33;0.94;1.33;0.94;2.22;2.53;
g_1_fTYkQ8hB;20;16.01. 22:05;Real Sociedad;Deportivo de La Coruna;160116;1;1;D;16;7;9;4;1.95;3.3;4.2;1.95;3.3;3.9;2.14;1.69;0.41;0.47;0.35;0.47;0.67;0.22;0.44;0.11;1.11;1.22;2.33;1.2;1.4;2.6;1.16;1.37;1.16;1.37;2.58;2.58;
g_1_8WGO9m8U;20;16.01. 20:30;Villarreal;Real Betis;160116;0;0;D;9;15;7;11;1.45;4.33;8;1.48;4;6.75;1.91;1.88;0.83;0.47;0.68;0.35;1.0;0.0;1.0;0.0;1.7;0.7;2.4;0.7;1.3;2.0;1.37;0.68;1.37;0.68;2.21;2.16;
g_1_CpsZTjgn;20;16.01. 18:15;Celta de Vigo;Levante;160116;4;3;H;14;17;6;2;1.62;3.8;6;1.62;3.75;5.25;2.03;1.77;0.47;0.19;0.54;0.25;0.33;0.11;0.0;0.33;1.5;1.6;3.1;0.56;1.89;2.44;1.47;0.74;1.47;0.74;2.89;2.42;
g_1_b1usSUNb;20;16.01. 16:00;Sevilla;Malaga;160116;2;1;H;8;14;6;4;1.67;3.8;5.25;1.67;4;5;1.89;1.9;0.8;0.3;0.51;0.42;1.0;0.78;0.67;0.78;2.1;1.0;3.1;0.4;1.0;1.4;1.37;0.74;1.37;0.74;2.47;1.53;
g_1_KAtwTA8h;20;17.01. 20:30;Barcelona;Athletic Club;160117;6;0;H;20;9;6;2;1.14;8;19;1.14;8.75;18.5;1.37;3;0.93;0.37;0.78;0.49;0.78;0.33;0.78;0.44;3.2;0.7;3.9;1.1;1.4;2.5;2.44;1.42;2.44;1.42;3.28;2.58;
g_1_YgrVUWwt;20;17.01. 18:15;Getafe;Espanyol;160117;3;1;H;18;13;3;7;2.2;3.2;3.5;2.15;3.2;3.4;2.31;1.6;0.6;0.2;0.4;0.37;0.56;0.0;0.78;0.11;1.4;0.6;2.0;0.9;2.0;2.9;1.11;0.89;1.11;0.89;2.53;2.47;
g_1_ljYgPS7H;20;17.01. 18:15;Las Palmas;Atl. Madrid;160117;0;3;A;11;11;3;4;6.5;3.6;1.62;6;3.8;1.62;2.31;1.59;0.5;0.73;0.32;0.77;0.78;0.67;0.56;1.0;1.0;0.7;1.7;1.5;0.3;1.8;1.0;1.42;1.0;1.42;2.42;1.84;
g_1_fTCKAThO;20;17.01. 16:00;Real Madrid;Sporting de Gijon;160117;5;1;H;17;9;4;4;1.05;17;26;1.06;13.5;29;1.17;4.75;0.83;0.23;0.7;0.28;1.0;0.0;0.78;0.0;3.4;0.9;4.3;0.7;1.7;2.4;2.74;0.89;2.74;0.89;3.68;2.5;
g_1_tQUoRlw5;20;17.01. 12:00;Valencia;Rayo Vallecano;160117;2;2;D;13;18;7;9;1.62;4;5.5;1.62;4.1;5.25;1.67;2.18;0.56;0.15;0.4;0.26;0.33;0.0;0.11;0.11;1.56;0.78;2.33;1.11;3.0;4.11;1.21;1.11;1.21;1.11;2.21;3.37;
g_1_06DGB9wI;20;18.01. 20:30;Eibar;Granada;160118;5;1;H;12;4;3;2;1.83;3.5;4.5;1.8;3.25;4.75;2.3;1.61;0.6;0.3;0.53;0.3;0.78;0.33;1.0;0.33;1.3;0.9;2.2;1.2;2.0;3.2;1.42;1.05;1.42;1.05;2.47;2.95;
g_1_2BmYPabS;21;22.01. 20:30;Sporting de Gijon;Real Sociedad;160122;5;1;H;11;9;6;2;3.1;3.2;2.45;3;3.25;2.5;2.16;1.69;0.33;0.3;0.26;0.35;0.33;0.22;0.0;0.56;1.12;1.5;2.62;1.2;1.6;2.8;0.89;1.15;0.89;1.15;2.68;2.55;
g_1_rijS6Kij;21;23.01. 22:05;Rayo Vallecano;Celta de Vigo;160123;3;0;H;26;3;7;1;2.7;3.4;2.63;2.55;3.4;2.6;1.84;1.95;0.37;0.63;0.27;0.57;0.11;0.44;0.22;0.33;1.1;1.6;2.7;1.44;1.22;2.67;1.15;1.6;1.15;1.6;3.4;3.1;
g_1_8hQ0LJ6q;21;23.01. 20:30;Granada;Getafe;160123;3;2;H;20;9;5;3;2.63;3.1;2.88;2.65;3.1;2.85;2.32;1.6;0.3;0.19;0.28;0.43;0.33;0.44;0.33;1.0;0.89;1.78;2.67;0.78;2.33;3.11;1.05;1.2;1.05;1.2;3.1;2.6;
g_1_GfoMS1E9;21;23.01. 18:15;Espanyol;Villarreal;160123;2;2;D;11;14;3;9;2.9;3.2;2.55;2.85;3;2.6;2.35;1.58;0.56;0.52;0.35;0.67;0.56;0.67;0.11;0.78;0.89;1.11;2.0;1.0;1.0;2.0;0.9;1.3;0.9;1.3;2.55;2.1;
g_1_YVeHTsa3;21;23.01. 16:00;Malaga;Barcelona;160123;1;2;A;15;12;4;3;8.5;5.5;1.33;8;5.5;1.35;1.55;2.42;0.56;0.58;0.4;0.79;0.78;0.56;0.44;0.78;1.11;0.56;1.67;1.5;1.0;2.5;0.75;2.63;0.75;2.63;1.6;3.42;
g_1_zowEUNqc;21;24.01. 20:30;Real Betis;Real Madrid;160124;1;1;D;4;18;1;9;9.5;5.75;1.3;9.75;5.5;1.3;1.42;2.78;0.22;0.56;0.35;0.72;0.22;0.44;0.11;0.78;0.67;1.67;2.33;2.0;1.0;3.0;0.65;2.85;0.65;2.85;2.05;3.8;
g_1_QFeN70xp;21;24.01. 18:15;Deportivo de La Coruna;Valencia;160124;1;1;D;10;10;8;6;2.25;3.3;3.3;2.25;3.3;3.3;2.13;1.7;0.48;0.27;0.47;0.4;0.44;0.11;0.11;0.22;1.56;1.0;2.56;0.9;1.2;2.1;1.35;1.25;1.35;1.25;2.55;2.3;
g_1_fopQRLTF;21;24.01. 16:00;Atl. Madrid;Sevilla;160124;0;0;D;21;7;8;5;1.67;3.5;6;1.67;3.5;6;2.27;1.62;0.81;0.19;0.78;0.53;1.0;0.22;1.0;0.67;1.33;0.56;1.89;0.56;1.22;1.78;1.5;1.4;1.5;1.4;1.9;2.5;
g_1_MskW5v7d;21;24.01. 12:00;Athletic Club;Eibar;160124;5;2;H;10;9;7;2;1.67;3.75;5.5;1.7;3.5;5;2.02;1.78;0.63;0.44;0.47;0.55;0.56;0.33;0.11;1.0;1.78;0.89;2.67;1.56;1.22;2.78;1.35;1.6;1.35;1.6;2.75;2.65;
g_1_OKlUQuqM;21;25.01. 20:30;Levante;Las Palmas;160125;3;2;H;12;13;2;4;2.38;3.1;3.25;2.35;3;3.2;2.35;1.57;0.3;0.11;0.23;0.3;0.33;0.11;0.33;0.22;0.9;1.5;2.4;1.0;2.22;3.22;0.85;0.95;0.85;0.95;2.65;2.45;
g_1_GIT8Jcyd;22;30.01. 22:05;Real Sociedad;Real Betis;160130;2;1;H;11;8;3;4;1.67;3.75;5.5;1.7;3.5;5;1.93;1.86;0.4;0.45;0.33;0.35;0.44;0.11;0.44;0.22;1.1;1.2;2.3;0.64;1.18;1.82;1.14;0.67;1.14;0.67;2.71;2.05;
g_1_YiXitLr9;22;30.01. 20:30;Villarreal;Granada;160130;1;0;H;12;7;8;0;1.44;4.5;7.5;1.45;4.2;7;2.02;1.78;0.79;0.27;0.65;0.32;0.78;0.0;0.56;0.33;1.55;0.64;2.18;1.18;2.27;3.45;1.33;1.14;1.33;1.14;2.19;3.19;
g_1_OtQ4wJSR;22;30.01. 18:15;Eibar;Malaga;160130;1;2;A;11;7;1;2;2.38;3.25;3;2.4;3.2;2.95;2.35;1.58;0.64;0.27;0.52;0.38;1.0;0.44;0.67;0.11;1.64;0.91;2.55;0.45;1.09;1.55;1.62;0.76;1.62;0.76;2.86;1.67;
g_1_MeU4KwMk;22;30.01. 18:15;Getafe;Athletic Club;160130;0;1;A;11;13;7;5;3.4;3.3;2.2;3.4;3.3;2.25;2.17;1.67;0.64;0.33;0.41;0.49;0.78;0.33;0.67;0.33;1.55;0.64;2.18;1.0;1.82;2.82;1.24;1.52;1.24;1.52;2.71;2.95;
g_1_f1Yms1T2;22;30.01. 16:00;Barcelona;Atl. Madrid;160130;2;1;H;10;7;8;6;1.5;4.2;7;1.53;4;7;1.85;1.94;0.94;0.76;0.8;0.76;1.0;1.0;1.0;0.78;3.45;0.64;4.09;1.64;0.27;1.91;2.6;1.43;2.6;1.43;3.4;1.81;
g_1_f9SCIHj2;22;31.01. 20:30;Real Madrid;Espanyol;160131;6;0;H;18;15;3;1;1.1;11;21;1.11;10;21;1.24;3.94;0.85;0.18;0.7;0.35;1.0;0.0;0.78;0.11;3.55;0.91;4.45;0.91;2.09;3.0;2.76;0.95;2.76;0.95;3.71;2.62;
g_1_QkCWYxyq;22;31.01. 18:15;Las Palmas;Celta de Vigo;160131;2;1;H;13;5;7;3;2.38;3.3;3.1;2.45;3.2;2.85;2.14;1.69;0.45;0.57;0.29;0.54;0.44;0.33;0.11;0.33;0.91;0.91;1.82;1.3;1.4;2.7;1.0;1.52;1.0;1.52;2.57;3.1;
g_1_tIz0vaDL;22;31.01. 16:00;Valencia;Sporting de Gijon;160131;0;1;A;16;7;6;3;1.75;3.75;4.75;1.75;3.6;5;1.85;1.94;0.53;0.21;0.4;0.3;0.33;0.0;0.22;0.33;1.6;0.9;2.5;0.73;2.0;2.73;1.24;1.1;1.24;1.1;2.29;2.85;
g_1_SEWeuubF;22;31.01. 12:00;Sevilla;Levante;160131;3;1;H;14;22;5;9;1.33;5;10;1.36;4.75;9.25;1.75;2.06;0.82;0.17;0.52;0.27;1.0;0.0;0.78;0.67;2.09;1.0;3.09;0.8;2.1;2.9;1.33;0.95;1.33;0.95;2.38;2.76;
g_1_fPGzYdjk;22;01.02. 20:30;Deportivo de La Coruna;Rayo Vallecano;160201;2;2;D;17;7;5;4;1.91;3.6;4;1.85;3.5;4.1;1.91;1.88;0.47;0.17;0.46;0.3;0.44;0.11;0.22;0.44;1.5;1.0;2.5;1.2;2.9;4.1;1.33;1.24;1.33;1.24;2.52;3.38;
g_1_S8gT3kGK;23;05.02. 20:30;Malaga;Getafe;160205;3;0;H;8;6;4;6;1.57;3.75;6.5;1.65;3.6;5.25;2.21;1.65;0.5;0.17;0.41;0.39;0.67;0.44;0.33;0.33;1.1;0.7;1.8;0.9;2.4;3.3;0.82;1.18;0.82;1.18;1.73;2.64;
g_1_MBITrlve;23;06.02. 22:05;Sporting de Gijon;Deportivo de La Coruna;160206;1;1;D;11;5;4;3;2.5;3.25;2.9;2.5;3.1;2.9;2.18;1.66;0.41;0.45;0.33;0.45;0.67;0.22;0.67;0.33;1.56;1.44;3.0;1.18;1.36;2.55;1.1;1.36;1.1;1.36;2.76;2.59;
g_1_OvuabTwr;23;06.02. 20:30;Athletic Club;Villarreal;160206;0;0;D;10;2;5;3;1.83;3.6;4.5;1.8;3.5;4.33;2.12;1.7;0.67;0.5;0.52;0.67;0.78;0.78;0.67;0.56;2.1;1.0;3.1;1.1;1.1;2.2;1.5;1.32;1.5;1.32;2.86;2.14;
g_1_4z8Ys8g1;23;06.02. 18:15;Rayo Vallecano;Las Palmas;160206;2;0;H;18;9;5;5;1.91;3.6;4;1.91;3.4;4;1.74;2.07;0.42;0.1;0.3;0.32;0.44;0.11;0.56;0.33;1.27;1.45;2.73;1.1;2.3;3.4;1.27;1.05;1.27;1.05;3.41;2.59;
g_1_Wt0K5Bo8;23;06.02. 16:00;Atl. Madrid;Eibar;160206;3;1;H;13;6;5;2;1.36;4.5;9.5;1.4;4.33;9.5;1.96;1.82;0.77;0.4;0.73;0.5;0.78;0.33;0.44;0.33;1.2;0.5;1.7;1.6;1.6;3.2;1.41;1.59;1.41;1.59;1.86;2.86;
g_1_IwCxsS87;23;07.02. 20:30;Granada;Real Madrid;160207;1;2;A;14;14;3;6;12;6;1.25;11;6;1.26;1.38;2.93;0.37;0.53;0.3;0.71;0.67;0.22;0.33;0.78;1.1;1.8;2.9;1.9;1.0;2.9;1.09;2.91;1.09;2.91;3.09;3.82;
g_1_IwY7d78f;23;07.02. 18:15;Celta de Vigo;Sevilla;160207;1;1;D;25;9;10;5;3.2;3.3;2.3;3;3.4;2.35;1.94;1.84;0.52;0.2;0.52;0.55;0.33;0.22;0.33;0.78;1.73;1.73;3.45;0.5;1.1;1.6;1.5;1.41;1.5;1.41;3.09;2.45;
g_1_6ahX29VQ;23;07.02. 16:00;Real Betis;Valencia;160207;1;0;H;6;7;4;5;2.63;3.1;2.88;2.6;3.2;2.9;2.18;1.67;0.23;0.27;0.33;0.38;0.22;0.11;0.22;0.22;0.7;1.6;2.3;0.91;1.18;2.09;0.68;1.18;0.68;1.18;2.09;2.23;
g_1_AXbO4V0E;23;07.02. 12:00;Levante;Barcelona;160207;0;2;A;11;11;2;5;15;7.5;1.18;13;7;1.2;1.41;2.79;0.36;0.63;0.26;0.81;0.67;0.56;0.33;1.0;1.09;1.55;2.64;1.56;1.0;2.56;0.95;2.57;0.95;2.57;2.82;3.38;
g_1_zFr3cmgl;23;08.02. 20:30;Espanyol;Real Sociedad;160208;0;5;A;5;12;4;5;2.7;3.1;2.8;2.7;3.1;2.8;2.17;1.67;0.53;0.27;0.33;0.36;0.56;0.11;0.11;0.44;1.0;1.2;2.2;1.18;1.91;3.09;0.91;1.18;0.91;1.18;2.77;2.73;
g_1_byCEkpwK;24;12.02. 20:30;Sporting de Gijon;Rayo Vallecano;160212;2;2;D;11;15;3;7;2.38;3.4;3;2.45;3.2;3;1.81;1.98;0.4;0.18;0.33;0.33;0.44;0.22;0.78;0.78;1.5;1.4;2.9;1.27;2.82;4.09;1.09;1.3;1.09;1.3;2.73;3.35;
g_1_t0sUsYJD;24;13.02. 22:05;Deportivo de La Coruna;Real Betis;160213;2;2;D;25;4;11;0;1.8;3.5;4.75;1.8;3.4;4.5;2.17;1.67;0.45;0.42;0.45;0.36;0.22;0.11;0.33;0.44;1.55;1.09;2.64;0.67;1.25;1.92;1.35;0.7;1.35;0.7;2.57;2.04;
g_1_f7cppO0s;24;13.02. 20:30;Valencia;Espanyol;160213;2;1;H;17;19;9;9;1.75;3.6;5;1.78;3.6;4.75;1.91;1.88;0.48;0.17;0.36;0.32;0.22;0.0;0.11;0.11;1.45;0.91;2.36;0.83;2.42;3.25;1.13;0.87;1.13;0.87;2.17;2.87;
g_1_hbBIl4hQ;24;13.02. 18:15;Villarreal;Malaga;160213;1;0;H;12;7;5;1;2.05;3.3;3.8;2.1;3.3;3.7;2.4;1.55;0.81;0.33;0.65;0.43;0.78;0.44;0.56;0.67;1.5;0.58;2.08;0.58;1.08;1.67;1.26;0.91;1.26;0.91;2.04;1.78;
g_1_29rQrE47;24;13.02. 16:00;Real Madrid;Athletic Club;160213;4;2;H;19;10;5;2;1.29;6;9.5;1.28;6;9.5;1.32;3.31;0.86;0.39;0.72;0.51;1.0;0.33;0.78;0.78;3.75;0.83;4.58;1.0;1.67;2.67;2.87;1.43;2.87;1.43;3.78;2.74;
g_1_CrhkqrGm;24;14.02. 20:30;Barcelona;Celta de Vigo;160214;6;1;H;19;10;1;1;1.08;11;26;1.08;11;29;1.22;4.11;0.94;0.52;0.82;0.51;1.0;0.0;1.0;0.11;3.33;0.67;4.0;1.27;1.45;2.73;2.55;1.48;2.55;1.48;3.32;3.04;
g_1_8YTMqfk1;24;14.02. 18:15;Eibar;Levante;160214;2;0;H;15;8;8;2;1.8;3.5;4.75;1.8;3.4;4.6;2.13;1.7;0.58;0.15;0.48;0.25;0.67;0.0;0.0;0.33;1.58;1.0;2.58;0.82;2.18;3.0;1.57;0.91;1.57;0.91;2.91;2.78;
g_1_pY7AjQND;24;14.02. 18:15;Getafe;Atl. Madrid;160214;0;1;A;11;6;5;4;6.5;3.8;1.57;7;3.7;1.57;2.35;1.57;0.58;0.69;0.38;0.74;0.67;0.67;0.0;0.44;1.42;0.67;2.08;1.58;0.42;2.0;1.13;1.48;1.13;1.48;2.65;1.96;
g_1_pdjcsMp0;24;14.02. 16:00;Sevilla;Las Palmas;160214;2;0;H;9;11;8;3;1.33;5;10;1.33;5.5;8.75;1.63;2.25;0.83;0.09;0.54;0.3;1.0;0.11;0.56;0.33;2.17;1.0;3.17;1.0;2.27;3.27;1.39;1.0;1.39;1.0;2.43;2.57;
g_1_jZjgr2Vg;24;14.02. 12:00;Real Sociedad;Granada;160214;3;0;H;12;15;7;13;1.53;4;6.5;1.62;3.6;5.75;1.96;1.83;0.45;0.25;0.39;0.29;0.78;0.0;0.67;0.33;1.18;1.18;2.36;1.08;2.17;3.25;1.35;1.09;1.35;1.09;2.83;3.09;
g_1_YN1zRorT;16;17.02. 18:30;Sporting de Gijon;Barcelona;160217;1;3;A;6;17;1;4;19;8;1.14;13.5;7.75;1.15;1.29;3.46;0.39;0.67;0.33;0.83;0.56;0.78;0.56;1.0;1.55;1.45;3.0;1.6;0.9;2.5;1.13;2.7;1.13;2.7;2.78;3.48;
g_1_4z0HnHMu;25;19.02. 20:30;Levante;Getafe;160219;3;0;H;12;14;6;8;2.2;3.3;3.4;2.2;3.2;3.6;2.15;1.68;0.33;0.15;0.24;0.36;0.67;0.33;0.0;0.0;1.0;1.58;2.58;0.82;2.45;3.27;0.88;1.08;0.88;1.08;2.75;2.58;
g_1_QklQpeih;25;20.02. 22:05;Celta de Vigo;Eibar;160220;3;2;H;14;7;6;1;2;3.5;3.8;2;3.4;3.9;1.98;1.81;0.5;0.36;0.49;0.5;0.44;0.33;0.11;0.33;1.67;1.67;3.33;1.55;1.73;3.27;1.46;1.58;1.46;1.58;3.21;2.88;
g_1_C6jxrgyB;25;20.02. 20:30;Real Betis;Sporting de Gijon;160220;1;1;D;17;4;10;4;2.05;3.3;3.8;2.05;3.3;3.8;2.16;1.68;0.3;0.28;0.36;0.32;0.44;0.33;0.44;0.22;0.73;1.45;2.18;0.75;1.83;2.58;0.75;1.12;0.75;1.12;2.12;2.83;
g_1_veq6u0FC;25;20.02. 18:15;Espanyol;Deportivo de La Coruna;160220;1;0;H;16;17;7;4;2.38;3.3;3;2.5;3.2;2.95;2.26;1.62;0.48;0.44;0.31;0.44;0.22;0.22;0.0;0.33;0.91;1.55;2.45;1.17;1.33;2.5;0.88;1.38;0.88;1.38;2.88;2.62;
g_1_IorAvKUI;25;20.02. 16:00;Las Palmas;Barcelona;160220;1;2;A;16;13;3;6;15;7.5;1.18;14;7;1.2;1.38;2.95;0.5;0.7;0.29;0.83;0.44;1.0;0.33;1.0;1.0;0.92;1.92;1.73;0.91;2.64;0.96;2.71;0.96;2.71;2.54;3.5;
g_1_YFiYrZL4;25;21.02. 20:30;Atl. Madrid;Villarreal;160221;0;0;D;12;5;10;2;1.53;3.8;7.5;1.55;3.7;7.5;2.41;1.54;0.79;0.48;0.75;0.67;0.78;0.56;0.67;0.78;1.36;0.55;1.91;1.0;1.0;2.0;1.46;1.25;1.46;1.25;1.92;2.0;
g_1_vghUqF6b;25;21.02. 18:15;Athletic Club;Real Sociedad;160221;0;1;A;9;9;9;3;1.8;3.5;4.75;1.8;3.6;4.6;1.94;1.85;0.64;0.33;0.49;0.42;0.56;0.44;0.44;1.0;1.91;0.91;2.82;1.5;1.75;3.25;1.46;1.42;1.46;1.42;2.88;2.83;
g_1_rRbLoyxn;25;21.02. 18:15;Granada;Valencia;160221;1;2;A;15;10;6;3;2.88;3.2;2.55;2.85;3.2;2.6;2.15;1.68;0.33;0.25;0.28;0.39;0.67;0.11;0.0;0.33;1.09;1.82;2.91;0.83;1.17;2.0;1.04;1.17;1.04;1.17;3.08;2.21;
g_1_hI7ZtDjH;25;21.02. 16:00;Malaga;Real Madrid;160221;1;1;D;11;14;6;6;4.75;3.8;1.73;4.75;3.9;1.72;1.63;2.24;0.55;0.58;0.42;0.74;0.67;0.56;0.67;1.0;1.27;0.64;1.91;1.91;1.0;2.91;0.88;2.92;0.88;2.92;1.75;3.88;
g_1_dWg1tt06;25;21.02. 12:00;Rayo Vallecano;Sevilla;160221;2;2;D;13;14;3;17;3.1;3.6;2.2;3.2;3.5;2.2;1.63;2.23;0.47;0.21;0.33;0.56;0.78;0.22;0.56;0.78;1.33;1.33;2.67;0.55;1.09;1.64;1.33;1.42;1.33;1.42;3.38;2.42;
g_1_W86wtX5N;26;26.02. 20:30;Eibar;Las Palmas;160226;0;1;A;10;12;6;6;1.75;3.6;5;1.75;3.5;4.6;1.97;1.82;0.62;0.08;0.48;0.28;0.67;0.0;0.33;0.0;1.62;0.92;2.54;0.92;2.25;3.17;1.6;0.96;1.6;0.96;2.96;2.56;
g_1_rmzdbELi;26;27.02. 22:05;Real Sociedad;Malaga;160227;1;1;D;11;8;8;3;2.2;3.25;3.5;2.25;3.1;3.3;2.28;1.61;0.5;0.31;0.44;0.41;0.78;0.33;1.0;0.44;1.33;1.08;2.42;0.54;1.08;1.62;1.4;0.88;1.4;0.88;2.76;1.76;
g_1_jDw4dhj4;26;27.02. 20:30;Real Betis;Rayo Vallecano;160227;2;2;D;20;11;8;8;2.2;3.3;3.4;2.2;3.2;3.3;1.84;1.94;0.31;0.19;0.36;0.33;0.56;0.33;0.56;0.56;0.75;1.42;2.17;1.33;2.75;4.08;0.76;1.36;0.76;1.36;2.12;3.4;
g_1_CMv0cYzb;26;27.02. 18:15;Getafe;Celta de Vigo;160227;0;1;A;14;9;4;5;3.2;3.3;2.3;3.1;3.1;2.35;2.01;1.79;0.54;0.47;0.35;0.51;0.33;0.0;0.0;0.44;1.31;0.69;2.0;1.25;1.83;3.08;1.04;1.52;1.04;1.52;2.6;3.28;
g_1_YyT8eC5A;26;27.02. 18:15;Sporting de Gijon;Espanyol;160227;2;4;A;13;12;5;2;2.3;3.2;3.3;2.3;3.2;3.1;2.1;1.72;0.36;0.15;0.32;0.33;0.22;0.0;0.22;0.33;1.5;1.58;3.08;0.85;2.38;3.23;1.12;0.88;1.12;0.88;2.8;2.8;
g_1_2ic9zBTp;26;27.02. 16:00;Real Madrid;Atl. Madrid;160227;0;1;A;15;9;2;5;1.73;3.6;5.25;1.8;3.5;4.75;1.99;1.8;0.87;0.72;0.72;0.73;1.0;0.67;0.78;0.78;3.77;0.92;4.69;1.54;0.38;1.92;2.84;1.4;2.84;1.4;3.8;1.84;
g_1_QV5suiLT;26;28.02. 20:30;Barcelona;Sevilla;160228;2;1;H;17;11;6;7;1.14;8;15;1.18;7.5;14;1.26;3.75;0.95;0.22;0.84;0.55;1.0;0.33;1.0;0.56;3.54;0.69;4.23;0.67;1.17;1.83;2.68;1.44;2.68;1.44;3.48;2.48;
g_1_WMoCfWKG;26;28.02. 18:15;Deportivo de La Coruna;Granada;160228;0;1;A;13;10;6;6;1.8;3.5;4.75;1.8;3.4;4.5;2.09;1.72;0.44;0.23;0.43;0.27;0.33;0.0;0.22;0.0;1.58;1.17;2.75;1.0;2.23;3.23;1.32;1.04;1.32;1.04;2.56;3.08;
g_1_QqoGgjzN;26;28.02. 16:00;Valencia;Athletic Club;160228;0;3;A;9;13;7;7;2.3;3.2;3.3;2.25;3.3;3.3;2.11;1.71;0.53;0.36;0.41;0.47;0.44;0.33;0.67;0.11;1.5;0.92;2.42;1.08;1.85;2.92;1.2;1.4;1.2;1.4;2.24;2.8;
g_1_4dyhaf6o;26;28.02. 12:00;Villarreal;Levante;160228;3;0;H;9;7;3;4;1.67;3.6;5.75;1.57;3.75;6;2.08;1.72;0.82;0.14;0.65;0.27;0.78;0.0;0.56;0.33;1.46;0.54;2.0;0.75;2.17;2.92;1.2;0.96;1.2;0.96;1.92;2.76;
g_1_UsVIpzze;27;01.03. 22:00;Las Palmas;Getafe;160301;4;0;H;11;10;2;6;2.05;3.4;3.75;2;3.4;3.9;2.09;1.73;0.46;0.14;0.31;0.33;0.33;0.0;0.33;0.0;1.0;1.0;2.0;0.75;2.5;3.25;0.96;1.0;0.96;1.0;2.5;2.54;
g_1_tIdVgvD8;27;01.03. 21:00;Atl. Madrid;Real Sociedad;160301;3;0;H;12;7;8;1;1.4;4.33;9;1.45;4.2;8;2.22;1.65;0.75;0.38;0.74;0.44;0.56;0.67;0.78;0.78;1.25;0.5;1.75;1.46;1.62;3.08;1.38;1.38;1.38;1.38;1.81;2.73;
g_1_K8eZhbSE;27;02.03. 21:00;Levante;Real Madrid;160302;1;3;A;11;21;3;10;7;4.75;1.44;6.75;4.6;1.42;1.53;2.42;0.38;0.56;0.26;0.69;0.67;0.56;0.33;0.44;1.15;1.46;2.62;1.83;1.0;2.83;0.92;2.73;0.92;2.73;2.77;3.69;
g_1_xpjvhIsL;27;02.03. 20:00;Athletic Club;Deportivo de La Coruna;160302;4;1;H;12;7;1;2;1.53;4;7;1.5;3.9;6.75;1.88;1.91;0.58;0.41;0.49;0.41;0.44;0.22;0.33;0.11;1.75;0.92;2.67;1.08;1.31;2.38;1.46;1.27;1.46;1.27;2.81;2.5;
g_1_SE8mVfz8;27;02.03. 20:00;Celta de Vigo;Villarreal;160302;0;0;D;11;6;2;1;2.2;3.3;3.4;2.15;3.25;3.4;2.09;1.72;0.54;0.47;0.53;0.67;0.78;0.33;0.67;0.78;1.77;1.69;3.46;0.92;0.92;1.83;1.5;1.27;1.5;1.27;3.19;1.96;
g_1_YFFvXG5e;27;02.03. 20:00;Malaga;Valencia;160302;1;2;A;10;11;4;5;2.05;3.3;3.8;2.05;3.1;3.8;2.28;1.61;0.53;0.31;0.41;0.4;0.44;0.44;0.22;0.67;1.25;0.67;1.92;0.92;1.15;2.08;0.88;1.15;0.88;1.15;1.77;2.27;
g_1_GzkrixcR;27;02.03. 20:00;Sevilla;Eibar;160302;1;0;H;14;11;12;6;1.4;4.75;8;1.44;4.33;7;1.59;2.32;0.85;0.33;0.53;0.46;1.0;0.0;0.44;0.33;2.15;0.92;3.08;1.58;1.83;3.42;1.42;1.54;1.42;1.54;2.5;2.88;
g_1_nJuEoGKl;27;03.03. 21:00;Rayo Vallecano;Barcelona;160303;1;5;A;8;20;3;5;13;7;1.2;13;6.5;1.19;1.22;4.12;0.46;0.72;0.33;0.85;0.78;1.0;0.33;1.0;1.38;1.38;2.77;1.75;0.92;2.67;1.38;2.65;1.38;2.65;3.42;3.46;
g_1_YFyAnd5r;27;03.03. 20:30;Espanyol;Real Betis;160303;0;3;A;16;9;5;0;1.95;3.5;4;1.9;3.4;4;2.06;1.75;0.53;0.41;0.36;0.36;0.44;0.22;0.67;0.33;0.92;1.42;2.33;0.77;1.31;2.08;1.0;0.81;1.0;0.81;2.92;2.19;
g_1_Gv5qWzL1;27;03.03. 20:00;Granada;Sporting de Gijon;160303;2;0;H;13;4;4;1;2.1;3.3;3.75;2.1;3.2;3.5;2.09;1.72;0.31;0.28;0.29;0.31;0.33;0.44;0.33;0.11;1.08;1.83;2.92;0.77;1.77;2.54;1.04;1.15;1.04;1.15;3.0;2.92;
g_1_rLJPqUOl;28;05.03. 22:05;Deportivo de La Coruna;Malaga;160305;3;3;D;14;5;10;4;2.5;3.1;3;2.6;3.1;2.75;2.31;1.6;0.41;0.31;0.4;0.4;0.22;0.44;0.0;0.22;1.46;1.15;2.62;0.57;1.07;1.64;1.26;0.89;1.26;0.89;2.59;1.81;
g_1_j9PoiCWE;28;05.03. 20:30;Getafe;Sevilla;160305;1;1;D;13;7;10;9;3.8;3.5;2;3.8;3.4;1.95;1.81;1.98;0.5;0.21;0.32;0.54;0.0;0.22;0.0;0.44;1.21;0.71;1.93;0.69;1.23;1.92;0.96;1.41;0.96;1.41;2.59;2.44;
g_1_0KdgoMrd;28;05.03. 18:15;Villarreal;Las Palmas;160305;0;1;A;13;10;6;2;1.62;3.75;6;1.57;3.7;6.25;2.05;1.76;0.83;0.15;0.65;0.33;1.0;0.33;0.56;0.67;1.57;0.5;2.07;0.92;2.08;3.0;1.22;1.07;1.22;1.07;1.89;2.56;
g_1_6cckn2Tk;28;05.03. 16:00;Real Madrid;Celta de Vigo;160305;7;1;H;20;8;10;5;1.3;6;8;1.3;5.75;8;1.29;3.51;0.81;0.51;0.7;0.52;0.67;0.33;0.44;0.78;3.5;0.93;4.43;1.23;1.69;2.92;2.74;1.44;2.74;1.44;3.7;3.07;
g_1_4CTkjWoL;28;06.03. 20:30;Valencia;Atl. Madrid;160306;1;3;A;10;21;6;7;4;3.3;2;3.9;3.3;1.95;2.49;1.51;0.49;0.74;0.42;0.75;0.33;0.67;0.67;0.78;1.38;1.08;2.46;1.5;0.36;1.86;1.19;1.44;1.19;1.44;2.3;1.85;
g_1_vBecptb2;28;06.03. 18:15;Real Sociedad;Levante;160306;1;1;D;15;10;10;3;1.57;3.75;7;1.55;3.9;6;1.9;1.89;0.49;0.13;0.42;0.25;0.78;0.0;0.44;0.33;1.31;1.08;2.38;0.69;2.23;2.92;1.33;0.93;1.33;0.93;2.74;2.81;
g_1_dnQshhH8;28;06.03. 18:15;Sporting de Gijon;Athletic Club;160306;0;2;A;5;10;3;0;4;3.3;2;3.9;3.3;1.95;2.1;1.72;0.33;0.4;0.3;0.51;0.11;0.67;0.11;0.67;1.54;1.77;3.31;1.21;1.71;2.93;1.11;1.56;1.11;1.56;2.89;2.89;
g_1_lp5MpA9r;28;06.03. 16:00;Eibar;Barcelona;160306;0;4;A;7;9;6;2;10;6.5;1.25;10;6.5;1.22;1.42;2.79;0.57;0.74;0.44;0.85;0.33;1.0;0.0;1.0;1.5;0.93;2.43;2.0;0.92;2.92;1.48;2.74;1.48;2.74;2.81;3.56;
g_1_IeRwgY12;28;06.03. 12:00;Real Betis;Granada;160306;2;0;H;10;10;6;4;2.1;3.4;3.6;2;3.3;3.7;2.1;1.72;0.31;0.29;0.38;0.32;0.56;0.33;0.56;0.67;0.85;1.46;2.31;1.0;2.07;3.07;0.89;1.07;0.89;1.07;2.22;2.96;
g_1_nyJfkj1R;28;07.03. 20:30;Espanyol;Rayo Vallecano;160307;2;1;H;9;7;8;3;1.95;3.5;4;1.95;3.5;3.75;1.76;2.03;0.49;0.21;0.35;0.32;0.33;0.33;0.67;0.22;0.85;1.54;2.38;1.38;2.69;4.08;0.96;1.37;0.96;1.37;2.93;3.52;
g_1_fPKXKSYL;29;11.03. 20:30;Malaga;Sporting de Gijon;160311;1;0;H;13;9;3;4;1.62;3.8;6;1.6;3.75;6.25;2.06;1.75;0.49;0.26;0.39;0.29;0.44;0.44;0.22;0.0;1.23;0.77;2.0;0.71;1.79;2.5;0.96;1.07;0.96;1.07;1.96;2.86;
g_1_0QROMl49;29;12.03. 22:05;Rayo Vallecano;Eibar;160312;1;1;D;12;7;8;0;2.2;3.6;3.1;2.15;3.4;3.2;1.76;2.05;0.43;0.31;0.31;0.43;0.44;0.0;0.11;0.0;1.36;1.64;3.0;1.46;1.77;3.23;1.36;1.43;1.36;1.43;3.5;2.86;
g_1_IsnQ1mSq;29;12.03. 20:30;Atl. Madrid;Deportivo de La Coruna;160312;3;0;H;15;6;10;1;1.25;5.5;15;1.26;5.25;12;2.06;1.75;0.77;0.38;0.76;0.39;0.78;0.11;1.0;0.11;1.38;0.46;1.85;1.07;1.5;2.57;1.5;1.32;1.5;1.32;1.93;2.71;
g_1_Q7B3F6dq;29;12.03. 18:15;Celta de Vigo;Real Sociedad;160312;1;0;H;7;15;5;3;2.1;3.4;3.5;2.1;3.4;3.3;1.9;1.89;0.52;0.36;0.5;0.42;0.56;0.67;0.44;0.22;1.64;1.57;3.21;1.36;1.71;3.07;1.43;1.32;1.43;1.32;3.25;2.71;
g_1_63SKNUl3;29;12.03. 16:00;Barcelona;Getafe;160312;6;0;H;16;6;5;3;1.06;15;26;1.06;12.5;23;1.16;5.06;0.95;0.13;0.86;0.32;1.0;0.0;1.0;0.11;3.43;0.71;4.14;0.69;2.62;3.31;2.79;0.96;2.79;0.96;3.57;2.57;
g_1_C0VSL8JF;29;13.03. 20:30;Las Palmas;Real Madrid;160313;1;2;A;15;12;6;5;9.5;5.25;1.33;8.75;5.5;1.3;1.4;2.84;0.5;0.59;0.36;0.71;0.67;0.78;1.0;0.67;1.21;0.93;2.14;1.92;1.0;2.92;1.07;2.89;1.07;2.89;2.5;3.86;
g_1_jepYaRdd;29;13.03. 18:15;Athletic Club;Real Betis;160313;3;1;H;18;3;5;6;1.44;4.33;8;1.42;4.4;7.25;1.82;1.97;0.62;0.45;0.52;0.4;0.44;0.44;1.0;0.78;1.92;0.92;2.85;0.93;1.21;2.14;1.57;0.93;1.57;0.93;2.86;2.21;
g_1_SCTGOAZd;29;13.03. 16:00;Sevilla;Villarreal;160313;4;2;H;14;13;5;8;1.73;3.75;5;1.67;3.6;5.25;2.01;1.79;0.86;0.46;0.54;0.63;1.0;0.33;0.44;0.44;2.07;0.86;2.93;0.85;0.85;1.69;1.39;1.18;1.39;1.18;2.43;1.86;
g_1_C4oU07sj;29;13.03. 12:00;Levante;Valencia;160313;1;0;H;13;6;8;0;2.63;3.25;2.8;2.55;3.25;2.7;2.06;1.75;0.36;0.36;0.25;0.4;0.33;0.67;0.11;0.33;1.14;1.57;2.71;1.0;1.14;2.14;0.93;1.18;0.93;1.18;2.79;2.36;
g_1_YFJyKnlS;29;14.03. 20:30;Granada;Espanyol;160314;1;1;D;8;10;2;8;2.15;3.3;3.5;2.3;3.3;3;2.1;1.72;0.36;0.21;0.31;0.37;0.33;0.33;0.67;0.67;1.15;1.69;2.85;1.07;2.36;3.43;1.04;1.0;1.04;1.0;2.93;2.93;
g_1_KtNbZRmF;30;18.03. 20:30;Getafe;Eibar;160318;1;1;D;8;20;3;3;2.1;3.25;3.75;2.15;3.3;3.5;2.26;1.63;0.49;0.31;0.31;0.43;0.11;0.11;0.11;0.11;1.2;0.73;1.93;1.43;1.71;3.14;0.93;1.41;0.93;1.41;2.69;2.83;
g_1_4WmzGwmf;30;19.03. 22:05;Real Betis;Malaga;160319;0;1;A;16;13;5;7;2.6;3.1;2.9;2.65;3;2.75;2.24;1.63;0.36;0.31;0.39;0.41;0.56;0.22;0.67;0.44;0.93;1.36;2.29;0.73;1.2;1.93;0.93;0.97;0.93;0.97;2.28;1.93;
g_1_hKj2z8Y8;30;19.03. 20:30;Deportivo de La Coruna;Levante;160319;2;1;H;15;7;2;1;1.91;3.4;4.33;1.83;3.4;4.4;2.07;1.74;0.4;0.14;0.38;0.28;0.22;0.11;0.11;0.44;1.57;1.29;2.86;0.71;2.14;2.86;1.28;0.93;1.28;0.93;2.72;2.72;
g_1_d6pSHaIs;30;19.03. 18:15;Granada;Rayo Vallecano;160319;2;2;D;11;22;6;12;2.15;3.4;3.4;2.05;3.5;3.4;1.79;2.01;0.36;0.19;0.31;0.31;0.44;0.22;0.44;0.11;1.14;1.64;2.79;1.36;2.64;4.0;1.03;1.34;1.03;1.34;2.9;3.45;
g_1_jTqWGJXm;30;19.03. 18:15;Real Sociedad;Las Palmas;160319;0;1;A;13;12;11;5;1.67;3.5;6;1.57;3.8;5.75;1.84;1.94;0.48;0.21;0.4;0.34;0.56;0.67;0.11;0.67;1.29;1.07;2.36;0.93;1.93;2.86;1.28;1.07;1.28;1.07;2.66;2.52;
g_1_newuFc20;30;19.03. 16:00;Sporting de Gijon;Atl. Madrid;160319;2;1;H;12;4;7;2;8.5;3.6;1.53;7.25;3.75;1.5;2.28;1.62;0.31;0.76;0.28;0.77;0.0;1.0;0.0;1.0;1.43;1.79;3.21;1.6;0.4;2.0;1.03;1.55;1.03;1.55;2.79;1.97;
g_1_nNaCDpRe;30;20.03. 20:30;Real Madrid;Sevilla;160320;4;0;H;26;8;8;8;1.33;5.5;8.5;1.36;4.75;7.75;1.26;3.7;0.82;0.21;0.72;0.55;0.67;0.22;1.0;0.78;3.73;0.93;4.67;0.71;1.21;1.93;2.86;1.48;2.86;1.48;3.83;2.55;
g_1_4bA7EQBk;30;20.03. 18:15;Valencia;Celta de Vigo;160320;0;2;A;14;13;4;5;2.3;3.5;3;2.35;3.4;2.85;1.86;1.93;0.45;0.48;0.39;0.52;0.33;0.33;0.33;0.44;1.36;1.21;2.57;1.21;2.07;3.29;1.14;1.41;1.14;1.41;2.31;3.17;
g_1_ETibylJ2;30;20.03. 16:00;Villarreal;Barcelona;160320;2;2;D;15;15;4;4;8.5;5.25;1.33;8.75;4.75;1.34;1.57;2.35;0.78;0.76;0.61;0.86;0.67;1.0;0.11;1.0;1.47;0.53;2.0;2.14;0.86;3.0;1.21;2.9;1.21;2.9;2.0;3.66;
g_1_0Q3GC4t2;30;20.03. 12:00;Espanyol;Athletic Club;160320;2;1;H;16;14;6;2;3.1;3.4;2.3;3.3;3.3;2.15;2.01;1.79;0.52;0.44;0.37;0.54;0.67;0.67;0.44;1.0;0.93;1.5;2.43;1.27;1.6;2.87;1.0;1.62;1.0;1.62;2.9;2.9;
g_1_pURnlUcp;31;01.04. 20:30;Rayo Vallecano;Getafe;160401;2;0;H;16;14;9;6;1.91;3.6;4;1.91;3.6;4;1.79;2.02;0.42;0.12;0.31;0.31;0.22;0.0;0.22;0.22;1.33;1.6;2.93;0.64;2.86;3.5;1.37;0.93;1.37;0.93;3.47;2.67;
g_1_xOEYBXki;31;02.04. 22:05;Celta de Vigo;Deportivo de La Coruna;160402;1;1;D;9;7;11;0;1.75;3.8;4.75;1.7;3.7;4.75;1.8;2;0.56;0.36;0.53;0.4;0.78;0.0;0.67;0.44;1.6;1.47;3.07;1.0;1.6;2.6;1.43;1.3;1.43;1.3;3.13;2.73;
g_1_OKQjmlDj;31;02.04. 20:30;Barcelona;Real Madrid;160402;1;2;A;14;14;4;3;1.57;4.5;5.5;1.57;4.33;5;1.33;3.26;0.96;0.62;0.84;0.73;1.0;0.78;0.78;1.0;3.6;0.67;4.27;1.93;1.0;2.93;2.87;2.9;2.87;2.9;3.67;3.83;
g_1_Yk8sABK3;31;02.04. 18:15;Las Palmas;Valencia;160402;2;1;H;13;7;8;2;2.38;3.25;3.1;2.35;3.2;3;2.02;1.78;0.47;0.33;0.37;0.38;0.33;0.67;0.67;0.0;1.2;1.0;2.2;0.93;1.13;2.07;1.07;1.1;1.07;1.1;2.47;2.3;
g_1_tMfb6TJS;31;02.04. 16:00;Atl. Madrid;Real Betis;160402;5;1;H;19;8;5;5;1.4;4.33;10;1.36;4.33;9.25;1.95;1.84;0.79;0.42;0.74;0.38;0.78;0.44;0.67;0.33;1.5;0.43;1.93;0.93;1.33;2.27;1.53;0.9;1.53;0.9;2.0;2.23;
g_1_4zpKhAkT;31;03.04. 20:30;Sevilla;Real Sociedad;160403;1;2;A;15;9;8;3;1.62;4;5.5;1.6;3.9;5.25;1.68;2.17;0.87;0.33;0.53;0.39;1.0;0.33;0.44;0.11;2.2;0.93;3.13;1.27;1.67;2.93;1.43;1.23;1.43;1.23;2.6;2.6;
g_1_jRIxBi5c;31;03.04. 18:15;Eibar;Villarreal;160403;1;2;A;10;8;4;3;3.1;3;2.55;3;3;2.5;2.39;1.56;0.53;0.43;0.42;0.6;0.33;0.22;0.22;0.11;1.4;1.13;2.53;0.93;1.07;2.0;1.4;1.23;1.4;1.23;2.8;2.07;
g_1_bc5g794M;31;03.04. 16:00;Malaga;Espanyol;160403;1;1;D;11;5;5;1;1.85;3.4;4.75;1.8;3.4;4.6;2.13;1.7;0.52;0.22;0.43;0.39;0.44;0.44;0.78;0.78;1.21;0.71;1.93;1.07;2.27;3.33;0.97;1.03;0.97;1.03;1.9;2.9;
g_1_K66k8kkG;31;03.04. 12:00;Athletic Club;Granada;160403;1;1;D;8;9;13;1;1.44;4.33;8;1.48;4;6.75;1.91;1.88;0.64;0.27;0.52;0.31;0.67;0.33;0.67;0.22;2.0;0.93;2.93;0.93;2.07;3.0;1.6;1.07;1.6;1.07;2.9;2.93;
g_1_Ct7o9VZ9;31;04.04. 20:30;Levante;Sporting de Gijon;160404;0;0;D;16;11;4;6;2.1;3.25;3.75;2.1;3.2;3.6;2.12;1.71;0.4;0.24;0.27;0.3;0.67;0.11;0.44;0.33;1.13;1.47;2.6;0.67;1.73;2.4;0.93;1.07;0.93;1.07;2.73;2.8;
g_1_4GBf6rxJ;32;08.04. 20:30;Granada;Malaga;160408;0;0;D;9;9;5;5;2.3;3.2;3.3;2.3;3.1;3.2;2.23;1.64;0.36;0.35;0.31;0.43;0.56;0.56;0.33;0.78;1.2;1.67;2.87;0.75;1.12;1.88;1.06;0.97;1.06;0.97;2.9;1.9;
g_1_r1No8476;32;09.04. 22:05;Real Betis;Levante;160409;1;0;H;7;12;4;3;2.05;3.25;3.75;1.95;3.4;3.75;2.06;1.75;0.33;0.13;0.37;0.27;0.44;0.11;0.0;0.44;0.87;1.33;2.2;0.73;2.13;2.87;0.9;0.9;0.9;0.9;2.35;2.65;
g_1_hW4xVREJ;32;09.04. 20:30;Real Sociedad;Barcelona;160409;1;0;H;5;13;5;9;6;4.33;1.5;5.75;4.33;1.5;1.62;2.26;0.44;0.73;0.41;0.82;0.22;0.78;0.33;0.44;1.2;1.07;2.27;2.13;0.93;3.07;1.26;2.81;1.26;2.81;2.61;3.65;
g_1_zkaCOPim;32;09.04. 18:15;Espanyol;Atl. Madrid;160409;1;3;A;10;14;3;5;4;3.1;2.05;4.33;3.3;1.85;2.43;1.54;0.56;0.71;0.39;0.75;0.67;0.67;0.56;0.67;1.0;1.47;2.47;1.56;0.5;2.06;1.03;1.65;1.03;1.65;2.87;2.13;
g_1_UBbGNq7g;32;09.04. 16:00;Real Madrid;Eibar;160409;4;0;H;13;9;6;7;1.17;7.5;13;1.17;7.25;12.5;1.3;3.39;0.83;0.31;0.74;0.41;0.67;0.22;1.0;0.22;3.75;0.88;4.62;1.4;1.67;3.07;2.87;1.39;2.87;1.39;3.81;2.81;
g_1_WM3tUoUP;32;10.04. 20:30;Athletic Club;Rayo Vallecano;160410;1;0;H;14;12;0;5;1.53;4;6;1.57;4;5.5;1.62;2.27;0.62;0.2;0.52;0.33;0.78;0.22;0.44;0.56;1.93;0.93;2.87;1.4;2.6;4.0;1.58;1.39;1.58;1.39;2.87;3.42;
g_1_QPCj7OMC;32;10.04. 18:15;Villarreal;Getafe;160410;2;0;H;13;16;8;5;1.5;3.8;7.5;1.5;3.8;7;2.04;1.76;0.75;0.11;0.61;0.3;0.44;0.0;0.44;0.11;1.5;0.62;2.12;0.6;2.8;3.4;1.26;0.9;1.26;0.9;2.1;2.65;
g_1_82cKM3Ma;32;10.04. 16:00;Valencia;Sevilla;160410;2;1;H;23;7;10;3;2.2;3.4;3.2;2.25;3.4;3;1.72;2.09;0.42;0.2;0.37;0.52;0.0;0.11;0.0;0.33;1.27;1.27;2.53;0.67;1.4;2.07;1.1;1.42;1.1;1.42;2.32;2.61;
g_1_x4t9P5xs;32;10.04. 12:00;Sporting de Gijon;Celta de Vigo;160410;0;1;A;9;17;7;7;3.1;3.25;2.3;2.95;3.25;2.35;1.93;1.87;0.36;0.51;0.3;0.53;0.33;0.67;0.44;0.78;1.47;1.73;3.2;1.27;1.93;3.2;1.03;1.42;1.03;1.42;2.71;3.1;
g_1_QwhPLNy6;32;11.04. 20:30;Deportivo de La Coruna;Las Palmas;160411;1;3;A;19;13;7;4;2.05;3.3;3.6;2.1;3.3;3.4;2.03;1.77;0.44;0.27;0.4;0.39;0.44;1.0;0.44;0.67;1.6;1.27;2.87;0.93;1.8;2.73;1.29;1.1;1.29;1.1;2.71;2.48;
g_1_4W95VIns;33;15.04. 20:30;Levante;Espanyol;160415;2;1;H;12;10;4;6;2.45;3.3;3;2.4;3.3;3;2.08;1.73;0.4;0.23;0.26;0.38;0.44;0.56;0.11;0.44;1.06;1.38;2.44;1.06;2.19;3.25;0.88;1.03;0.88;1.03;2.59;2.91;
g_1_YBuiCenJ;33;16.04. 22:05;Celta de Vigo;Real Betis;160416;1;1;D;18;9;12;4;1.6;4.2;5.5;1.57;4;5.5;1.71;2.12;0.54;0.4;0.54;0.39;0.56;0.33;0.78;0.33;1.56;1.44;3.0;0.94;1.56;2.5;1.41;0.91;1.41;0.91;3.03;2.31;
g_1_0b3ETdHg;33;16.04. 20:30;Eibar;Real Sociedad;160416;2;1;H;9;7;2;0;2.7;3.25;2.7;2.55;3.2;2.75;2.09;1.72;0.5;0.38;0.4;0.43;0.0;0.33;0.11;0.67;1.38;1.19;2.56;1.31;1.62;2.94;1.34;1.25;1.34;1.25;2.84;2.56;
g_1_rN89Ux2m;33;16.04. 18:15;Las Palmas;Sporting de Gijon;160416;1;1;D;10;12;3;10;1.95;3.5;4;1.9;3.4;4;2.05;1.75;0.5;0.25;0.41;0.29;0.67;0.11;1.0;0.44;1.25;1.0;2.25;0.62;1.62;2.25;1.16;1.0;1.16;1.0;2.53;2.66;
g_1_zHJZzuPJ;33;16.04. 16:00;Getafe;Real Madrid;160416;1;5;A;12;21;5;6;9.5;6;1.29;9;5.5;1.28;1.39;2.92;0.48;0.64;0.29;0.75;0.22;1.0;0.11;1.0;1.19;0.75;1.94;1.93;1.0;2.93;0.88;2.91;0.88;2.91;2.62;3.81;
g_1_YB1MRzn6;33;17.04. 20:30;Barcelona;Valencia;160417;1;2;A;22;7;7;2;1.14;9;17;1.14;8;15;1.24;3.86;0.9;0.31;0.79;0.39;0.67;0.33;0.11;0.33;3.44;0.75;4.19;0.94;1.19;2.12;2.72;1.12;2.72;1.12;3.56;2.34;
g_1_QoxqEHH6;33;17.04. 18:15;Atl. Madrid;Granada;160417;3;0;H;8;11;4;2;1.22;6;15;1.25;5.25;12;1.87;1.92;0.8;0.27;0.76;0.31;1.0;0.44;0.67;0.33;1.73;0.47;2.2;0.94;2.0;2.94;1.69;1.03;1.69;1.03;2.19;2.81;
g_1_fLtmDyXC;33;17.04. 18:15;Rayo Vallecano;Villarreal;160417;2;1;H;14;6;4;3;2.6;3.3;2.75;2.6;3.25;2.65;1.85;1.94;0.46;0.47;0.32;0.62;0.44;0.44;0.44;0.78;1.38;1.5;2.88;1.0;1.07;2.07;1.34;1.28;1.34;1.28;3.34;2.09;
g_1_niNwzavQ;33;17.04. 16:00;Sevilla;Deportivo de La Coruna;160417;1;1;D;12;5;10;0;1.53;4.2;6;1.5;4.2;6;1.53;2.44;0.81;0.35;0.5;0.39;0.67;0.11;0.0;0.44;2.12;1.0;3.12;1.0;1.56;2.56;1.41;1.28;1.41;1.28;2.62;2.75;
g_1_vk2ISGWa;33;17.04. 12:00;Malaga;Athletic Club;160417;0;1;A;17;6;8;2;2.3;3.25;3.25;2.4;3.2;2.95;2.27;1.62;0.51;0.42;0.43;0.53;0.44;0.67;0.56;0.44;1.2;0.73;1.93;1.25;1.62;2.88;0.94;1.56;0.94;1.56;1.84;2.81;
g_1_SYMetz1a;34;19.04. 21:00;Real Betis;Las Palmas;160419;1;0;H;20;3;6;3;2.1;3.5;3.5;2.15;3.3;3.5;1.99;1.81;0.38;0.31;0.38;0.4;0.67;1.0;0.44;0.78;0.88;1.25;2.12;1.06;1.75;2.81;0.91;1.15;0.91;1.15;2.3;2.52;
g_1_O0G4vEVB;34;19.04. 20:00;Espanyol;Celta de Vigo;160419;1;1;D;8;3;2;2;2.38;3.3;3;2.45;3.3;2.95;1.84;1.95;0.52;0.54;0.36;0.54;0.67;0.67;0.11;0.56;1.0;1.56;2.56;1.25;1.81;3.06;1.03;1.39;1.03;1.39;2.91;3.0;
g_1_xpUrqxHt;34;20.04. 22:00;Real Madrid;Villarreal;160420;3;0;H;20;5;11;1;1.22;7;11;1.2;6.75;11.5;1.22;4.1;0.84;0.44;0.76;0.61;1.0;0.33;1.0;0.67;3.76;0.82;4.59;1.0;1.12;2.12;2.97;1.27;2.97;1.27;3.88;2.12;
g_1_K8JmrdWn;34;20.04. 20:45;Athletic Club;Atl. Madrid;160420;0;1;A;12;8;6;4;4;3.3;2;3.75;3.25;2;2.33;1.59;0.65;0.73;0.55;0.77;0.78;0.67;0.78;1.0;1.88;0.88;2.75;1.65;0.53;2.18;1.55;1.73;1.55;1.73;2.76;2.21;
g_1_nF5QQf1C;34;20.04. 20:45;Malaga;Rayo Vallecano;160420;1;1;D;12;11;7;7;1.85;3.75;4.2;1.83;3.75;3.9;1.75;2.05;0.48;0.19;0.41;0.34;0.44;0.11;0.22;0.67;1.12;0.75;1.88;1.31;2.5;3.81;0.91;1.36;0.91;1.36;1.82;3.33;
g_1_6PLaufG5;34;20.04. 20:45;Sporting de Gijon;Sevilla;160420;2;1;H;14;18;5;7;3.1;3.4;2.3;3.2;3.4;2.15;1.75;2.06;0.33;0.19;0.29;0.49;0.33;0.11;0.22;0.11;1.38;1.69;3.06;0.69;1.44;2.12;1.0;1.39;1.0;1.39;2.64;2.61;
g_1_zyrHmI8P;34;20.04. 20:45;Valencia;Eibar;160420;4;0;H;9;9;6;3;1.62;4.2;5.25;1.6;3.9;5.25;1.75;2.05;0.46;0.29;0.4;0.41;0.33;0.22;0.67;0.33;1.31;1.25;2.56;1.31;1.81;3.12;1.15;1.36;1.15;1.36;2.36;2.85;
g_1_UweVPEGI;34;20.04. 20:00;Deportivo de La Coruna;Barcelona;160420;0;8;A;16;19;6;2;13;7;1.2;10.5;6.5;1.22;1.33;3.22;0.42;0.69;0.38;0.77;0.44;0.44;0.22;0.0;1.56;1.38;2.94;2.0;0.94;2.94;1.27;2.67;1.27;2.67;2.73;3.55;
g_1_8UgZOYVO;34;21.04. 21:00;Granada;Levante;160421;5;1;H;13;15;3;4;1.95;3.5;3.8;1.87;3.4;4.1;2.08;1.73;0.35;0.12;0.3;0.28;0.33;0.11;0.22;0.44;1.12;1.56;2.69;0.69;2.06;2.75;1.0;0.91;1.0;0.91;2.82;2.61;
g_1_YBNisGog;34;21.04. 20:30;Real Sociedad;Getafe;160421;1;2;A;14;7;8;2;1.53;4.2;6;1.53;4;6;1.78;2.02;0.48;0.1;0.41;0.28;0.44;0.0;0.67;0.0;1.19;1.0;2.19;0.56;2.75;3.31;1.24;0.88;1.24;0.88;2.58;2.73;
g_1_bDcQeF0n;35;22.04. 21:00;Las Palmas;Espanyol;160422;4;0;H;14;11;5;5;2.25;3.3;3.3;2.25;3.25;3.4;2.11;1.71;0.49;0.22;0.39;0.36;0.44;0.22;0.44;0.11;1.24;1.0;2.24;1.06;2.18;3.24;1.12;1.03;1.12;1.03;2.47;2.88;
g_1_l2jwgDp5;35;23.04. 22:05;Eibar;Deportivo de La Coruna;160423;1;1;D;9;9;11;7;2.25;3.2;3.4;2.2;3.3;3.2;1.99;1.81;0.53;0.35;0.4;0.37;0.33;0.22;0.33;0.11;1.41;1.18;2.59;1.0;1.53;2.53;1.32;1.24;1.32;1.24;2.88;2.88;
g_1_Sn2UfZFh;35;23.04. 20:30;Barcelona;Sporting de Gijon;160423;6;0;H;24;5;6;1;1.04;17;34;1.04;13.5;29;1.13;5.78;0.84;0.25;0.77;0.31;0.33;0.22;0.33;0.44;3.29;0.82;4.12;0.65;1.59;2.24;2.82;1.03;2.82;1.03;3.68;2.65;
g_1_dEECxh0O;35;23.04. 18:15;Atl. Madrid;Malaga;160423;1;0;H;14;7;10;4;1.33;5;11;1.3;4.75;10.5;2.01;1.78;0.81;0.35;0.77;0.41;1.0;0.56;1.0;0.22;1.81;0.44;2.25;0.71;1.06;1.76;1.71;0.91;1.71;0.91;2.18;1.82;
g_1_6w1YggVb;35;23.04. 16:00;Rayo Vallecano;Real Madrid;160423;2;3;A;11;16;4;6;8.5;5.5;1.33;7.75;5;1.35;1.34;3.17;0.49;0.67;0.34;0.76;0.78;1.0;0.44;1.0;1.41;1.47;2.88;2.12;1.0;3.12;1.35;2.97;1.35;2.97;3.29;3.85;
g_1_2iF8wYpI;35;24.04. 20:30;Villarreal;Real Sociedad;160424;0;0;D;8;7;3;5;1.73;3.75;5;1.8;3.6;4.25;1.93;1.86;0.76;0.35;0.59;0.4;0.44;0.33;0.33;0.33;1.53;0.59;2.12;1.29;1.65;2.94;1.24;1.24;1.24;1.24;2.15;2.59;
g_1_dSgoiiFH;35;24.04. 18:15;Getafe;Valencia;160424;2;2;D;18;5;8;2;3.2;3.3;2.3;3.1;3.3;2.25;1.87;1.91;0.45;0.35;0.3;0.42;0.22;0.33;0.33;1.0;1.18;1.0;2.18;1.0;1.18;2.18;0.91;1.24;0.91;1.24;2.74;2.41;
g_1_faXFyCFU;35;24.04. 16:00;Sevilla;Real Betis;160424;2;0;H;13;8;8;5;1.5;4.33;6.5;1.45;4.33;6.5;1.52;2.44;0.78;0.39;0.48;0.4;0.44;0.11;0.11;0.78;2.06;1.0;3.06;0.94;1.53;2.47;1.38;0.91;1.38;0.91;2.62;2.26;
g_1_KMbMdeot;35;24.04. 12:00;Levante;Athletic Club;160424;2;2;D;10;19;4;9;3.4;3.2;2.25;3.25;3.25;2.2;2.09;1.72;0.43;0.45;0.27;0.53;0.78;0.67;0.33;0.67;1.12;1.35;2.47;1.24;1.53;2.76;0.91;1.5;0.91;1.5;2.71;2.71;
g_1_25fshXaB;35;25.04. 20:30;Celta de Vigo;Granada;160425;2;1;H;15;11;4;4;1.53;4.33;6;1.53;4;6;1.71;2.1;0.53;0.25;0.53;0.32;0.56;0.11;0.56;0.44;1.53;1.41;2.94;0.88;2.06;2.94;1.38;1.12;1.38;1.12;2.97;2.91;
g_1_zJtPLg1P;36;29.04. 20:30;Sporting de Gijon;Eibar;160429;2;0;H;3;12;1;5;1.6;3.8;5.75;1.62;3.8;5.75;1.87;1.92;0.37;0.27;0.3;0.4;0.67;0.11;0.44;0.44;1.41;1.65;3.06;1.24;1.94;3.18;1.0;1.31;1.0;1.31;2.74;2.86;
g_1_QmL3EBga;36;30.04. 22:05;Granada;Las Palmas;160430;3;2;H;14;12;4;3;1.6;3.8;6;1.62;4;5.5;1.96;1.83;0.39;0.29;0.31;0.41;0.56;0.67;0.33;0.44;1.35;1.53;2.88;1.0;1.71;2.71;1.11;1.2;1.11;1.2;2.91;2.51;
g_1_WQLaFivg;36;30.04. 20:30;Real Betis;Barcelona;160430;0;2;A;2;11;2;4;21;9;1.13;19;9.5;1.12;1.23;3.97;0.41;0.71;0.39;0.78;0.67;0.44;0.44;0.67;0.88;1.18;2.06;2.35;0.88;3.24;0.89;2.91;0.89;2.91;2.26;3.74;
g_1_KjIeGXOn;36;30.04. 18:15;Atl. Madrid;Rayo Vallecano;160430;1;0;H;12;13;5;7;1.33;5;10;1.28;5.75;11;1.58;2.33;0.82;0.2;0.78;0.33;1.0;0.22;1.0;0.44;1.76;0.41;2.18;1.29;2.41;3.71;1.69;1.37;1.69;1.37;2.14;3.34;
g_1_n3mscAOO;36;30.04. 16:00;Real Sociedad;Real Madrid;160430;0;1;A;11;18;6;6;5;4;1.67;5;4;1.67;1.63;2.24;0.45;0.69;0.4;0.77;0.33;1.0;0.11;1.0;1.18;1.06;2.24;2.18;1.06;3.24;1.2;2.97;1.2;2.97;2.51;3.89;
g_1_8Clwbj9I;36;01.05. 20:30;Valencia;Villarreal;160501;0;2;A;7;8;9;3;2.2;3.3;3.4;2.15;3.4;3.4;1.84;1.95;0.49;0.41;0.42;0.58;0.67;0.33;0.78;0.11;1.47;1.18;2.65;0.94;1.24;2.18;1.26;1.2;1.26;1.2;2.46;2.09;
g_1_QmaYbWgC;36;01.05. 18:15;Deportivo de La Coruna;Getafe;160501;0;2;A;15;11;8;5;2.3;3.3;3.2;2.25;3.4;3.25;1.89;1.9;0.39;0.16;0.37;0.3;0.33;0.33;0.22;0.44;1.47;1.76;3.24;0.65;2.65;3.29;1.23;0.94;1.23;0.94;2.86;2.77;
g_1_4vK7DV85;36;01.05. 16:00;Espanyol;Sevilla;160501;1;0;H;11;7;4;2;2.3;3.3;3.1;2.35;3.4;3;1.74;2.06;0.51;0.18;0.35;0.5;0.44;0.0;0.11;0.44;1.0;1.53;2.53;0.71;1.47;2.18;1.0;1.4;1.0;1.4;2.91;2.6;
g_1_xSSjHD9t;36;01.05. 12:00;Athletic Club;Celta de Vigo;160501;2;1;H;10;5;7;2;1.85;3.6;4.33;1.85;3.6;4.25;1.78;2.01;0.61;0.53;0.52;0.54;0.44;0.78;0.44;0.56;1.76;0.88;2.65;1.24;1.76;3.0;1.51;1.4;1.51;1.4;2.74;2.97;
g_1_MFECCkOB;36;02.05. 20:30;Malaga;Levante;160502;3;1;H;21;11;13;7;2.2;3.2;3.5;2.15;3.4;3.4;2.04;1.75;0.47;0.12;0.4;0.28;0.22;0.0;0.11;0.44;1.12;0.76;1.88;0.71;2.24;2.94;0.89;0.94;0.89;0.94;1.8;2.74;
g_1_Q3yGfow7;37;08.05. 17:00;Barcelona;Espanyol;160508;5;0;H;13;4;8;0;1.04;17;41;1.03;19.5;31;1.11;6.22;0.85;0.2;0.79;0.37;0.33;0.11;1.0;0.44;3.44;0.78;4.22;1.0;2.28;3.28;2.89;1.0;2.89;1.0;3.69;2.86;
g_1_zyKwAQxf;37;08.05. 17:00;Celta de Vigo;Malaga;160508;1;0;H;12;13;4;3;1.5;4.2;7;1.5;4.1;6.25;1.67;2.19;0.56;0.33;0.53;0.42;0.56;0.44;0.44;0.44;1.56;1.39;2.94;0.67;1.06;1.72;1.39;0.94;1.39;0.94;2.97;1.86;
g_1_EPHAGSaQ;37;08.05. 17:00;Eibar;Real Betis;160508;1;1;D;21;6;8;2;2.1;3.6;3.4;2.15;3.4;3.2;1.78;2.02;0.52;0.37;0.39;0.38;0.44;0.11;0.11;0.33;1.39;1.17;2.56;0.89;1.56;2.44;1.28;0.86;1.28;0.86;2.83;2.25;
g_1_K2I6H8pK;37;08.05. 17:00;Getafe;Sporting de Gijon;160508;1;1;D;19;9;7;3;2.1;3.6;3.4;2.15;3.4;3.2;1.88;1.91;0.44;0.24;0.32;0.32;0.22;0.22;0.78;0.67;1.22;1.06;2.28;0.61;1.83;2.44;0.97;1.03;0.97;1.03;2.75;2.72;
g_1_4fzKg5hD;37;08.05. 17:00;Las Palmas;Athletic Club;160508;0;0;D;4;8;2;2;4;3.6;1.91;4;3.5;1.87;1.74;2.06;0.52;0.44;0.4;0.54;0.78;0.44;0.33;0.44;1.39;0.94;2.33;1.28;1.56;2.83;1.22;1.53;1.22;1.53;2.58;2.75;
g_1_dUWBeRN0;37;08.05. 17:00;Levante;Atl. Madrid;160508;2;1;H;12;17;4;5;17;6.5;1.2;14.5;5.5;1.22;1.78;2.02;0.43;0.74;0.27;0.79;0.56;0.67;0.11;1.0;1.17;1.39;2.56;1.61;0.5;2.11;0.94;1.67;0.94;1.67;2.78;2.11;
g_1_6aE2IlVD;37;08.05. 17:00;Real Madrid;Valencia;160508;3;2;H;15;17;5;8;1.2;7.5;11;1.2;7;10.5;1.22;4.03;0.85;0.35;0.78;0.41;1.0;0.44;1.0;0.44;3.72;0.78;4.5;1.06;1.22;2.28;2.92;1.22;2.92;1.22;3.81;2.44;
g_1_dpLZA6Nm;37;08.05. 17:00;Real Sociedad;Rayo Vallecano;160508;2;1;H;12;18;5;11;3.5;3.6;2.05;3.25;3.5;2.1;1.6;2.31;0.43;0.19;0.39;0.32;0.33;0.11;0.11;0.11;1.11;1.06;2.17;1.22;2.33;3.56;1.17;1.33;1.17;1.33;2.47;3.28;
g_1_GY3xCn8s;37;08.05. 17:00;Sevilla;Granada;160508;1;4;A;12;10;5;4;2.88;3.75;2.3;2.7;3.4;2.45;1.62;2.26;0.8;0.24;0.48;0.33;0.44;0.11;0.33;0.67;2.06;0.94;3.0;0.89;2.06;2.94;1.36;1.17;1.36;1.17;2.56;2.97;
g_1_UcJs9ph0;37;08.05. 17:00;Villarreal;Deportivo de La Coruna;160508;0;2;A;11;8;8;5;2.45;3.1;3.1;2.4;3.1;3;2.05;1.76;0.74;0.35;0.59;0.36;0.56;0.33;0.44;0.11;1.44;0.56;2.0;1.0;1.5;2.5;1.22;1.19;1.22;1.19;2.08;2.83;
g_1_fNgomrEq;38;13.05. 20:30;Valencia;Real Sociedad;160513;0;1;A;8;14;4;6;1.95;3.75;3.75;1.95;3.7;3.75;1.58;2.32;0.46;0.35;0.4;0.41;0.67;0.44;0.11;0.44;1.39;1.22;2.61;1.22;1.56;2.78;1.24;1.19;1.24;1.19;2.51;2.49;
g_1_6ax96WE4;38;14.05. 19:30;Athletic Club;Sevilla;160514;3;1;H;13;8;7;6;1.33;5.75;8;1.34;5.5;7;1.47;2.6;0.63;0.17;0.53;0.47;0.67;0.0;0.56;0.33;1.78;0.89;2.67;0.67;1.44;2.11;1.49;1.35;1.49;1.35;2.68;2.62;
g_1_GU9nkVqU;38;14.05. 19:30;Atl. Madrid;Celta de Vigo;160514;2;0;H;12;7;4;4;1.75;3.75;4.5;1.83;3.6;4.1;1.85;1.94;0.83;0.5;0.77;0.54;1.0;0.44;0.67;0.67;1.72;0.39;2.11;1.22;1.78;3.0;1.65;1.38;1.65;1.38;2.14;2.92;
g_1_ppl08hph;38;14.05. 17:00;Deportivo de La Coruna;Real Madrid;160514;0;2;A;10;16;4;8;13;8;1.18;11.5;6.5;1.2;1.24;3.83;0.37;0.7;0.38;0.78;0.0;1.0;0.44;1.0;1.39;1.78;3.17;2.11;1.0;3.11;1.22;2.92;1.22;2.92;2.81;3.84;
g_1_Wtpd9YUo;38;14.05. 17:00;Granada;Barcelona;160514;0;3;A;8;12;5;6;26;11;1.08;21;9;1.1;1.2;4.3;0.43;0.72;0.35;0.79;0.78;0.67;0.67;1.0;1.44;1.56;3.0;2.33;0.83;3.17;1.24;2.95;1.24;2.95;3.03;3.73;
g_1_zZtD5jUA;38;15.05. 19:30;Rayo Vallecano;Levante;160515;3;1;H;21;8;9;3;1.33;5.25;9;1.33;4.75;9.25;1.41;2.79;0.46;0.11;0.32;0.29;0.67;0.0;0.0;0.44;1.44;1.56;3.0;0.72;2.28;3.0;1.32;0.97;1.32;0.97;3.27;2.78;
g_1_IwdEpkho;38;15.05. 19:30;Real Betis;Getafe;160515;2;1;H;7;14;3;2;5;3.8;1.7;4.6;3.8;1.7;1.68;2.16;0.39;0.2;0.38;0.32;0.67;0.67;0.11;0.56;0.83;1.22;2.06;0.72;2.5;3.22;0.86;0.97;0.86;0.97;2.24;2.73;
g_1_EPuH4AqH;38;15.05. 19:30;Sporting de Gijon;Villarreal;160515;2;0;H;16;10;4;1;1.44;4.5;7.5;1.44;4.33;7;1.81;1.98;0.41;0.44;0.32;0.58;0.67;0.33;0.44;0.44;1.44;1.56;3.0;1.0;1.17;2.17;1.03;1.19;1.03;1.19;2.7;2.08;
g_1_S8w57Cab;38;15.05. 19:00;Espanyol;Eibar;160515;4;2;H;11;13;3;4;2;3.6;3.7;2;3.6;3.4;1.7;2.12;0.54;0.26;0.36;0.39;0.44;0.0;0.33;0.22;1.0;1.44;2.44;1.17;1.94;3.11;0.97;1.27;0.97;1.27;2.92;2.81;
g_1_zJhkjBUN;38;15.05. 12:00;Malaga;Las Palmas;160515;4;1;H;14;12;3;6;1.8;3.75;4.5;1.83;3.7;4;1.78;2.02;0.5;0.28;0.41;0.4;0.44;0.33;0.33;0.44;1.22;0.78;2.0;1.06;1.78;2.83;0.92;1.19;0.92;1.19;1.84;2.51;
