ID;jornada;horario;local;visitante;Date;FTHG;FTAG;FTR;HS;AS;HC;AC;B365H;B365D;B365A;BWH;BWD;BWA;BbAv>2.5;BbAv<2.5;
g_1_GGhtFRX2;38;20.05. 18:30;Atlético de Madrid;Eibar;20/05/18;2;2;D;8;14;2;2;1.61;3.8;6;1.6;4;5.75;1.82;1.98;
g_1_lUjlD52F;38;20.05. 16:15;Athletic Club;Espanyol;20/05/18;0;1;A;12;11;7;7;2.04;3.5;3.6;2;3.5;3.8;1.75;2.06;
g_1_zROy41P1;38;20.05. 12:00;Valencia;Deportivo de La Coruña;20/05/18;2;1;H;22;12;8;4;1.4;4.75;8;1.36;5;8.5;1.37;2.98;
g_1_dzQX4sAe;38;19.05. 20:45;Villarreal;Real Madrid;19/05/18;2;2;D;14;15;4;5;3.1;4.1;2.1;3.1;4.2;2.05;1.26;3.79;
g_1_2DlxG7Id;38;19.05. 18:30;Las Palmas;Girona;19/05/18;1;2;A;13;12;4;3;3.1;3.5;2.25;3;3.7;2.25;1.57;2.36;
g_1_AwhpEom9;38;19.05. 18:30;Málaga;Getafe;19/05/18;0;1;A;6;11;2;9;3.3;3.3;2.25;3.1;3.5;2.25;1.88;1.91;
g_1_65ogCPHL;38;19.05. 18:30;Sevilla;Alavés;19/05/18;1;0;H;20;10;8;3;1.4;4.75;8;1.42;5;7;1.4;2.86;
g_1_pdpcBqXR;38;19.05. 16:15;Leganés;Real Betis;19/05/18;3;2;H;8;16;6;4;2.7;3.6;2.5;2.7;3.5;2.55;1.66;2.19;
g_1_WAaxH5mp;37;13.05. 20:45;Levante;Barcelona;13/05/18;5;4;H;12;18;3;8;10;5.25;1.3;9.25;5.75;1.3;1.33;3.23;
g_1_vDKcOmeA;37;13.05. 16:15;Espanyol;Málaga;13/05/18;4;1;H;19;9;5;3;1.61;3.7;6.25;1.67;3.5;6;2.08;1.74;
g_1_QoEuGP2j;37;12.05. 20:45;Real Madrid;Celta de Vigo;12/05/18;6;0;H;15;5;4;2;1.36;5;9;1.35;5.5;8;1.24;3.94;
g_1_YZJ1N7AG;37;12.05. 18:30;Alavés;Athletic Club;12/05/18;3;1;H;4;13;0;8;2.5;3.29;2.89;2.55;3.25;2.85;2.24;1.64;
g_1_4xDqFqId;37;12.05. 18:30;Deportivo de La Coruña;Villarreal;12/05/18;2;4;A;16;11;11;0;3.5;3.6;2.04;3.6;3.5;2.05;1.69;2.15;
g_1_roRlQ9Qc;37;12.05. 18:30;Eibar;Las Palmas;12/05/18;1;0;H;10;8;3;11;1.39;4.5;9;1.4;4.75;7.75;1.66;2.19;
g_1_0MLgPTu4;37;12.05. 18:30;Getafe;Atlético de Madrid;12/05/18;0;1;A;11;5;8;2;2.79;3.1;2.79;2.75;3.1;2.75;2.66;1.46;
g_1_4fSpRkBi;37;12.05. 18:30;Girona;Valencia;12/05/18;0;1;A;16;10;6;2;2.5;3.39;2.75;2.65;3.4;2.65;1.7;2.13;
g_1_nwO5MRPM;37;12.05. 18:30;Real Betis;Sevilla;12/05/18;2;2;D;9;13;4;5;2.62;3.39;2.7;2.6;3.5;2.65;1.58;2.35;
g_1_CS39dv60;36;09.05. 21:30;Sevilla;Real Madrid;09/05/18;3;2;H;14;14;2;3;2.45;3.7;2.62;2.5;3.9;2.55;1.41;2.85;
g_1_KSNQLfZB;36;07.05. 21:00;Leganés;Levante;07/05/18;0;3;A;13;10;6;5;2.1;3.2;3.89;2.05;3.3;3.9;2.27;1.62;
g_1_bJMUKElI;36;06.05. 20:45;Barcelona;Real Madrid;06/05/18;2;2;D;11;17;6;5;1.66;4.33;4.5;1.67;4.33;4.5;1.33;3.22;
g_1_MDR5QIKt;36;06.05. 18:30;Las Palmas;Getafe;06/05/18;0;1;A;21;8;9;4;4;3.29;2;3.8;3.4;2.05;2.05;1.75;
g_1_GzR9Pxzm;36;06.05. 16:15;Atlético de Madrid;Espanyol;06/05/18;0;2;A;9;14;6;3;1.39;4.2;10;1.36;4.6;10;2.16;1.69;
g_1_UwVDOdkg;36;06.05. 12:00;Málaga;Alavés;06/05/18;0;3;A;16;13;6;7;2.39;3.2;3.1;2.45;3.1;3.1;2.36;1.58;
g_1_jiv326Yj;36;05.05. 20:45;Villarreal;Valencia;05/05/18;1;0;H;13;6;7;3;2.25;3.39;3.2;2.25;3.4;3.2;1.75;2.06;
g_1_vHza3nJp;36;05.05. 18:30;Celta de Vigo;Deportivo de La Coruña;05/05/18;1;1;D;13;11;4;10;1.61;4;5.5;1.6;4.2;5.25;1.56;2.4;
g_1_C2KING4a;36;05.05. 16:15;Athletic Club;Real Betis;05/05/18;2;0;H;14;6;4;5;2.25;3.29;3.29;2.2;3.4;3.3;1.92;1.87;
g_1_K4uvVbCP;35;05.05. 13:00;Girona;Eibar;05/05/18;1;4;A;16;15;6;5;2.1;3.29;3.75;2.05;3.3;3.9;2.22;1.65;
g_1_CtqrBwLg;35;30.04. 21:00;Real Betis;Málaga;30/04/18;2;1;H;12;9;6;4;1.44;4.5;7.5;1.36;5;9;1.77;2.03;
g_1_tMza7eKI;35;29.04. 20:45;Deportivo de La Coruña;Barcelona;29/04/18;2;4;A;17;21;6;7;12;6;1.25;9.5;6;1.28;1.31;3.35;
g_1_0lp4ILSJ;35;29.04. 18:30;Valencia;Eibar;29/04/18;0;0;D;16;8;8;2;1.5;4;7.5;1.5;4.2;6.75;1.79;2.02;
g_1_r7vvCJ5m;35;29.04. 16:15;Alavés;Atlético de Madrid;29/04/18;0;1;A;7;14;3;4;3.29;3.1;2.37;3.4;3.2;2.25;2.53;1.51;
g_1_bZ27HurQ;35;29.04. 12:00;Getafe;Girona;29/04/18;1;1;D;10;15;4;4;2.1;3.1;4;2.05;3.25;4;2.41;1.55;
g_1_KCZ26FZO;35;28.04. 20:45;Villarreal;Celta de Vigo;28/04/18;4;1;H;13;15;5;7;1.72;3.75;5;1.75;3.7;4.75;1.75;2.07;
g_1_naye8y5C;35;28.04. 18:30;Real Madrid;Leganés;28/04/18;2;1;H;12;16;3;2;1.3;5.5;10;1.3;5.5;9.75;1.5;2.54;
g_1_jXsnAcz0;35;28.04. 16:15;Real Sociedad;Athletic Club;28/04/18;3;1;H;17;9;3;7;1.85;3.6;4.33;1.87;3.6;4.25;1.9;1.9;
g_1_4GuzDajs;34;28.04. 13:00;Espanyol;Las Palmas;28/04/18;1;1;D;16;13;6;7;1.36;4.75;9.5;1.42;4.33;8.5;1.9;1.9;
g_1_I545cKjf;34;23.04. 21:00;Athletic Club;Levante;23/04/18;1;3;A;18;11;2;9;1.66;3.75;5.5;1.7;3.7;5.25;2.12;1.71;
g_1_MwBdatMs;34;22.04. 20:45;Atlético de Madrid;Real Betis;22/04/18;0;0;D;10;10;8;3;1.61;3.75;6;1.62;3.8;6;2.05;1.76;
g_1_KUOU3MDQ;34;22.04. 18:30;Las Palmas;Alavés;22/04/18;0;4;A;12;10;3;3;3.1;3.2;2.39;3.1;3.3;2.35;2.1;1.72;
g_1_4201b0yl;34;22.04. 16:15;Málaga;Real Sociedad;22/04/18;2;0;H;4;14;5;3;5.25;3.6;1.72;5.25;3.5;1.75;2.03;1.77;
g_1_C4PQ42bK;34;22.04. 12:00;Girona;Espanyol;22/04/18;0;2;A;20;5;10;0;2.14;3.25;3.6;2.1;3.3;3.7;2.22;1.65;
g_1_nodMgxjJ;34;21.04. 16:15;Celta de Vigo;Valencia;21/04/18;1;1;D;10;17;4;3;2.7;3.39;2.6;2.6;3.4;2.7;1.84;1.96;
g_1_YDQM5rqE;34;21.04. 13:00;Eibar;Getafe;21/04/18;0;1;A;12;7;8;3;2.04;3.2;4;2.1;3.2;3.8;2.49;1.53;
g_1_SGkNps7l;34;19.04. 21:30;Levante;Málaga;19/04/18;1;0;H;11;10;4;3;1.85;3.5;4.5;1.83;3.4;4.75;2.3;1.6;
g_1_Wp4ij3qR;33;19.04. 21:30;Real Betis;Las Palmas;19/04/18;1;0;H;17;1;6;3;1.36;5.25;7.5;1.36;5.25;8;1.44;2.72;
g_1_KA0miqUK;33;19.04. 19:30;Alavés;Girona;19/04/18;1;2;A;11;14;3;6;2.37;3.1;3.29;2.45;3.1;3.1;2.3;1.61;
g_1_lQjJoNir;33;19.04. 19:30;Real Sociedad;Atlético de Madrid;19/04/18;3;0;H;12;9;6;6;3.29;3.29;2.25;3.3;3.3;2.25;2.14;1.7;
g_1_phpSq1Mf;33;18.04. 21:30;Real Madrid;Athletic Club;18/04/18;1;1;D;29;6;16;2;1.19;7;12;1.22;6.75;11.5;1.3;3.44;
g_1_xnBrhPEE;33;18.04. 19:30;Espanyol;Eibar;18/04/18;0;1;A;10;5;3;6;2.29;3.1;3.39;2.35;3.1;3.3;2.46;1.54;
g_1_beCvg5a8;33;18.04. 19:30;Valencia;Getafe;18/04/18;1;2;A;10;8;7;5;1.44;4;8;1.48;4.1;7.5;1.9;1.89;
g_1_I5rzrui7;33;17.04. 21:30;Villarreal;Leganés;17/04/18;2;1;H;17;6;10;4;1.6;3.79;6.5;1.57;3.8;6.5;2.19;1.67;
g_1_W8nvsa6D;33;17.04. 21:00;Celta de Vigo;Barcelona;17/04/18;2;2;D;18;14;6;4;4.75;4.33;1.64;4.75;4.2;1.65;1.51;2.52;
g_1_t0RuY3Nr;33;15.04. 20:45;Málaga;Real Madrid;15/04/18;1;2;A;13;16;4;7;10;5.5;1.28;10.5;5.75;1.28;1.48;2.58;
g_1_jcV3gEgi;32;15.04. 18:30;Getafe;Espanyol;15/04/18;1;0;H;13;5;4;3;2.14;3.1;3.75;2.2;3.1;3.7;2.67;1.46;
g_1_4z4CkWhG;32;15.04. 16:15;Atlético de Madrid;Levante;15/04/18;3;0;H;13;11;8;3;1.22;6;15;1.22;6.25;15;1.83;1.97;
g_1_40Z7hY8c;32;15.04. 12:00;Eibar;Alavés;15/04/18;0;1;A;21;2;12;1;1.83;3.39;4.75;1.83;3.3;5;2.28;1.62;
g_1_zNQqXNxk;32;14.04. 20:45;Athletic Club;Deportivo de La Coruña;14/04/18;2;3;A;13;5;11;6;1.66;3.75;5.5;1.67;3.75;5.5;2.02;1.78;
g_1_xEXFjCwA;32;14.04. 18:30;Las Palmas;Real Sociedad;14/04/18;0;1;A;7;20;4;6;3.79;3.6;1.95;3.7;3.6;2;1.69;2.16;
g_1_WlKhV171;32;14.04. 18:30;Leganés;Celta de Vigo;14/04/18;1;0;H;19;5;8;3;3.1;3.2;2.39;3.3;3.1;2.35;2.29;1.61;
g_1_AuJdULM7;32;14.04. 16:15;Barcelona;Valencia;14/04/18;2;1;H;12;17;6;5;1.28;6;9.5;1.3;5.75;9;1.4;2.88;
g_1_lQUmWshe;32;14.04. 13:00;Sevilla;Villarreal;14/04/18;2;2;D;18;7;10;2;1.8;3.75;4.5;1.83;3.7;4.25;1.7;2.13;
g_1_I90kzigT;32;09.04. 21:00;Villarreal;Athletic Club;09/04/18;1;3;A;7;17;3;6;1.85;3.5;4.5;1.91;3.5;4.1;2.18;1.67;
g_1_GvHLtyAo;31;08.04. 20:45;Valencia;Espanyol;08/04/18;1;0;H;14;21;4;3;1.5;4.33;6.5;1.48;4.4;6.75;1.92;1.88;
g_1_jc9YwZg4;31;08.04. 18:30;Real Sociedad;Girona;08/04/18;5;0;H;13;8;4;5;1.9;3.6;4;1.83;3.9;4.1;1.8;2;
g_1_dfCtxDOG;31;08.04. 16:15;Real Madrid;Atlético de Madrid;08/04/18;1;1;D;30;9;11;2;1.75;3.75;4.75;1.75;3.8;4.75;1.78;2.03;
g_1_pK8xwg9A;31;08.04. 12:00;Levante;Las Palmas;08/04/18;2;1;H;11;17;4;5;1.9;3.6;4;1.9;3.5;4.25;2;1.81;
g_1_lhiLUUGj;31;07.04. 20:45;Barcelona;Leganés;07/04/18;3;1;H;12;11;5;3;1.12;9;21;1.13;8.5;21;1.42;2.8;
g_1_C6AUvFvb;31;07.04. 18:30;Real Betis;Eibar;07/04/18;2;0;H;13;5;7;8;2.25;3.39;3.25;2.25;3.3;3.3;1.93;1.87;
g_1_A1hHVA1p;31;07.04. 16:15;Celta de Vigo;Sevilla;07/04/18;4;0;H;12;16;3;10;2.2;3.39;3.29;2.15;3.5;3.3;1.81;1.99;
g_1_fVFPuePi;31;07.04. 13:00;Alavés;Getafe;07/04/18;2;0;H;11;5;1;3;2.45;3;3.2;2.4;3.1;3.2;2.59;1.48;
g_1_SfdrTHun;31;02.04. 21:00;Getafe;Real Betis;02/04/18;0;1;A;8;7;4;0;1.95;3.5;3.75;2;3.25;3.8;1.99;1.8;
g_1_dzlaPZvB;30;01.04. 20:45;Atlético de Madrid;Deportivo de La Coruña;01/04/18;1;0;H;15;10;9;7;1.22;5.75;13;1.22;5.75;14;1.73;2.09;
g_1_MHenSyeh;30;01.04. 18:30;Eibar;Real Sociedad;01/04/18;0;0;D;15;7;8;1;2.37;3.39;2.87;2.35;3.4;2.85;1.87;1.92;
g_1_40m3OgfH;30;01.04. 18:30;Málaga;Villarreal;01/04/18;1;0;H;13;11;3;6;3.5;3.2;2.14;3.2;3.2;2.25;2.25;1.63;
g_1_2yTwIiXp;30;01.04. 16:15;Leganés;Valencia;01/04/18;0;1;A;8;3;5;2;3.75;3.39;2;3.8;3.25;2;2.13;1.71;
g_1_l4cvUcQu;30;01.04. 12:00;Espanyol;Alavés;01/04/18;0;0;D;12;13;6;5;2.04;3.2;3.75;2;3.2;3.9;2.47;1.53;
g_1_QFyCMXOT;30;31.03. 20:45;Sevilla;Barcelona;31/03/18;2;2;D;21;20;5;9;4.75;4;1.66;4.75;3.9;1.67;1.63;2.26;
g_1_IqkeQFP4;30;31.03. 18:30;Las Palmas;Real Madrid;31/03/18;0;3;A;17;17;3;3;10;6;1.25;8.75;6.25;1.26;1.28;3.59;
g_1_rin7ND9N;30;31.03. 16:15;Athletic Club;Celta de Vigo;31/03/18;1;1;D;11;13;4;5;2.04;3.29;3.6;2.1;3.25;3.5;2.03;1.78;
g_1_dGLDDxta;30;18.03. 20:45;Real Madrid;Girona;18/03/18;6;3;H;20;10;6;7;1.16;7.5;17;1.18;7.75;14;1.22;4.06;
g_1_GGSPAzQH;29;18.03. 18:30;Celta de Vigo;Málaga;18/03/18;0;0;D;9;5;4;5;1.44;4.5;7;1.45;4.6;7;1.91;1.89;
g_1_IV9MBGAB;29;18.03. 18:30;Villarreal;Atlético de Madrid;18/03/18;2;1;H;17;8;5;4;4.2;3.1;2.04;3.9;3.25;2.05;2.37;1.58;
g_1_AwST9fuO;29;18.03. 16:15;Barcelona;Athletic Club;18/03/18;2;0;H;18;10;6;5;1.16;8;15;1.15;8;19;1.46;2.68;
g_1_lUQX8EfU;29;18.03. 12:00;Leganés;Sevilla;18/03/18;2;1;H;12;10;5;4;3.7;3.29;2.1;3.7;3.3;2.1;2.19;1.67;
g_1_6RS0Gvdt;29;17.03. 20:45;Real Betis;Espanyol;17/03/18;3;0;H;9;4;3;5;2.2;3.39;3.29;2.25;3.25;3.4;2.03;1.79;
g_1_ljI5FbBn;29;17.03. 18:30;Real Sociedad;Getafe;17/03/18;1;2;A;8;9;7;1;1.72;3.6;5.25;1.7;3.7;5.25;1.89;1.91;
g_1_U5yZKKmP;29;17.03. 16:15;Valencia;Alavés;17/03/18;3;1;H;24;16;9;2;1.44;4.5;7.5;1.45;4.33;7.75;1.74;2.08;
g_1_z7KHCde5;29;17.03. 13:00;Deportivo de La Coruña;Las Palmas;17/03/18;1;1;D;13;8;9;2;1.72;3.75;5;1.75;3.7;4.75;1.74;2.08;
g_1_rVEcLTs8;29;12.03. 21:00;Alavés;Real Betis;12/03/18;1;3;A;9;10;6;2;2.14;3.29;3.6;2.15;3.4;3.4;1.99;1.82;
g_1_xClmcHeI;28;11.03. 20:45;Athletic Club;Leganés;11/03/18;2;0;H;13;12;3;6;1.9;3.29;4.5;1.91;3.2;4.6;2.59;1.48;
g_1_OnZs0JBa;28;11.03. 18:30;Las Palmas;Villarreal;11/03/18;0;2;A;9;11;7;3;3.5;3.5;2.1;3.4;3.4;2.15;1.98;1.83;
g_1_I9YoawR5;28;11.03. 16:15;Atlético de Madrid;Celta de Vigo;11/03/18;3;0;H;7;8;6;4;1.39;4.75;8;1.4;4.6;8.5;1.83;1.97;
g_1_MLD1KmcE;28;11.03. 12:00;Espanyol;Real Sociedad;11/03/18;2;1;H;18;11;6;4;2.87;3.1;2.62;2.7;3.2;2.7;2.1;1.73;
g_1_d0XkbctC;28;10.03. 20:45;Málaga;Barcelona;10/03/18;0;2;A;6;20;2;5;13;6;1.25;12;6;1.25;1.61;2.3;
g_1_lUtV2LRt;28;10.03. 18:30;Getafe;Levante;10/03/18;0;1;A;11;12;4;7;1.75;3.5;5.25;1.7;3.6;5.5;2.32;1.6;
g_1_G2midyBO;28;10.03. 16:15;Sevilla;Valencia;10/03/18;0;2;A;21;10;7;3;2;3.5;3.79;2.05;3.5;3.6;1.68;2.17;
g_1_SKuZ1usm;28;10.03. 13:00;Eibar;Real Madrid;10/03/18;1;2;A;12;12;8;6;5.75;4.75;1.5;5.75;4.75;1.5;1.47;2.62;
g_1_f9n5Fwfk;28;05.03. 21:00;Celta de Vigo;Las Palmas;05/03/18;2;1;H;14;10;10;7;1.44;4.33;7;1.42;4.5;8;1.58;2.34;
g_1_6qEHOsX2;27;04.03. 20:45;Valencia;Real Betis;04/03/18;2;0;H;12;9;7;0;1.44;4.75;6.5;1.5;4.75;5.75;1.43;2.75;
g_1_pzDLN1n9;27;04.03. 18:30;Real Sociedad;Alavés;04/03/18;2;1;H;14;3;8;4;1.64;4;5.25;1.65;4;5.25;1.82;1.99;
g_1_Yao9Ec9e;27;04.03. 16:15;Barcelona;Atlético de Madrid;04/03/18;1;0;H;16;6;12;1;1.72;3.79;4.75;1.75;3.8;4.75;1.89;1.91;
g_1_Sb2QML1F;27;04.03. 12:00;Levante;Espanyol;04/03/18;1;1;D;13;15;2;1;3.1;3.1;2.45;3;3.1;2.55;2.36;1.59;
g_1_t26ULuHL;27;03.03. 20:45;Real Madrid;Getafe;03/03/18;3;1;H;14;4;8;0;1.19;7.5;13;1.2;7;13;1.35;3.13;
g_1_zP5YKaWR;27;03.03. 18:30;Deportivo de La Coruña;Eibar;03/03/18;1;1;D;7;16;2;9;2.79;3.1;2.7;2.65;3.3;2.7;2.02;1.8;
g_1_SMpDDHO1;27;03.03. 18:30;Leganés;Málaga;03/03/18;2;0;H;10;4;6;1;2.14;2.89;4;2.15;3;4;2.84;1.41;
g_1_vclHCyv8;27;03.03. 16:15;Sevilla;Athletic Club;03/03/18;2;0;H;18;10;8;4;1.7;3.75;5.25;1.72;3.75;5;1.87;1.94;
g_1_WlvuBO23;27;01.03. 21:30;Alavés;Levante;01/03/18;1;0;H;15;6;5;3;1.8;3.39;5;1.8;3.4;5;2.3;1.61;
g_1_I9IN20Aq;26;01.03. 21:00;Las Palmas;Barcelona;01/03/18;1;1;D;12;10;6;6;15;7.5;1.18;12.5;7.25;1.2;1.35;3.14;
g_1_KEzyC4mc;26;01.03. 19:30;Real Betis;Real Sociedad;01/03/18;0;0;D;8;13;4;10;2.79;3.39;2.39;2.65;3.6;2.55;1.49;2.56;
g_1_WCMR1KPk;26;28.02. 21:30;Atlético de Madrid;Leganés;28/02/18;4;0;H;15;9;5;1;1.25;5.25;15;1.25;5.5;15;2.23;1.65;
g_1_MwXi8MnM;26;28.02. 21:30;Eibar;Villarreal;28/02/18;1;0;H;13;11;6;4;2.2;3.2;3.6;2.25;3.2;3.4;2.06;1.76;
g_1_hSAz0bf2;26;28.02. 19:30;Athletic Club;Valencia;28/02/18;1;1;D;11;6;6;1;2.62;3.2;2.79;2.55;3.3;2.8;1.96;1.84;
g_1_42xm92XF;26;28.02. 19:30;Getafe;Deportivo de La Coruña;28/02/18;3;0;H;14;9;10;6;1.9;3.39;4.33;1.91;3.4;4.25;2.07;1.75;
g_1_EyCW0vud;26;28.02. 19:30;Málaga;Sevilla;28/02/18;0;1;A;8;6;9;4;3.5;3.2;2.14;3.4;3.4;2.15;2.04;1.77;
g_1_0UVe7t2S;26;27.02. 21:30;Girona;Celta de Vigo;27/02/18;1;0;H;11;10;6;4;2.29;3.5;3;2.4;3.4;2.95;1.85;1.96;
g_1_bqb4boJc;26;26.02. 21:00;Levante;Real Betis;26/02/18;0;2;A;12;15;5;5;2.5;3.29;2.87;2.5;3.4;2.8;1.79;2.01;
g_1_vJcll1ej;25;25.02. 20:45;Sevilla;Atlético de Madrid;25/02/18;2;5;A;10;13;5;4;3.39;3.2;2.25;3.2;3.3;2.3;2.16;1.69;
g_1_Kha0aR3i;25;25.02. 18:30;Valencia;Real Sociedad;25/02/18;2;1;H;7;9;4;4;1.7;4;4.75;1.7;4.1;4.6;1.51;2.52;
g_1_I9dhmLAd;25;25.02. 16:15;Athletic Club;Málaga;25/02/18;2;1;H;8;8;6;4;1.75;3.5;5.25;1.7;3.6;5.5;2.24;1.64;
g_1_C8D9eq3G;25;25.02. 12:00;Villarreal;Getafe;25/02/18;1;0;H;10;3;2;8;1.75;3.75;4.75;1.83;3.5;4.6;2.13;1.7;
g_1_8z7IgNXS;25;24.02. 20:45;Barcelona;Girona;24/02/18;6;1;H;21;10;5;3;1.14;8;19;1.13;9.75;15.5;1.34;3.2;
g_1_Aqgpkstp;25;24.02. 18:30;Leganés;Las Palmas;24/02/18;0;0;D;11;4;6;5;1.8;3.5;4.75;1.83;3.4;4.75;2.18;1.68;
g_1_veF1c5Y3;25;24.02. 16:15;Real Madrid;Alavés;24/02/18;4;0;H;25;11;9;5;1.14;8.5;17;1.14;8.75;18;1.25;3.87;
g_1_QBHDf3IM;25;24.02. 13:00;Celta de Vigo;Eibar;24/02/18;2;0;H;8;15;3;9;2;3.5;3.7;2;3.5;3.8;1.83;1.98;
g_1_IPxVqn44;25;19.02. 21:00;Getafe;Celta de Vigo;19/02/18;3;0;H;9;4;5;5;2.5;3.29;2.87;2.4;3.3;3;2.04;1.77;
g_1_nRLJnlKo;24;18.02. 20:45;Real Betis;Real Madrid;18/02/18;3;5;A;20;12;7;5;9;6;1.3;8.25;5.5;1.34;1.23;4.05;
g_1_KvKRpSlb;24;18.02. 18:30;Espanyol;Villarreal;18/02/18;1;1;D;15;8;2;5;2.5;3.25;2.89;2.5;3.1;3.1;2.29;1.62;
g_1_n5Uot43T;24;18.02. 16:15;Atlético de Madrid;Athletic Club;18/02/18;2;0;H;14;4;5;2;1.44;4.2;8.5;1.45;4;8.75;2.39;1.56;
g_1_A9xyO4so;24;18.02. 12:00;Real Sociedad;Levante;18/02/18;3;0;H;13;9;2;4;1.57;4.2;5.75;1.6;4.1;5.5;1.6;2.31;
g_1_hn7EyOBp;24;17.02. 20:45;Málaga;Valencia;17/02/18;1;2;A;9;10;7;2;3.6;3.5;2.04;3.6;3.5;2.05;2.05;1.77;
g_1_QHKNo8Zi;24;17.02. 18:30;Alavés;Deportivo de La Coruña;17/02/18;1;0;H;14;5;9;3;1.9;3.39;4.33;1.91;3.5;4.1;2.05;1.77;
g_1_0lSZr6JA;24;17.02. 16:15;Eibar;Barcelona;17/02/18;0;2;A;13;10;6;0;6.5;4.75;1.44;6.75;4.5;1.48;1.62;2.28;
g_1_8EVssplN;24;17.02. 13:00;Las Palmas;Sevilla;17/02/18;1;2;A;11;12;7;5;3.5;3.6;2.04;3.4;3.7;2.05;1.64;2.25;
g_1_C6nGkHzQ;24;12.02. 21:00;Deportivo de La Coruña;Real Betis;12/02/18;0;1;A;16;10;8;1;2.2;3.6;3.1;2.2;3.5;3;1.59;2.33;
g_1_p0fURDrJ;23;11.02. 20:45;Valencia;Levante;11/02/18;3;1;H;18;5;7;9;1.5;4.33;6.5;1.48;4.1;6.75;1.63;2.26;
g_1_dvOnpebm;23;11.02. 18:30;Celta de Vigo;Espanyol;11/02/18;2;2;D;18;3;9;1;1.9;3.6;4;1.83;3.4;4.33;1.99;1.82;
g_1_44NjqFDg;23;11.02. 16:15;Barcelona;Getafe;11/02/18;0;0;D;12;10;9;3;1.12;9;19;1.1;9.25;19;1.3;3.39;
g_1_QJBasgr6;23;11.02. 12:00;Sevilla;Girona;11/02/18;1;0;H;13;14;7;2;1.72;3.79;4.75;1.67;3.9;4.75;1.75;2.06;
g_1_b3rCjcLJ;23;10.02. 20:45;Real Madrid;Real Sociedad;10/02/18;5;2;H;18;8;5;3;1.19;7;13;1.2;7;10.5;1.2;4.38;
g_1_reMfrZSa;23;10.02. 18:30;Leganés;Eibar;10/02/18;0;1;A;2;19;1;10;2.87;3.1;2.62;2.85;2.95;2.65;2.58;1.49;
g_1_YqF7uXCI;23;10.02. 16:15;Málaga;Atlético de Madrid;10/02/18;0;1;A;13;5;3;3;7.5;3.6;1.57;6.5;3.7;1.55;2.54;1.51;
g_1_ImProyqs;23;10.02. 13:00;Villarreal;Alavés;10/02/18;1;2;A;27;5;13;2;1.66;4;5;1.67;3.5;5.25;2.05;1.77;
g_1_lY0LTZD6;23;05.02. 21:00;Las Palmas;Málaga;05/02/18;1;0;H;11;9;4;2;2.25;3.39;3.2;2.25;3.3;3.3;1.95;1.86;
g_1_69eQSgTC;22;04.02. 20:45;Atlético de Madrid;Valencia;04/02/18;1;0;H;14;9;9;1;1.44;4.33;7.5;1.48;4.2;7.25;1.76;2.05;
g_1_As2HUFb0;22;04.02. 18:30;Girona;Athletic Club;04/02/18;2;0;H;8;9;2;4;2.39;3.29;3;2.5;3.25;2.9;2.17;1.68;
g_1_ML94XHEs;22;04.02. 16:15;Espanyol;Barcelona;04/02/18;1;1;D;7;12;0;7;9.5;5.25;1.33;9.5;5.25;1.33;1.65;2.23;
g_1_4pa9WyUm;22;04.02. 12:00;Getafe;Leganés;04/02/18;0;0;D;11;2;5;2;1.9;3.2;4.5;1.91;3.25;4.6;2.64;1.47;
g_1_AstnFzaD;22;03.02. 20:45;Levante;Real Madrid;03/02/18;2;2;D;12;23;4;6;13;7;1.19;14;7.75;1.18;1.35;3.13;
g_1_KCNxxb6Q;22;03.02. 18:30;Alavés;Celta de Vigo;03/02/18;2;1;H;9;16;2;1;2.62;3.2;2.79;2.65;3.25;2.75;2.01;1.8;
g_1_jwJYxviK;22;03.02. 16:15;Real Betis;Villarreal;03/02/18;2;1;H;13;12;2;6;2.79;3.39;2.5;2.8;3.3;2.55;1.7;2.14;
g_1_GK2DVeqf;22;03.02. 13:00;Eibar;Sevilla;03/02/18;5;1;H;17;11;5;3;2.6;3.29;2.75;2.55;3.4;2.75;1.91;1.89;
g_1_46SbQ07E;22;29.01. 21:00;Celta de Vigo;Real Betis;29/01/18;3;2;H;13;7;7;2;1.75;3.75;4.75;1.75;3.8;4.6;1.54;2.42;
g_1_nVH3PKMK;21;28.01. 20:45;Barcelona;Alavés;28/01/18;2;1;H;18;7;8;1;1.08;11;26;1.08;11.5;29;1.25;3.84;
g_1_ID8ZJbpr;21;28.01. 18:30;Sevilla;Getafe;28/01/18;1;1;D;15;7;3;4;1.5;4.33;6.5;1.5;4.25;6.75;1.71;2.12;
g_1_2HxvHdU0;21;28.01. 16:15;Atlético de Madrid;Las Palmas;28/01/18;3;0;H;18;9;4;1;1.16;7.5;17;1.18;7.25;16.5;1.5;2.54;
g_1_0YL7OvxR;21;28.01. 12:00;Leganés;Espanyol;28/01/18;3;2;H;11;12;1;7;2.37;2.79;3.5;2.45;2.95;3.3;2.85;1.41;
g_1_QFTfRth8;21;27.01. 20:45;Villarreal;Real Sociedad;27/01/18;4;2;H;11;24;2;9;2.04;3.5;3.5;2.1;3.5;3.5;1.74;2.08;
g_1_OQwzIxFf;21;27.01. 18:30;Málaga;Girona;27/01/18;0;0;D;7;11;5;4;2.29;3;3.39;2.35;3.2;3.25;2.12;1.72;
g_1_b9y93w01;21;27.01. 16:15;Valencia;Real Madrid;27/01/18;1;4;A;11;13;4;4;5;4.33;1.61;4.75;4.5;1.62;1.33;3.23;
g_1_x0zD2cF7;21;27.01. 13:00;Deportivo de La Coruña;Levante;27/01/18;2;2;D;8;15;4;7;2;3.5;3.79;1.95;3.5;4;1.93;1.88;
g_1_Amqd6uGr;21;22.01. 21:00;Eibar;Málaga;22/01/18;1;1;D;15;10;8;3;1.66;3.5;6;1.7;3.6;5.5;2.24;1.63;
g_1_Ik4HDNN8;20;21.01. 20:45;Real Betis;Barcelona;21/01/18;0;5;A;7;14;4;2;10;6;1.28;9;5.75;1.3;1.29;3.51;
g_1_4n0DE382;20;21.01. 18:30;Real Sociedad;Celta de Vigo;21/01/18;1;2;A;16;10;8;3;1.85;3.89;4;1.85;3.8;4;1.54;2.45;
g_1_OjNQj0Ge;20;21.01. 16:15;Real Madrid;Deportivo de La Coruña;21/01/18;7;1;H;24;5;6;1;1.14;9;15;1.13;9.5;17.5;1.19;4.51;
g_1_CC3LCswF;20;21.01. 12:00;Alavés;Leganés;21/01/18;2;2;D;14;8;4;6;2.14;3.1;3.75;2.2;3;3.8;2.75;1.44;
g_1_Gpn44Jpe;20;20.01. 20:45;Las Palmas;Valencia;20/01/18;2;1;H;20;14;3;6;4.5;4;1.72;4.25;4;1.78;1.5;2.54;
g_1_2sMUkKV1;20;20.01. 18:30;Villarreal;Levante;20/01/18;2;1;H;18;16;6;4;1.44;4.5;7.5;1.48;4.4;7;1.91;1.9;
g_1_4Ar05aVl;20;20.01. 16:15;Atlético de Madrid;Girona;20/01/18;1;1;D;9;6;2;1;1.36;4.75;9.5;1.36;4.75;9.5;1.88;1.93;
g_1_j32PB1hL;20;20.01. 13:00;Espanyol;Sevilla;20/01/18;0;3;A;9;12;8;2;2.75;3.2;2.7;2.8;3.3;2.55;2.03;1.79;
g_1_lC7tCAn4;20;15.01. 21:00;Real Betis;Leganés;15/01/18;3;2;H;16;10;1;1;2.25;3.1;3.5;2.15;3.3;3.5;2.16;1.68;
g_1_rZ6pBU1A;19;14.01. 20:45;Real Sociedad;Barcelona;14/01/18;2;4;A;15;11;7;3;6.5;5;1.44;6.75;4.75;1.45;1.42;2.79;
g_1_hpEXDWHi;19;14.01. 18:30;Espanyol;Athletic Club;14/01/18;1;1;D;11;8;4;2;2.54;3;3;2.55;3.1;2.95;2.36;1.57;
g_1_AL8xDjXc;19;14.01. 16:15;Alavés;Sevilla;14/01/18;1;0;H;12;14;5;4;3.25;3.25;2.29;3.3;3.3;2.25;2;1.81;
g_1_dxBlAlHG;19;14.01. 12:00;Levante;Celta de Vigo;14/01/18;0;1;A;15;3;6;2;3;3.25;2.45;3.1;3.2;2.4;2.01;1.81;
g_1_GQNMit1k;19;13.01. 20:45;Deportivo de La Coruña;Valencia;13/01/18;1;2;A;12;12;8;10;3;3.39;2.37;3;3.5;2.3;1.71;2.13;
g_1_0jRojTPp;19;13.01. 18:30;Eibar;Atlético de Madrid;13/01/18;0;1;A;11;7;9;1;4;3.2;2.04;4.1;3.3;2;2.37;1.58;
g_1_xzPIhMoq;19;13.01. 16:15;Real Madrid;Villarreal;13/01/18;0;1;A;28;10;11;0;1.25;6.5;10;1.25;6.75;10;1.27;3.69;
g_1_vmLKf9HT;19;13.01. 13:00;Girona;Las Palmas;13/01/18;6;0;H;15;3;5;2;1.72;3.79;4.75;1.75;3.7;4.75;1.69;2.16;
g_1_KIzi1gYo;19;08.01. 21:00;Málaga;Espanyol;08/01/18;0;1;A;17;6;6;5;2.54;3;3.1;2.55;3;3.1;2.47;1.53;
g_1_IXWBdVnH;18;07.01. 20:45;Celta de Vigo;Real Madrid;07/01/18;2;2;D;10;19;3;7;6.5;4.33;1.5;6.25;4.75;1.48;1.34;3.17;
g_1_Euze0Dmh;18;07.01. 18:30;Athletic Club;Alavés;07/01/18;2;0;H;14;8;4;1;1.66;3.5;6;1.67;3.6;5.75;2.07;1.74;
g_1_dOVFek2N;18;07.01. 18:30;Villarreal;Deportivo de La Coruña;07/01/18;1;1;D;11;13;7;5;1.57;4;6;1.62;3.8;6;1.73;2.11;
g_1_lbS7cBXA;18;07.01. 16:15;Barcelona;Levante;07/01/18;3;0;H;16;9;3;6;1.05;15;34;1.05;15.5;29;1.14;5.2;
g_1_A7T3biI4;18;07.01. 12:00;Leganés;Real Sociedad;07/01/18;1;0;H;8;9;5;6;2.89;3.25;2.5;3;3.2;2.45;2.17;1.69;
g_1_SrvaaX2b;18;06.01. 20:45;Sevilla;Real Betis;06/01/18;3;5;A;14;9;12;0;1.5;4.33;6.5;1.5;4.6;6;1.53;2.47;
g_1_GldjcsMU;18;06.01. 18:30;Las Palmas;Eibar;06/01/18;1;2;A;4;14;4;3;2.54;3.39;2.75;2.55;3.4;2.75;1.78;2.05;
g_1_xbcnbN6O;18;06.01. 16:15;Valencia;Girona;06/01/18;2;1;H;17;11;9;7;1.61;4;5.5;1.6;4.1;5.5;1.67;2.2;
g_1_UXgv0qxC;18;23.12. 18:30;Deportivo de La Coruña;Celta de Vigo;23/12/17;1;3;A;15;7;3;1;2.54;3.29;2.7;2.6;3.1;2.75;1.86;1.94;
g_1_rybra3iI;17;23.12. 16:15;Valencia;Villarreal;23/12/17;0;1;A;22;9;14;1;2.04;3.6;3.29;1.95;3.7;3.5;1.63;2.25;
g_1_n94Z0PM5;17;23.12. 13:00;Real Madrid;Barcelona;23/12/17;0;3;A;14;18;7;7;2.1;3.75;3.1;2.05;3.7;3.2;1.38;2.98;
g_1_ryMj9mFP;17;22.12. 21:30;Espanyol;Atlético de Madrid;22/12/17;1;0;H;7;9;2;3;5;3.5;1.72;5;3.5;1.72;2.37;1.57;
g_1_0h2N3Rxm;17;22.12. 19:30;Real Betis;Athletic Club;22/12/17;0;2;A;16;19;6;9;2.7;3.25;2.62;2.7;3.2;2.6;1.83;1.97;
g_1_ITCI47Nt;17;21.12. 21:30;Alavés;Málaga;21/12/17;1;0;H;10;10;4;4;2.14;3.2;3.5;2.1;3.3;3.7;2.31;1.6;
g_1_jsZ4opNI;17;21.12. 19:30;Eibar;Girona;21/12/17;4;1;H;16;6;3;2;2;3.39;3.75;1.95;3.4;4.1;2.07;1.75;
g_1_vq1R2ohg;17;20.12. 21:30;Real Sociedad;Sevilla;20/12/17;3;1;H;14;9;4;5;2.25;3.5;3;2.2;3.5;3.25;1.58;2.36;
g_1_UXX8p4xP;17;20.12. 19:30;Getafe;Las Palmas;20/12/17;2;0;H;13;17;3;1;1.75;3.6;5;1.75;3.7;4.75;1.83;1.98;
g_1_QZmuilgs;17;18.12. 21:00;Málaga;Real Betis;18/12/17;0;2;A;18;10;3;4;2;3.39;3.79;2.05;3.4;3.7;1.89;1.91;
g_1_fFudm6h6;16;17.12. 20:45;Barcelona;Deportivo de La Coruña;17/12/17;4;0;H;23;10;6;3;1.08;13;23;1.08;12;23;1.2;4.43;
g_1_UkmAdAVJ;16;17.12. 18:30;Las Palmas;Espanyol;17/12/17;2;2;D;14;8;9;2;2.5;3.29;2.87;2.45;3.4;2.9;1.96;1.84;
g_1_Y5v0nQ7C;16;17.12. 16:15;Celta de Vigo;Villarreal;17/12/17;0;1;A;10;8;2;2;2.29;3.39;3.1;2.35;3.2;3.25;1.88;1.93;
g_1_Sp9RXQhJ;16;17.12. 12:00;Girona;Getafe;17/12/17;1;0;H;9;7;1;7;2.2;3.25;3.5;2.15;3.3;3.6;1.98;1.82;
g_1_8tnEeUpQ;16;16.12. 20:45;Atlético de Madrid;Alavés;16/12/17;1;0;H;10;11;4;4;1.19;6.5;15;1.2;6.5;16.5;1.79;2.02;
g_1_Es5NY6wD;16;16.12. 18:30;Eibar;Valencia;16/12/17;2;1;H;15;7;5;6;2.75;3.29;2.6;2.8;3.4;2.5;1.96;1.85;
g_1_4Qnqj88m;16;16.12. 16:15;Athletic Club;Real Sociedad;16/12/17;0;0;D;7;10;6;6;2.14;3.39;3.39;2.25;3.4;3.25;1.83;1.98;
g_1_W04rYZn2;16;11.12. 21:00;Espanyol;Girona;11/12/17;0;1;A;8;12;8;6;2.04;3.5;3.6;2;3.3;4;2.06;1.75;
g_1_tU6FzT80;16;10.12. 20:45;Villarreal;Barcelona;10/12/17;0;2;A;9;16;2;4;6;4.33;1.53;5.5;4.4;1.55;1.5;2.53;
g_1_juE2wVOs;15;10.12. 18:30;Levante;Athletic Club;10/12/17;1;2;A;12;14;8;6;3.25;3.39;2.25;3.25;3.4;2.25;2.21;1.66;
g_1_b7dUewu9;15;10.12. 16:15;Real Betis;Atlético de Madrid;10/12/17;0;1;A;9;4;3;2;4.75;3.79;1.72;5;3.8;1.7;1.95;1.86;
g_1_tWoZfcfF;15;10.12. 12:00;Real Sociedad;Málaga;10/12/17;0;2;A;18;9;5;0;1.53;4.33;6;1.5;4.6;6;1.69;2.17;
g_1_KK5JZnO6;15;09.12. 20:45;Valencia;Celta de Vigo;09/12/17;2;1;H;13;13;10;2;1.66;4;5;1.7;4;4.75;1.54;2.44;
g_1_OhCAy9gf;15;09.12. 18:30;Deportivo de La Coruña;Leganés;09/12/17;1;0;H;15;3;6;1;2.37;3.2;3.2;2.35;3.25;3.2;2.24;1.64;
g_1_p2D6xkvl;15;09.12. 16:15;Real Madrid;Sevilla;09/12/17;5;0;H;20;11;9;3;1.33;5.5;8.5;1.33;5.75;8.25;1.25;3.8;
g_1_hA5vZFXe;15;09.12. 13:00;Getafe;Eibar;09/12/17;0;0;D;6;7;9;7;2.04;3.39;3.75;1.95;3.4;3.8;2.15;1.7;
g_1_Yq7jpttc;15;04.12. 21:00;Girona;Alavés;04/12/17;2;3;A;11;9;6;5;1.6;3.79;6;1.65;3.9;5.25;2.07;1.74;
g_1_nmBfq0e3;15;03.12. 20:45;Las Palmas;Real Betis;03/12/17;1;0;H;21;8;6;4;2.2;3.5;3.1;2.2;3.6;3.1;1.57;2.36;
g_1_WvT7Ld3d;14;03.12. 18:30;Eibar;Espanyol;03/12/17;3;1;H;10;6;3;2;2.37;3.1;3.29;2.4;3.1;3.2;2.31;1.6;
g_1_hlU3Mxlj;14;03.12. 16:15;Getafe;Valencia;03/12/17;1;0;H;11;13;5;12;3;3.39;2.29;3;3.4;2.35;1.79;2.03;
g_1_drCVzx3q;14;03.12. 12:00;Leganés;Villarreal;03/12/17;3;1;H;12;12;5;6;2.79;3.25;2.62;2.8;3.2;2.6;2.32;1.6;
g_1_0CQatbuM;14;02.12. 20:45;Athletic Club;Real Madrid;02/12/17;0;0;D;11;19;3;5;7.5;4.5;1.44;6.75;4.75;1.45;1.5;2.54;
g_1_v3P3uIfS;14;02.12. 18:30;Sevilla;Deportivo de La Coruña;02/12/17;2;0;H;10;11;6;7;1.44;4.5;7.5;1.42;4.75;7.25;1.52;2.48;
g_1_tAAbrKA9;14;02.12. 16:15;Atlético de Madrid;Real Sociedad;02/12/17;2;1;H;16;10;5;6;1.5;3.89;7.5;1.5;4.25;6.75;1.91;1.9;
g_1_AoGZZeIk;14;02.12. 13:00;Barcelona;Celta de Vigo;02/12/17;2;2;D;21;10;4;1;1.12;10;17;1.11;9.75;21;1.22;4.07;
g_1_pAoN9a4p;14;27.11. 21:00;Espanyol;Getafe;27/11/17;1;0;H;10;7;6;4;2;3.39;3.79;2;3.3;4;2.28;1.61;
g_1_OEPaNIYq;14;26.11. 20:45;Valencia;Barcelona;26/11/17;1;1;D;8;12;3;9;4;3.89;1.85;4;3.8;1.87;1.42;2.76;
g_1_vslTSvBM;13;26.11. 18:30;Villarreal;Sevilla;26/11/17;2;3;A;19;15;6;6;2.37;3.39;3;2.45;3.2;3;1.85;1.95;
g_1_j7xDWMBc;13;26.11. 16:15;Real Sociedad;Las Palmas;26/11/17;2;2;D;16;8;11;3;1.44;4.75;7;1.4;5;7.25;1.44;2.68;
g_1_tdVPTKeG;13;26.11. 12:00;Deportivo de La Coruña;Athletic Club;26/11/17;2;2;D;14;10;5;2;2.75;3.29;2.6;2.75;3.2;2.65;1.99;1.81;
g_1_8rXHVtR3;13;25.11. 20:45;Levante;Atlético de Madrid;25/11/17;0;5;A;17;16;2;3;7.5;3.75;1.53;7.75;3.9;1.5;2.33;1.6;
g_1_CGw9X2di;13;25.11. 18:30;Real Betis;Girona;25/11/17;2;2;D;12;13;3;5;2;3.6;3.75;2;3.7;3.6;1.7;2.14;
g_1_nZVLU0tA;13;25.11. 16:15;Real Madrid;Málaga;25/11/17;3;2;H;16;9;6;0;1.08;13;21;1.09;12;20;1.18;4.65;
g_1_bDkR8JJj;13;25.11. 13:00;Alavés;Eibar;25/11/17;1;2;A;6;11;2;5;2.5;3.1;3.1;2.55;3.1;3;2.47;1.53;
g_1_ptKRKPCo;13;20.11. 21:00;Eibar;Real Betis;20/11/17;5;0;H;17;4;5;2;2.39;3.29;3;2.45;3.4;2.9;1.86;1.92;
g_1_hCAnG1RG;13;19.11. 20:45;Athletic Club;Villarreal;19/11/17;1;1;D;15;7;9;7;2.25;3.29;3.29;2.25;3.3;3.3;2.07;1.74;
g_1_IgIZI3sb;12;19.11. 18:30;Las Palmas;Levante;19/11/17;0;2;A;10;11;3;5;1.95;3.5;4;1.91;3.5;4.1;1.82;1.98;
g_1_6FlH0MRT;12;19.11. 16:15;Espanyol;Valencia;19/11/17;0;2;A;12;7;3;4;3.2;3.29;2.29;3.2;3.4;2.25;1.84;1.95;
g_1_ELBrHsCA;12;19.11. 12:00;Málaga;Deportivo de La Coruña;19/11/17;3;2;H;14;12;5;4;2.37;3.29;3.1;2.3;3.25;3.25;1.95;1.85;
g_1_WdMwINd4;12;18.11. 20:45;Atlético de Madrid;Real Madrid;18/11/17;0;0;D;7;14;7;9;3.2;3.39;2.25;3.3;3.3;2.25;1.88;1.92;
g_1_0xAjFLtN;12;18.11. 18:30;Sevilla;Celta de Vigo;18/11/17;2;1;H;12;11;1;2;1.72;3.79;4.75;1.72;3.9;4.75;1.59;2.29;
g_1_vT8fEudT;12;18.11. 16:15;Leganés;Barcelona;18/11/17;0;3;A;18;11;6;3;9.5;5.25;1.33;10.5;5.25;1.3;1.64;2.23;
g_1_8Ozqdtzo;12;18.11. 13:00;Getafe;Alavés;18/11/17;4;1;H;13;11;4;5;1.8;3.5;4.75;1.78;3.5;5;2.34;1.59;
g_1_Wxfh6Qch;12;05.11. 20:45;Real Madrid;Las Palmas;05/11/17;3;0;H;27;2;9;2;1.08;13;19;1.06;13.5;29;1.12;5.97;
g_1_zB0q8nTu;12;05.11. 18:30;Real Sociedad;Eibar;05/11/17;3;1;H;10;9;3;6;1.61;4;5.5;1.6;4;5.75;1.74;2.07;
g_1_v3c044S4;11;05.11. 18:30;Villarreal;Málaga;05/11/17;2;0;H;14;10;6;4;1.53;4.33;6;1.53;4.4;6;1.74;2.07;
g_1_Igd43OsB;11;05.11. 16:15;Celta de Vigo;Athletic Club;05/11/17;3;1;H;11;14;3;6;2.1;3.5;3.5;2.1;3.4;3.6;1.93;1.86;
g_1_lE4m76rn;11;05.11. 12:00;Levante;Girona;05/11/17;1;2;A;7;10;7;2;2.39;3.29;3;2.4;3.2;3.1;2.11;1.72;
g_1_0Io92rcH;11;04.11. 20:45;Barcelona;Sevilla;04/11/17;2;1;H;18;8;3;3;1.19;7.5;12;1.19;7.75;12;1.29;3.5;
g_1_prkY0VLC;11;04.11. 18:30;Alavés;Espanyol;04/11/17;1;0;H;17;9;3;8;2.87;3.1;2.7;2.9;3.1;2.6;2.45;1.54;
g_1_AThd5pDb;11;04.11. 16:15;Deportivo de La Coruña;Atlético de Madrid;04/11/17;0;1;A;14;11;4;4;4.75;3.6;1.8;4.75;3.6;1.78;2.04;1.77;
g_1_ChkD12CN;11;04.11. 13:00;Valencia;Leganés;04/11/17;3;0;H;13;13;4;7;1.5;4.33;6.5;1.5;4.33;6.5;1.89;1.91;
g_1_x2c2mCiD;11;30.10. 21:00;Espanyol;Real Betis;30/10/17;1;0;H;10;9;5;3;2.14;3.39;3.39;2.25;3.25;3.4;1.86;1.93;
g_1_ltRK5g7s;11;30.10. 21:00;Las Palmas;Deportivo de La Coruña;30/10/17;1;3;A;13;15;8;5;2.04;3.5;3.6;2.2;3.5;3.2;1.7;2.13;
g_1_p8KT3Xyf;10;29.10. 20:45;Málaga;Celta de Vigo;29/10/17;2;1;H;15;10;4;1;3.1;3.39;2.29;2.85;3.4;2.45;1.82;1.97;
g_1_IczkBFqK;10;29.10. 18:30;Eibar;Levante;29/10/17;2;2;D;16;3;6;2;1.95;3.39;4.2;1.95;3.3;4.2;2.18;1.66;
g_1_nXvgAZbQ;10;29.10. 16:15;Girona;Real Madrid;29/10/17;2;1;H;15;15;2;7;10;6.5;1.25;11;6.25;1.25;1.35;3.06;
g_1_v7yoCeUD;10;29.10. 12:00;Getafe;Real Sociedad;29/10/17;2;1;H;10;15;8;7;2.45;3.39;2.87;2.5;3.3;2.9;1.96;1.84;
g_1_ILIy2B66;10;28.10. 22:30;Sevilla;Leganés;28/10/17;2;1;H;9;10;5;6;1.61;3.75;6;1.6;3.9;6;2;1.8;
g_1_vVJX2ii0;10;28.10. 20:45;Athletic Club;Barcelona;28/10/17;0;2;A;17;17;6;4;7;4.5;1.44;6.5;4.6;1.48;1.57;2.36;
g_1_W4GP4DMm;10;28.10. 18:30;Atlético de Madrid;Villarreal;28/10/17;1;1;D;18;12;11;6;1.5;4;7.5;1.53;4.1;6.75;1.95;1.85;
g_1_Q3BBcdFK;10;23.10. 21:00;Deportivo de La Coruña;Girona;23/10/17;1;2;A;15;13;9;7;2.04;3.29;3.79;2;3.3;4;2;1.8;
g_1_xrZKzZ77;10;23.10. 20:00;Real Sociedad;Espanyol;23/10/17;1;1;D;19;4;10;1;1.85;3.79;4;1.78;3.75;4.5;1.78;2.01;
g_1_ruM6bx0E;9;22.10. 20:45;Real Madrid;Eibar;22/10/17;3;0;H;15;9;5;2;1.09;11;23;1.08;12.5;23;1.21;4.16;
g_1_hEejjE7f;9;22.10. 18:30;Leganés;Athletic Club;22/10/17;1;0;H;15;7;4;3;2.37;3.1;3.29;2.55;3;3.1;2.58;1.48;
g_1_dn2shzwr;9;22.10. 16:15;Celta de Vigo;Atlético de Madrid;22/10/17;0;1;A;19;4;4;4;4.2;3.39;1.95;4.5;3.4;1.87;2.16;1.69;
g_1_v7FFdGUQ;9;22.10. 12:00;Villarreal;Las Palmas;22/10/17;4;0;H;25;16;9;6;1.5;4.2;7;1.53;4.25;6.25;1.69;2.15;
g_1_zw1oifhl;9;21.10. 20:45;Barcelona;Málaga;21/10/17;2;0;H;12;13;4;3;1.07;13;26;1.06;13;34;1.17;4.64;
g_1_W4ffkYM0;9;21.10. 18:30;Valencia;Sevilla;21/10/17;4;0;H;18;18;7;10;1.85;3.89;4;1.87;3.75;4;1.59;2.32;
g_1_bizHyFh1;9;21.10. 16:15;Real Betis;Alavés;21/10/17;2;0;H;12;7;6;5;1.57;4;6;1.57;4.1;5.75;1.83;1.98;
g_1_6gexqc0R;9;16.10. 21:00;Las Palmas;Celta de Vigo;16/10/17;2;5;A;24;14;14;3;2.38;3.3;3.1;2.4;3.3;3;1.78;2.01;
g_1_zeKyuTsd;9;15.10. 20:45;Real Betis;Valencia;15/10/17;3;6;A;13;13;7;5;2.55;3.5;2.7;2.6;3.4;2.7;1.63;2.25;
g_1_2Pt8wyOl;8;15.10. 18:30;Málaga;Leganés;15/10/17;0;2;A;13;19;4;2;2.38;3;3.4;2.25;3.25;3.4;2.44;1.53;
g_1_lI0XqwoL;8;15.10. 16:15;Girona;Villarreal;15/10/17;1;2;A;14;5;8;1;2.8;3.2;2.6;2.75;3.2;2.65;2.16;1.68;
g_1_AR1TpJVE;8;15.10. 12:00;Eibar;Deportivo de La Coruña;15/10/17;0;0;D;15;11;10;1;2;3.5;3.75;2.05;3.4;3.7;1.88;1.91;
g_1_82s4vH8r;8;14.10. 20:45;Atlético de Madrid;Barcelona;14/10/17;1;1;D;5;15;2;1;3;3.4;2.38;2.95;3.4;2.4;1.89;1.91;
g_1_EoJuvmc2;8;14.10. 18:30;Alavés;Real Sociedad;14/10/17;0;2;A;8;13;4;9;3.5;3.4;2.15;3.4;3.3;2.2;1.84;1.95;
g_1_G42PoaG8;8;14.10. 16:15;Getafe;Real Madrid;14/10/17;1;2;A;8;16;4;7;10;5.75;1.29;10.5;6.25;1.26;1.4;2.86;
g_1_GSpCxewe;8;14.10. 13:00;Athletic Club;Sevilla;14/10/17;1;0;H;15;14;6;6;2.5;3.25;2.9;2.5;3.3;2.9;1.93;1.87;
g_1_GULmjgjc;8;01.10. 20:45;Real Madrid;Espanyol;01/10/17;2;0;H;22;8;10;3;1.1;10;23;1.09;9.75;20;1.19;4.5;
g_1_6LFXu9Sk;8;01.10. 18:30;Valencia;Athletic Club;01/10/17;3;2;H;10;16;2;8;1.91;3.5;4.2;1.83;3.5;4.25;1.84;1.96;
g_1_zXyklXK9;7;01.10. 18:30;Villarreal;Eibar;01/10/17;3;0;H;12;8;6;3;1.83;3.6;4.33;1.72;3.6;4.75;1.99;1.82;
g_1_8pzcnBkM;7;01.10. 16:15;Barcelona;Las Palmas;01/10/17;3;0;H;22;10;8;3;1.08;11;26;1.06;11.5;23;1.14;5.48;
g_1_lOT1Skbj;7;01.10. 12:00;Real Sociedad;Real Betis;01/10/17;4;4;D;17;10;12;5;1.95;3.6;3.8;1.85;3.6;4;1.67;2.2;
g_1_Mmv1oV4S;7;30.09. 20:45;Leganés;Atlético de Madrid;30/09/17;0;0;D;7;11;2;6;7.5;3.75;1.55;7.25;3.6;1.53;2.49;1.52;
g_1_2RX5R9Dd;7;30.09. 18:30;Levante;Alavés;30/09/17;0;2;A;13;8;8;4;1.83;3.5;4.5;1.72;3.6;4.75;2.15;1.69;
g_1_SUGTtkDq;7;30.09. 16:15;Sevilla;Málaga;30/09/17;2;0;H;12;11;4;6;1.36;5.5;7.5;1.33;4.75;9.25;1.54;2.42;
g_1_fLKikD53;7;30.09. 13:00;Deportivo de La Coruña;Getafe;30/09/17;2;1;H;15;10;8;5;2.25;3.25;3.4;2.15;3.3;3.3;1.97;1.84;
g_1_fNkbVIEU;7;25.09. 21:00;Real Betis;Levante;25/09/17;4;0;H;14;8;6;3;1.85;3.5;4.5;1.8;3.5;4.75;2.05;1.76;
g_1_GWjfWbaO;7;24.09. 20:45;Real Sociedad;Valencia;24/09/17;2;3;A;18;13;7;6;2.3;3.4;3.1;2.2;3.6;3.1;1.66;2.22;
g_1_voOGm0Ub;6;24.09. 18:30;Eibar;Celta de Vigo;24/09/17;0;4;A;9;10;4;4;2.2;3.3;3.4;2.25;3.3;3.3;2.01;1.81;
g_1_00CPovaB;6;24.09. 18:30;Las Palmas;Leganés;24/09/17;0;2;A;8;9;3;2;2.05;3.25;3.8;2.1;3.25;3.7;2.2;1.67;
g_1_SAKCltFh;6;24.09. 16:15;Getafe;Villarreal;24/09/17;4;0;H;17;6;7;4;2.88;3.1;2.63;2.85;3.2;2.6;2.2;1.67;
g_1_YmL8kMan;6;24.09. 12:00;Espanyol;Deportivo de La Coruña;24/09/17;4;1;H;17;21;4;6;1.95;3.5;4;1.95;3.5;3.9;1.98;1.83;
g_1_M9DLnKq5;6;23.09. 20:45;Girona;Barcelona;23/09/17;0;3;A;13;9;9;3;12;6;1.25;12.5;6.5;1.22;1.42;2.78;
g_1_6avcTVrp;6;23.09. 18:30;Málaga;Athletic Club;23/09/17;3;3;D;15;8;5;1;2.9;3.3;2.4;2.95;3.25;2.45;2.16;1.69;
g_1_fcM4j2pt;6;23.09. 16:15;Alavés;Real Madrid;23/09/17;1;2;A;8;21;5;13;17;7.5;1.17;14.5;7.5;1.18;1.34;3.2;
g_1_2oIDJLFI;6;21.09. 22:00;Levante;Real Sociedad;21/09/17;3;0;H;13;13;3;6;3.25;3.25;2.3;3.1;3.25;2.4;1.87;1.93;
g_1_EPoWy3Vn;6;21.09. 21:00;Celta de Vigo;Getafe;21/09/17;1;1;D;8;10;3;2;1.8;3.6;4.5;1.78;3.75;4.5;1.86;1.94;
g_1_W0dRxqGt;5;21.09. 20:00;Villarreal;Espanyol;21/09/17;0;0;D;14;10;5;5;1.73;3.5;5.5;1.75;3.6;5;2.02;1.79;
g_1_txHHIuVO;5;20.09. 22:00;Real Madrid;Real Betis;20/09/17;0;1;A;27;12;12;3;1.13;10;17;1.11;10.5;18;1.18;4.72;
g_1_QsbsZ0F5;5;20.09. 22:00;Sevilla;Las Palmas;20/09/17;1;0;H;14;6;12;0;1.4;4.75;7.5;1.42;4.75;7.5;1.5;2.55;
g_1_fu5asP7P;5;20.09. 21:00;Deportivo de La Coruña;Alavés;20/09/17;1;0;H;15;8;5;2;1.91;3.3;4.5;1.91;3.4;4.33;2.2;1.67;
g_1_86mnYKUB;5;20.09. 20:00;Athletic Club;Atlético de Madrid;20/09/17;1;2;A;12;16;6;0;3.4;3.2;2.25;3.4;3.25;2.25;2.39;1.57;
g_1_niawzs0a;5;20.09. 20:00;Leganés;Girona;20/09/17;0;0;D;12;10;6;3;2.15;3.2;3.7;2.2;3.25;3.5;2.5;1.52;
g_1_hGpzyNpg;5;19.09. 22:00;Barcelona;Eibar;19/09/17;6;1;H;11;13;7;7;1.11;10;15;1.12;10;17.5;1.24;3.95;
g_1_v7XmPPos;5;18.09. 21:00;Espanyol;Celta de Vigo;18/09/17;2;1;H;9;11;3;5;2.3;3.3;3.2;2.3;3.2;3.3;2.06;1.75;
g_1_6J2Z52oJ;5;17.09. 20:45;Real Sociedad;Real Madrid;17/09/17;1;3;A;10;18;4;6;5;4;1.67;4.75;4.2;1.67;1.45;2.7;
g_1_6JO4Lso6;4;17.09. 18:30;Las Palmas;Athletic Club;17/09/17;1;0;H;12;11;7;6;2.75;3.4;2.55;2.75;3.3;2.6;1.92;1.88;
g_1_CdP0MNVa;4;17.09. 16:15;Girona;Sevilla;17/09/17;0;1;A;13;13;8;1;3.3;3.25;2.3;3.2;3.4;2.25;1.85;1.96;
g_1_nFuMT5wQ;4;17.09. 12:00;Alavés;Villarreal;17/09/17;0;3;A;16;16;2;3;3.1;3.1;2.4;3.1;3.2;2.4;2.35;1.59;
g_1_pAN8K10C;4;16.09. 20:45;Atlético de Madrid;Málaga;16/09/17;1;0;H;17;9;8;4;1.22;6;15;1.22;6.25;14;1.73;2.1;
g_1_8OtIUoOJ;4;16.09. 18:30;Real Betis;Deportivo de La Coruña;16/09/17;2;1;H;17;11;6;4;1.83;3.6;4.5;1.85;3.6;4.4;1.87;1.93;
g_1_IcWiOq1m;4;16.09. 16:15;Getafe;Barcelona;16/09/17;1;2;A;13;7;3;4;11;6.5;1.25;12.5;6.5;1.22;1.39;2.93;
g_1_hGbV6rWC;4;16.09. 13:00;Levante;Valencia;16/09/17;1;1;D;9;13;1;3;3.25;3.25;2.3;3.1;3.25;2.4;2.04;1.78;
g_1_K20N8410;4;11.09. 21:00;Málaga;Las Palmas;11/09/17;1;3;A;14;10;3;2;2;3.5;3.8;2;3.5;3.8;1.88;1.93;
g_1_825sI8vE;4;10.09. 20:45;Villarreal;Real Betis;10/09/17;3;1;H;14;8;4;3;1.85;3.6;4.33;1.87;3.5;4.4;2.02;1.8;
g_1_ng4oHSgK;3;10.09. 18:30;Celta de Vigo;Alavés;10/09/17;1;0;H;20;5;9;4;1.67;3.75;5.25;1.75;3.6;5;2;1.81;
g_1_viqQ9pnf;3;10.09. 16:15;Athletic Club;Girona;10/09/17;2;0;H;7;11;6;4;1.67;3.75;5.5;1.67;3.8;5.25;1.95;1.86;
g_1_KnCagP1D;3;10.09. 12:00;Deportivo de La Coruña;Real Sociedad;10/09/17;2;4;A;11;15;5;7;2.75;3.3;2.6;2.75;3.3;2.6;1.96;1.86;
g_1_UHgjGn9Q;3;09.09. 20:45;Barcelona;Espanyol;09/09/17;5;0;H;20;9;8;7;1.17;8;17;1.17;7.25;18;1.34;3.19;
g_1_00pMAQWm;3;09.09. 18:30;Sevilla;Eibar;09/09/17;3;0;H;12;7;6;5;1.57;4;6;1.57;4;6;1.69;2.16;
g_1_bgaR7OG6;3;09.09. 16:15;Valencia;Atlético de Madrid;09/09/17;0;0;D;11;13;4;3;3.6;3.2;2.2;3.4;3.4;2.15;2.11;1.73;
g_1_tdDef5n7;3;09.09. 13:00;Real Madrid;Levante;09/09/17;1;1;D;18;5;13;3;1.05;15;34;1.07;12;31;1.17;4.86;
g_1_pC8CfEtj;3;27.08. 22:15;Real Madrid;Valencia;27/08/17;2;2;D;22;7;13;4;1.17;8;15;1.15;8.25;16;1.22;4.2;
g_1_SY6ubmmr;3;27.08. 20:15;Getafe;Sevilla;27/08/17;0;1;A;15;6;7;5;3.6;3.3;2.15;3.6;3.4;2.1;1.87;1.93;
g_1_6P5qc72l;2;27.08. 18:15;Eibar;Athletic Club;27/08/17;0;1;A;14;10;4;3;2.5;3.1;3.1;2.5;3.2;2.95;2.2;1.67;
g_1_COmBFFIF;2;27.08. 18:15;Espanyol;Leganés;27/08/17;0;1;A;17;12;9;1;1.95;3.25;4.33;1.91;3.25;4.6;2.49;1.53;
g_1_bXNjeoX0;2;26.08. 22:15;Las Palmas;Atlético de Madrid;26/08/17;1;5;A;10;8;4;2;4.75;3.75;1.75;4.75;3.7;1.75;2.09;1.74;
g_1_0n5mdRHf;2;26.08. 20:15;Girona;Málaga;26/08/17;1;0;H;15;7;2;3;2.15;3.25;3.6;2.15;3.2;3.7;2.2;1.67;
g_1_O27GgYed;2;26.08. 20:15;Levante;Deportivo de La Coruña;26/08/17;2;2;D;24;11;6;5;2.2;3.1;3.6;2.2;3.25;3.5;2.31;1.61;
g_1_YXl7Ge39;2;26.08. 18:15;Alavés;Barcelona;26/08/17;0;2;A;11;23;1;14;10;5.75;1.29;10;5.5;1.3;1.57;2.38;
g_1_vBk3Hyl3;2;25.08. 22:00;Real Betis;Celta de Vigo;25/08/17;2;1;H;10;9;4;6;2.2;3.4;3.4;2.25;3.3;3.3;1.97;1.85;
g_1_pfoZP2ya;2;21.08. 22:00;Málaga;Eibar;21/08/17;0;1;A;10;13;3;7;2.1;3.3;3.7;2.15;3.3;3.5;2.14;1.7;
g_1_4bIatOLu;2;21.08. 20:15;Levante;Villarreal;21/08/17;1;0;H;14;9;11;6;3.25;3.25;2.3;3.25;3.2;2.3;2.36;1.58;
g_1_OvcQRO6n;1;20.08. 22:15;Deportivo de La Coruña;Real Madrid;20/08/17;0;3;A;12;16;4;4;9.5;5.75;1.3;9.25;5.75;1.3;1.46;2.64;
g_1_lnrjMKzO;1;20.08. 20:15;Barcelona;Real Betis;20/08/17;2;0;H;15;3;8;0;1.17;8;15;1.18;7.5;14.5;1.4;2.88;
g_1_bckwPMj5;1;20.08. 18:15;Athletic Club;Getafe;20/08/17;0;0;D;12;8;7;6;1.5;4;7.5;1.48;4.25;7;1.94;1.87;
g_1_WAmoN0LH;1;19.08. 22:15;Sevilla;Espanyol;19/08/17;1;1;D;9;9;7;3;1.62;4;5.5;1.62;3.9;5.75;1.75;2.09;
g_1_2VeUQrMh;1;19.08. 20:15;Girona;Atlético de Madrid;19/08/17;2;2;D;13;9;6;0;8;4.33;1.45;7.5;4.33;1.45;2.11;1.74;
g_1_SxsfLvjU;1;19.08. 18:15;Celta de Vigo;Real Sociedad;19/08/17;2;3;A;16;13;5;4;2.38;3.25;3.2;2.4;3.3;3;1.98;1.84;
g_1_GYL3uryn;1;18.08. 22:15;Valencia;Las Palmas;18/08/17;1;0;H;22;5;5;2;1.75;3.8;4.5;1.75;3.9;4.6;1.64;2.27;
g_1_EBzT5Nfk;38;19.05. 13:00;Celta de Vigo;Levante;19/05/18;4;2;H;20;7;5;3;1.8;4;4.1;1.8;4;4.1;1.41;2.82;
g_1_U1DALouT;37;12.05. 16:15;Real Sociedad;Leganés;12/05/18;3;2;H;11;9;5;1;1.44;4.2;8.5;1.42;4.4;8.25;1.77;2.04;
g_1_8fcIfIzD;36;09.05. 20:00;Barcelona;Villarreal;09/05/18;5;1;H;12;20;4;4;1.28;5.75;10;1.3;5.75;9.5;1.3;3.4;
g_1_jgJMMzK5;35;04.05. 21:00;Sevilla;Real Sociedad;04/05/18;1;0;H;16;11;6;4;2.1;3.79;3.1;2.1;3.5;3.5;1.54;2.45;
g_1_YeXj9Hk6;34;27.04. 21:00;Levante;Sevilla;27/04/18;2;1;H;15;22;4;8;4.5;3.6;1.75;4;3.75;1.87;1.68;2.17;
g_1_jJ2DebL6;33;20.04. 21:00;Leganés;Deportivo de La Coruña;20/04/18;0;0;D;13;12;9;4;2.29;3.25;3.2;2.45;3.25;3;2.22;1.66;
g_1_OrqWrLy1;32;17.04. 19:30;Deportivo de La Coruña;Sevilla;17/04/18;0;0;D;22;24;7;9;2.5;3.5;2.75;2.5;3.6;2.7;1.68;2.18;
g_1_bNYBihO3;31;13.04. 21:00;Girona;Real Betis;13/04/18;0;1;A;9;10;6;4;2.29;3.39;3.1;2.35;3.4;3;1.85;1.96;
g_1_vJ1oyXwN;30;06.04. 21:00;Deportivo de La Coruña;Málaga;06/04/18;3;2;H;14;11;7;6;2.04;3.29;3.79;2.05;3.3;3.8;2.26;1.63;
g_1_zLajReAb;29;31.03. 13:00;Girona;Levante;31/03/18;1;1;D;12;15;5;7;1.57;3.79;6;1.62;3.7;5.5;2;1.8;
g_1_StH9EIQh;28;16.03. 21:00;Levante;Eibar;16/03/18;2;1;H;6;13;4;5;3.2;3.2;2.37;3.2;3.25;2.35;2.24;1.64;
g_1_AqVw1adg;27;09.03. 21:00;Girona;Deportivo de La Coruña;09/03/18;2;0;H;9;8;2;2;1.55;4.2;5.5;1.62;3.9;5.75;1.87;1.93;
g_1_xYi0GJvq;26;03.03. 13:00;Villarreal;Girona;03/03/18;0;2;A;14;4;7;2;1.8;3.39;4.75;1.8;3.6;4.6;1.97;1.84;
g_1_QBwqArI9;25;27.02. 20:00;Espanyol;Real Madrid;27/02/18;1;0;H;16;12;3;8;6;4.33;1.53;6.5;4.33;1.5;1.63;2.28;
g_1_IoE5dPmA;24;23.02. 21:00;Deportivo de La Coruña;Espanyol;23/02/18;0;0;D;17;9;4;2;2.54;3.2;2.87;2.55;3.1;3;2.19;1.68;
g_1_0hthlnw0;23;21.02. 18:45;Leganés;Real Madrid;21/02/18;1;3;A;7;13;6;5;11;6;1.25;10;6;1.28;1.54;2.44;
g_1_vuRwrQYG;22;16.02. 21:00;Girona;Leganés;16/02/18;3;0;H;10;10;4;4;1.85;3.25;5;1.87;3.4;4.6;2.52;1.52;
g_1_vNF3tDcC;21;09.02. 21:00;Athletic Club;Las Palmas;09/02/18;0;0;D;11;8;5;2;1.44;4.5;7.5;1.45;4.33;6.5;1.68;2.17;
g_1_CnKUwKyE;20;02.02. 21:00;Real Sociedad;Deportivo de La Coruña;02/02/18;5;0;H;19;4;9;5;1.44;4.75;6.5;1.44;4.75;7;1.49;2.58;
g_1_d47wJIal;19;26.01. 21:00;Athletic Club;Eibar;26/01/18;1;1;D;7;14;3;7;1.9;3.39;4.33;1.9;3.4;4.33;2.1;1.74;
g_1_8vcUAL7R;18;19.01. 21:00;Getafe;Athletic Club;19/01/18;2;2;D;17;7;6;2;2.7;3.1;2.79;2.7;3.1;2.8;2.45;1.54;
g_1_EgFTEC2o;17;12.01. 21:00;Getafe;Málaga;12/01/18;1;0;H;7;9;5;2;1.8;3.39;5;1.8;3.4;5;2.4;1.56;
g_1_tSym2ZIu;16;06.01. 13:00;Atlético de Madrid;Getafe;06/01/18;2;0;H;9;10;5;0;1.39;4.2;10;1.4;4.5;9;2.14;1.71;
g_1_8I5V157a;15;19.12. 21:30;Levante;Leganés;19/12/17;0;0;D;10;10;6;5;2.7;3;2.89;2.65;2.95;3;2.57;1.49;
g_1_nkxlkSNg;14;15.12. 21:00;Sevilla;Levante;15/12/17;0;0;D;16;10;8;5;1.28;5.75;9.5;1.3;5.5;10;1.54;2.48;
g_1_KGcQdJP2;13;08.12. 21:00;Alavés;Las Palmas;08/12/17;2;0;H;22;6;8;3;2.29;3.25;3.25;2.3;3.3;3.25;2.1;1.74;
g_1_K092svQF;12;01.12. 21:00;Málaga;Levante;01/12/17;0;0;D;18;3;7;2;1.72;3.79;4.75;1.75;3.6;5;1.93;1.86;
g_1_M5wYRbQS;11;24.11. 21:00;Celta de Vigo;Leganés;24/11/17;1;0;H;14;9;3;4;1.95;3.25;4.33;1.95;3.3;4.25;2.09;1.74;
g_1_OWIVJqSi;10;17.11. 21:00;Girona;Real Sociedad;17/11/17;1;1;D;14;14;3;6;2.89;3.5;2.37;2.75;3.5;2.5;1.76;2.06;
g_1_OYmx0kyJ;9;03.11. 21:00;Real Betis;Getafe;03/11/17;2;2;D;15;9;4;6;2;3.5;3.79;2;3.6;3.7;1.81;1.99;
g_1_QRgblhx7;8;28.10. 13:00;Alavés;Valencia;28/10/17;1;2;A;16;7;6;4;6;3.75;1.6;5.25;3.9;1.67;1.83;1.97;
g_1_4lN2aIp8;7;21.10. 13:00;Levante;Getafe;21/10/17;1;1;D;5;9;3;2;2.37;3.2;3.2;2.4;3.25;3.1;2.31;1.61;
g_1_IJqMnu12;6;13.10. 21:00;Espanyol;Levante;13/10/17;0;0;D;20;13;9;4;1.75;3.6;5;1.75;3.6;5;2.09;1.74;
g_1_ENzgmizG;5;29.09. 21:00;Celta de Vigo;Girona;29/09/17;3;3;D;16;10;5;6;1.67;3.6;5.75;1.72;3.6;5.25;2;1.81;
g_1_UZGTpbEH;4;23.09. 13:00;Atlético de Madrid;Sevilla;23/09/17;2;0;H;13;11;7;6;1.57;4;6.5;1.55;4;6.5;1.81;2;
g_1_M9ijXvpI;3;19.09. 20:00;Valencia;Málaga;19/09/17;5;0;H;16;11;4;9;1.5;4;7;1.53;4.2;6.5;1.81;2.01;
g_1_0MLdN3Gg;2;15.09. 21:00;Eibar;Leganés;15/09/17;1;0;H;10;5;8;1;2.05;3.25;4;2.05;3.2;4;2.42;1.55;
g_1_6woIB6Hs;1;08.09. 21:00;Leganés;Getafe;08/09/17;1;2;A;11;11;2;4;2.05;3.25;4;2.05;3.2;4;2.41;1.56;
g_1_Q7oaIHYd;0;25.08. 20:15;Real Sociedad;Villarreal;25/08/17;3;0;H;15;6;10;4;2.05;3.4;3.75;2.1;3.3;3.7;2.07;1.76;
g_1_hKlsOt6B;-1;18.08. 20:15;Leganés;Alavés;18/08/17;1;0;H;16;6;4;2;2.05;3.2;4.1;2.05;3.1;4.1;2.68;1.46;
