ID;jornada;horario;local;visitante;Date;FTHG;FTAG;FTR;HS;AS;HC;AC;B365H;B365D;B365A;BWH;BWD;BWA;BbAv>2.5;BbAv<2.5;porcen_home_puntos;porcen_away_puntos;porcen_total_puntos_1;porcen_total_puntos_2;porcen_home_puntos_racha3;porcen_away_puntos_racha3;porcen_total_puntos_1_racha3;porcen_total_puntos_2_racha3;porcen_home_goles_propios;porcen_home_goles_ajenos;porcen_home_goles_totales;porcen_away_goles_propios;porcen_away_goles_ajenos;porcen_away_goles_totales;porcen_goles_propios_1;porcen_goles_propios_2;porcen_goles_ajenos_1;porcen_goles_ajenos_2;porcen_goles_totales_1;porcen_goles_totales_2;ult_result_1;ult_result_2;ult_result_3;ult_result_4;ult_result_dif_goles_1;ult_result_dif_goles_2;ult_result_dif_goles_3;ult_result_dif_goles_4;ult_result_dif_goles_5;
g_1_t81J3Mv9;1;19.08. 22:00;Deportivo de La Coruna;Eibar;160819;2;1;H;11;12;1;8;1.95;3.4;4.2;1.95;3.3;4.2;2.34;1.58;NA;NA;NA;NA;NA;NA;NA;NA;NA;NA;NA;NA;NA;NA;NA;NA;NA;NA;NA;NA;1;0;0;0;0;1;1;0;0;0
g_1_hnLOsuIk;1;19.08. 20:45;Malaga;Osasuna;160819;1;1;D;14;8;5;3;1.62;3.75;6;1.65;3.5;6.25;2.31;1.6;NA;NA;NA;NA;NA;NA;NA;NA;NA;NA;NA;NA;NA;NA;NA;NA;NA;NA;NA;NA;0;0;0;1;0;0;0;0;0;1
g_1_fXGO0KOR;1;20.08. 22:15;Sevilla;Espanyol;160820;6;4;H;16;10;8;2;1.67;4;5;1.67;3.9;5.25;1.74;2.07;NA;NA;NA;NA;NA;NA;NA;NA;NA;NA;NA;NA;NA;NA;NA;NA;NA;NA;NA;NA;1;0;0;0;0;1;1;0;0;0
g_1_MJIG2tfF;1;20.08. 20:15;Granada;Villarreal;160820;1;1;D;7;12;7;3;2.5;3.2;3;2.55;3.1;3;2.33;1.58;NA;NA;NA;NA;NA;NA;NA;NA;NA;NA;NA;NA;NA;NA;NA;NA;NA;NA;NA;NA;0;0;1;0;0;0;0;1;1;0
g_1_Wh8jdvXr;1;20.08. 18:15;Barcelona;Real Betis;160820;6;2;H;30;6;10;2;1.08;11;29;1.09;11;23;1.29;3.52;NA;NA;NA;NA;NA;NA;NA;NA;NA;NA;NA;NA;NA;NA;NA;NA;NA;NA;NA;NA;1;0;0;0;0;1;1;0;0;0
g_1_2H2F42P2;1;21.08. 22:15;Atletico de Madrid;Alaves;160821;1;1;D;27;2;20;2;1.2;6.5;17;1.2;6;18.5;1.94;1.85;NA;NA;NA;NA;NA;NA;NA;NA;NA;NA;NA;NA;NA;NA;NA;NA;NA;NA;NA;NA;0;0;0;1;0;0;0;0;0;1
g_1_EHceebnk;1;21.08. 20:15;Real Sociedad;Real Madrid;160821;0;3;A;8;18;4;7;4.75;3.8;1.75;5;3.75;1.72;1.73;2.09;NA;NA;NA;NA;NA;NA;NA;NA;NA;NA;NA;NA;NA;NA;NA;NA;NA;NA;NA;NA;0;0;1;0;0;0;0;0;1;0
g_1_lEEXuJn2;1;21.08. 18:15;Sporting de Gijon;Athletic Club;160821;2;1;H;12;13;2;5;4;3.5;1.95;4.2;3.5;1.91;2.15;1.69;NA;NA;NA;NA;NA;NA;NA;NA;NA;NA;NA;NA;NA;NA;NA;NA;NA;NA;NA;NA;0;0;1;0;0;0;0;1;1;0
g_1_0AHK109L;1;22.08. 22:00;Valencia;Las Palmas;160822;2;4;A;17;6;12;1;1.73;3.75;5;1.7;3.8;5;1.9;1.88;NA;NA;NA;NA;NA;NA;NA;NA;NA;NA;NA;NA;NA;NA;NA;NA;NA;NA;NA;NA;0;1;0;0;1;0;0;0;0;0
g_1_zBATtaXe;1;22.08. 20:00;Celta de Vigo;Leganes;160822;0;1;A;10;15;8;4;1.65;3.75;5.75;1.57;3.9;6.25;2.02;1.77;NA;NA;NA;NA;NA;NA;NA;NA;NA;NA;NA;NA;NA;NA;NA;NA;NA;NA;NA;NA;0;0;0;1;0;0;0;0;0;1
g_1_QBF75cSn;2;26.08. 22:00;Espanyol;Malaga;160826;2;2;D;7;9;3;4;2.3;3.1;3.4;2.25;3.25;3.4;2.32;1.59;NA;NA;NA;NA;NA;NA;NA;NA;NA;NA;NA;NA;NA;NA;NA;NA;NA;NA;NA;NA;1;0;0;0;0;1;1;0;0;0
g_1_fi7O1FRB;2;26.08. 20:45;Real Betis;Deportivo de La Coruna;160826;0;0;D;15;12;13;2;2.2;3.2;3.5;2.2;3.3;3.4;2.21;1.64;NA;NA;NA;NA;NA;NA;NA;NA;NA;NA;NA;NA;NA;NA;NA;NA;NA;NA;NA;NA;0;0;1;0;0;0;0;0;1;0
g_1_EXkgnzSO;2;27.08. 22:15;Leganes;Atletico de Madrid;160827;0;0;D;6;10;1;8;8.5;3.6;1.53;7;3.8;1.55;2.49;1.51;NA;NA;NA;NA;NA;NA;NA;NA;NA;NA;NA;NA;NA;NA;NA;NA;NA;NA;NA;NA;0;0;0;1;0;0;0;0;0;1
g_1_0UokmGCI;2;27.08. 20:15;Real Madrid;Celta de Vigo;160827;2;1;H;24;8;7;2;1.18;7;17;1.2;7;13;1.32;3.27;NA;NA;NA;NA;NA;NA;NA;NA;NA;NA;NA;NA;NA;NA;NA;NA;NA;NA;NA;NA;1;0;0;0;0;1;1;0;0;0
g_1_IoG36wDt;2;27.08. 18:15;Eibar;Valencia;160827;1;0;H;13;13;6;10;2.7;3.2;2.75;2.6;3.2;2.8;2.14;1.69;NA;NA;NA;NA;NA;NA;NA;NA;NA;NA;NA;NA;NA;NA;NA;NA;NA;NA;NA;NA;0;1;0;0;1;0;0;0;0;0
g_1_67noldcC;2;27.08. 18:15;Osasuna;Real Sociedad;160827;0;2;A;8;5;10;1;3.1;3.1;2.5;3;3.2;2.5;2.52;1.5;NA;NA;NA;NA;NA;NA;NA;NA;NA;NA;NA;NA;NA;NA;NA;NA;NA;NA;NA;NA;0;0;0;1;0;0;0;0;0;1
g_1_0U7K2eC5;2;28.08. 22:15;Villarreal;Sevilla;160828;0;0;D;12;6;5;1;2.5;3.4;2.8;2.55;3.4;2.75;1.83;1.94;NA;NA;NA;NA;NA;NA;NA;NA;NA;NA;NA;NA;NA;NA;NA;NA;NA;NA;NA;NA;1;0;0;0;0;0;1;0;0;0
g_1_nR3G3yca;2;28.08. 20:15;Athletic Club;Barcelona;160828;0;1;A;9;12;4;4;6.5;4.33;1.5;6.5;4.33;1.5;1.56;2.35;NA;NA;NA;NA;NA;NA;NA;NA;NA;NA;NA;NA;NA;NA;NA;NA;NA;NA;NA;NA;0;0;1;0;0;0;0;0;1;0
g_1_42EB4Hsg;2;28.08. 18:15;Alaves;Sporting de Gijon;160828;0;0;D;13;7;4;6;2.15;3.2;3.75;2.15;3.25;3.6;2.44;1.53;NA;NA;NA;NA;NA;NA;NA;NA;NA;NA;NA;NA;NA;NA;NA;NA;NA;NA;NA;NA;0;0;0;1;0;0;0;0;0;1
g_1_GxUyBJ4P;2;28.08. 18:15;Las Palmas;Granada;160828;5;1;H;15;13;6;4;1.91;3.4;4.33;1.9;3.5;4.2;2.03;1.76;NA;NA;NA;NA;NA;NA;NA;NA;NA;NA;NA;NA;NA;NA;NA;NA;NA;NA;NA;NA;1;0;0;0;0;1;1;0;0;0
g_1_K4c7wbOu;3;09.09. 20:45;Real Sociedad;Espanyol;160909;1;1;D;9;4;11;1;2.05;3.4;3.75;2;3.4;3.9;2.04;1.76;NA;NA;NA;NA;NA;NA;NA;NA;NA;NA;NA;NA;NA;NA;NA;NA;NA;NA;NA;NA;0;0;1;0;0;0;0;0;1;0
g_1_bedBxIwn;3;10.09. 20:30;Barcelona;Alaves;160910;1;2;A;16;5;13;0;1.07;12;34;1.07;11.5;36;1.26;3.74;NA;NA;NA;NA;NA;NA;NA;NA;NA;NA;NA;NA;NA;NA;NA;NA;NA;NA;NA;NA;0;0;0;1;0;0;0;0;0;1
g_1_lpkOZFN4;3;10.09. 18:15;Malaga;Villarreal;160910;0;2;A;15;12;9;7;2.3;3.1;3.3;2.4;3.1;3.25;2.46;1.53;NA;NA;NA;NA;NA;NA;NA;NA;NA;NA;NA;NA;NA;NA;NA;NA;NA;NA;NA;NA;0;0;1;0;0;0;0;0;1;0
g_1_df48IEhU;3;10.09. 18:15;Sevilla;Las Palmas;160910;2;1;H;16;7;10;1;1.5;4.33;6;1.57;4.2;5.75;1.5;2.54;NA;NA;NA;NA;NA;NA;NA;NA;NA;NA;NA;NA;NA;NA;NA;NA;NA;NA;NA;NA;1;0;0;0;0;1;1;0;0;0
g_1_Aw2dLG8B;3;10.09. 16:00;Real Madrid;Osasuna;160910;5;2;H;25;10;6;7;1.04;15;34;1.06;13.5;29;1.2;4.3;NA;NA;NA;NA;NA;NA;NA;NA;NA;NA;NA;NA;NA;NA;NA;NA;NA;NA;NA;NA;0;0;0;1;0;0;0;0;0;1
g_1_hIeFyxgh;3;10.09. 13:00;Celta de Vigo;Atletico de Madrid;160910;0;4;A;9;13;6;4;6;3.3;1.73;5.5;3.6;1.7;2.5;1.51;NA;NA;NA;NA;NA;NA;NA;NA;NA;NA;NA;NA;NA;NA;NA;NA;NA;NA;NA;NA;0;0;1;0;0;0;0;1;1;0
g_1_I354JfwO;3;11.09. 20:30;Deportivo de La Coruna;Athletic Club;160911;0;1;A;16;7;7;6;3.6;3.25;2.15;3.4;3.3;2.2;2.32;1.59;NA;NA;NA;NA;NA;NA;NA;NA;NA;NA;NA;NA;NA;NA;NA;NA;NA;NA;NA;NA;0;1;0;0;1;0;0;0;0;0
g_1_Ot60KzOH;3;11.09. 18:15;Granada;Eibar;160911;1;2;A;15;10;6;7;2.15;3.25;3.5;2.2;3.4;3.3;1.98;1.81;NA;NA;NA;NA;NA;NA;NA;NA;NA;NA;NA;NA;NA;NA;NA;NA;NA;NA;NA;NA;0;0;1;0;0;0;0;1;1;0
g_1_SECiMdg5;3;11.09. 16:00;Valencia;Real Betis;160911;2;3;A;23;12;5;5;1.65;4.2;5;1.7;4;4.75;1.83;1.96;NA;NA;NA;NA;NA;NA;NA;NA;NA;NA;NA;NA;NA;NA;NA;NA;NA;NA;NA;NA;0;1;0;0;1;0;0;0;0;0
g_1_6LaJzd8b;3;11.09. 12:00;Sporting de Gijon;Leganes;160911;2;1;H;7;9;3;5;2.25;3.2;3.4;2.2;3.25;3.5;2.41;1.55;NA;NA;NA;NA;NA;NA;NA;NA;NA;NA;NA;NA;NA;NA;NA;NA;NA;NA;NA;NA;0;0;0;1;0;0;0;0;0;1
g_1_YZFaGRMq;4;16.09. 20:45;Real Betis;Granada;160916;2;2;D;23;15;7;3;1.73;3.75;5;1.78;3.7;4.6;1.89;1.9;NA;NA;0.44;0.11;NA;NA;0.44;0.11;NA;NA;NA;NA;NA;NA;1.67;1.0;1.67;1.0;4.33;3.67;1;0;0;0;0;1;1;0;0;0
g_1_SzlSYZxB;4;17.09. 20:45;Las Palmas;Malaga;160917;1;0;H;6;10;2;2;2.3;3.25;3.3;2.1;3.3;3.4;2.11;1.72;NA;NA;0.67;0.22;NA;NA;0.67;0.22;NA;NA;NA;NA;NA;NA;3.33;1.0;3.33;1.0;5.0;2.67;0;1;0;0;1;0;0;0;0;0
g_1_Gfk3zmEF;4;17.09. 18:30;Eibar;Sevilla;160917;1;1;D;10;8;4;2;3.1;3.3;2.35;2.95;3.3;2.35;1.82;1.97;NA;NA;0.67;0.78;NA;NA;0.67;0.78;NA;NA;NA;NA;NA;NA;1.33;2.67;1.33;2.67;2.33;4.33;0;1;0;0;1;0;0;0;0;0
g_1_Gb54Foxj;4;17.09. 16:15;Atletico de Madrid;Sporting de Gijon;160917;5;0;H;18;10;1;4;1.18;6.5;21;1.2;5.5;17.5;1.91;1.87;NA;NA;0.56;0.78;NA;NA;0.56;0.78;NA;NA;NA;NA;NA;NA;1.67;1.33;1.67;1.33;2.0;2.0;1;0;0;0;0;0;1;0;0;0
g_1_SY88E5id;4;17.09. 13:00;Leganes;Barcelona;160917;1;5;A;15;10;2;5;17;7;1.18;13.5;6.5;1.19;1.45;2.66;NA;NA;0.44;0.67;NA;NA;0.44;0.67;NA;NA;NA;NA;NA;NA;0.67;2.67;0.67;2.67;1.33;4.0;0;0;0;1;0;0;0;0;0;1
g_1_txcjwkUd;4;18.09. 20:45;Espanyol;Real Madrid;160918;0;2;A;11;13;4;5;7.5;5.5;1.36;8.25;5;1.33;1.46;2.62;NA;NA;0.22;1.0;NA;NA;0.22;1.0;NA;NA;NA;NA;NA;NA;2.33;3.33;2.33;3.33;5.33;4.33;0;0;1;0;0;0;0;1;1;0
g_1_AHl7Z6TL;4;18.09. 18:30;Villarreal;Real Sociedad;160918;2;1;H;9;15;3;6;1.85;3.5;4.5;1.9;3.25;4.25;2.32;1.59;NA;NA;0.56;0.44;NA;NA;0.56;0.44;NA;NA;NA;NA;NA;NA;1.0;1.0;1.0;1.0;1.33;2.33;0;1;0;0;1;0;0;0;0;0
g_1_x4jayTb9;4;18.09. 16:15;Athletic Club;Valencia;160918;2;1;H;13;10;7;1;1.85;3.6;4.33;1.85;3.5;4.1;1.91;1.87;NA;NA;0.33;0.0;NA;NA;0.33;0.0;NA;NA;NA;NA;NA;NA;0.67;1.33;0.67;1.33;1.67;4.0;1;0;0;0;0;1;1;0;0;0
g_1_KSefx9q3;4;18.09. 12:00;Osasuna;Celta de Vigo;160918;0;0;D;9;13;3;5;2.9;3.1;2.6;2.9;3.1;2.5;2.33;1.59;NA;NA;0.11;0.0;NA;NA;0.11;0.0;NA;NA;NA;NA;NA;NA;1.0;0.33;1.0;0.33;3.67;2.67;0;0;0;1;0;0;0;0;0;1
g_1_dAhWXghH;4;19.09. 20:45;Alaves;Deportivo de La Coruna;160919;0;0;D;9;16;4;5;2.3;3;3.5;2.2;3.2;3.3;2.43;1.54;NA;NA;0.56;0.44;NA;NA;0.56;0.44;NA;NA;NA;NA;NA;NA;1.0;0.67;1.0;0.67;1.67;1.33;0;0;0;1;0;0;0;0;0;1
g_1_8hUsT46k;5;20.09. 22:00;Sevilla;Real Betis;160920;1;0;H;12;8;6;2;1.45;4.5;7;1.5;4.1;7;1.56;2.45;NA;NA;0.67;0.42;NA;NA;0.56;0.56;NA;NA;NA;NA;NA;NA;2.25;1.75;2.25;1.75;3.75;4.25;1;0;0;0;0;1;1;0;0;0
g_1_UuOqmQcL;5;20.09. 20:00;Malaga;Eibar;160920;2;1;H;14;12;7;5;1.85;3.4;4.75;1.8;3.6;4.6;2.21;1.65;NA;NA;0.17;0.58;NA;NA;0.11;0.78;NA;NA;NA;NA;NA;NA;0.75;1.25;0.75;1.25;2.25;2.25;0;1;0;0;1;0;0;0;0;0
g_1_nHIlnpDR;5;21.09. 22:00;Barcelona;Atletico de Madrid;160921;1;1;D;19;9;8;2;1.6;4;5.5;1.62;4;5.5;1.78;2.01;NA;NA;0.75;0.67;NA;NA;0.67;0.78;NA;NA;NA;NA;NA;NA;3.25;2.5;3.25;2.5;4.5;2.75;1;0;0;0;0;0;1;0;0;0
g_1_jkPul6rF;5;21.09. 22:00;Granada;Athletic Club;160921;1;2;A;13;13;6;3;4.5;3.5;1.85;4;3.6;1.91;2.02;1.78;NA;NA;0.17;0.5;NA;NA;0.11;0.67;NA;NA;NA;NA;NA;NA;1.25;1.0;1.25;1.0;3.75;2.0;1;0;0;0;0;1;1;0;0;0
g_1_rPLXkSD2;5;21.09. 22:00;Real Sociedad;Las Palmas;160921;4;1;H;17;8;7;4;2;3.5;3.75;2.05;3.4;3.7;1.86;1.93;NA;NA;0.33;0.75;NA;NA;0.44;0.67;NA;NA;NA;NA;NA;NA;1.0;2.75;1.0;2.75;2.5;4.0;0;0;1;0;0;0;0;0;1;0
g_1_U1VwUpiq;5;21.09. 20:00;Celta de Vigo;Sporting de Gijon;160921;2;1;H;16;4;8;0;1.57;4;6;1.57;4;6.25;1.84;1.94;NA;NA;0.08;0.58;NA;NA;0.11;0.44;NA;NA;NA;NA;NA;NA;0.25;1.0;0.25;1.0;2.0;2.75;1;0;0;0;0;0;1;0;0;0
g_1_tKskRry2;5;21.09. 20:00;Real Madrid;Villarreal;160921;1;1;D;22;8;17;3;1.2;7;15;1.25;6.5;10.5;1.44;2.76;NA;NA;1.0;0.67;NA;NA;1.0;0.78;NA;NA;NA;NA;NA;NA;3.0;1.25;3.0;1.25;3.75;1.75;1;0;0;0;0;1;1;0;0;0
g_1_2TroSOLe;5;22.09. 22:00;Valencia;Alaves;160922;2;1;H;12;8;7;4;1.57;3.75;6;1.55;4;6.5;1.85;1.93;NA;NA;0.0;0.5;NA;NA;0.0;0.56;NA;NA;NA;NA;NA;NA;1.25;0.75;1.25;0.75;3.75;1.25;0;0;0;1;0;0;0;0;0;1
g_1_dSPyknT8;5;22.09. 20:00;Deportivo de La Coruna;Leganes;160922;1;2;A;12;8;7;1;2.15;3.25;3.6;2.15;3.1;3.75;2.43;1.53;NA;NA;0.42;0.33;NA;NA;0.22;0.11;NA;NA;NA;NA;NA;NA;0.5;0.75;0.5;0.75;1.0;2.5;0;0;0;1;0;0;0;0;0;1
g_1_OKhBYQrS;5;22.09. 20:00;Osasuna;Espanyol;160922;1;2;A;17;10;7;1;2.88;3.2;2.6;2.95;3.2;2.5;2.18;1.66;NA;NA;0.17;0.17;NA;NA;0.11;0.22;NA;NA;NA;NA;NA;NA;0.75;1.75;0.75;1.75;2.75;4.5;0;0;0;1;0;0;0;0;0;1
g_1_Q7wO0qSK;6;23.09. 20:45;Real Betis;Malaga;160923;1;0;H;11;16;6;5;2.6;3.1;2.9;2.55;3.2;2.9;2.17;1.68;NA;NA;0.33;0.33;NA;NA;0.44;0.33;NA;NA;NA;NA;NA;NA;1.4;1.0;1.4;1.0;3.6;2.4;0;0;1;0;0;0;0;0;1;0
g_1_4hkF25c8;6;24.09. 20:45;Las Palmas;Real Madrid;160924;2;2;D;8;27;0;5;8.5;5;1.36;8.75;5.25;1.34;1.39;2.88;NA;NA;0.6;0.87;NA;NA;0.33;0.78;NA;NA;NA;NA;NA;NA;2.4;2.6;2.4;2.6;4.2;3.4;0;0;1;0;0;0;0;0;1;0
g_1_vBsSa3sR;6;24.09. 18:30;Athletic Club;Sevilla;160924;3;1;H;14;5;4;5;2.05;3.4;3.75;2.1;3.3;3.7;1.84;1.94;NA;NA;0.6;0.73;NA;NA;1.0;0.78;NA;NA;NA;NA;NA;NA;1.2;2.0;1.2;2.0;2.2;3.2;1;0;0;0;0;1;1;0;0;0
g_1_djUgeNkr;6;24.09. 16:15;Sporting de Gijon;Barcelona;160924;0;5;A;10;13;4;3;13;6.5;1.22;11.5;5.75;1.26;1.48;2.58;NA;NA;0.47;0.67;NA;NA;0.33;0.44;NA;NA;NA;NA;NA;NA;1.0;2.8;1.0;2.8;2.8;4.0;0;0;1;0;0;0;0;1;1;0
g_1_rqlJ1PCE;6;24.09. 13:00;Eibar;Real Sociedad;160924;2;0;H;17;3;5;3;2.45;3.2;3;2.55;3.1;2.95;2.21;1.65;NA;NA;0.47;0.47;NA;NA;0.44;0.44;NA;NA;NA;NA;NA;NA;1.2;1.6;1.2;1.6;2.4;3.0;1;0;0;0;0;0;1;0;0;0
g_1_fN7Ourje;6;25.09. 20:45;Espanyol;Celta de Vigo;160925;0;2;A;10;12;4;7;2.25;3.3;3.3;2.35;3.2;3.2;1.99;1.81;NA;NA;0.33;0.27;NA;NA;0.44;0.44;NA;NA;NA;NA;NA;NA;1.8;0.6;1.8;0.6;4.2;2.2;0;1;0;0;1;0;0;0;0;0
g_1_rm4KtOzk;6;25.09. 18:30;Villarreal;Osasuna;160925;3;1;H;12;11;5;5;1.4;4.33;9.5;1.4;4.6;8.75;1.99;1.8;NA;NA;0.6;0.13;NA;NA;0.78;0.11;NA;NA;NA;NA;NA;NA;1.2;0.8;1.2;0.8;1.8;2.8;0;0;0;1;0;0;0;0;0;1
g_1_lQ4Gs4Lr;6;25.09. 16:15;Atletico de Madrid;Deportivo de La Coruna;160925;1;0;H;21;8;10;0;1.22;5.5;19;1.19;6.5;17;1.72;2.09;NA;NA;0.6;0.33;NA;NA;0.78;0.11;NA;NA;NA;NA;NA;NA;2.2;0.6;2.2;0.6;2.6;1.4;1;0;0;0;0;1;1;0;0;0
g_1_xncTv251;6;25.09. 12:00;Leganes;Valencia;160925;1;2;A;7;10;1;5;2.8;3.2;2.6;2.75;3.25;2.65;2.14;1.7;NA;NA;0.47;0.2;NA;NA;0.33;0.33;NA;NA;NA;NA;NA;NA;1.0;1.4;1.0;1.4;2.6;3.6;0;0;0;1;0;0;0;0;0;1
g_1_GxdXwMK7;6;26.09. 20:45;Alaves;Granada;160926;3;1;H;16;13;5;6;2.1;3.3;3.75;2.05;3.4;3.7;2.2;1.65;NA;NA;0.4;0.13;NA;NA;0.44;0.11;NA;NA;NA;NA;NA;NA;0.8;1.2;0.8;1.2;1.6;3.6;0;0;0;1;0;0;0;0;0;1
g_1_l6r3iuk7;7;30.09. 20:45;Real Sociedad;Real Betis;160930;1;0;H;16;5;4;2;1.8;3.5;4.75;1.78;3.4;4.6;1.99;1.81;0.44;0.33;0.39;0.44;0.44;0.33;0.33;0.44;1.67;1.67;3.33;1.67;3.0;4.67;1.33;1.33;1.33;1.33;2.83;3.17;1;0;0;0;0;0;1;0;0;0
g_1_CvUcDMBQ;7;01.10. 20:45;Deportivo de La Coruna;Sporting de Gijon;161001;2;1;H;21;7;11;4;1.95;3.4;4.2;1.91;3.2;4.2;2.3;1.61;0.33;0.11;0.28;0.39;0.33;0.11;0.11;0.0;1.0;1.33;2.33;0.33;2.33;2.67;0.5;0.83;0.5;0.83;1.33;3.17;0;0;1;0;0;0;0;0;1;0
g_1_Ghpeg1Kf;7;01.10. 18:30;Osasuna;Las Palmas;161001;2;2;D;5;17;1;12;2.6;3.2;2.8;2.6;3.2;2.7;2.05;1.76;0.11;0.33;0.11;0.56;0.11;0.33;0.11;0.44;0.33;1.33;1.67;2.0;2.67;4.67;0.83;2.33;0.83;2.33;3.0;4.17;0;0;0;1;0;0;0;0;0;1
g_1_dC5U70Zm;7;01.10. 16:15;Sevilla;Alaves;161001;2;1;H;20;6;9;2;1.44;4.33;8;1.4;4.6;7.25;1.74;2.07;1.0;0.44;0.61;0.5;1.0;0.44;0.44;0.44;3.0;1.67;4.67;1.33;1.33;2.67;1.83;1.17;1.83;1.17;3.33;2.0;0;0;0;1;0;0;0;0;0;1
g_1_r5PgE2dK;7;01.10. 13:00;Granada;Leganes;161001;0;1;A;8;9;6;4;2.45;3.3;3;2.4;3.2;2.95;2.14;1.7;0.11;0.67;0.11;0.39;0.11;0.67;0.11;0.33;1.0;1.67;2.67;1.33;1.0;2.33;1.17;1.0;1.17;1.0;3.67;2.67;0;0;0;1;0;0;0;0;0;1
g_1_4EQkFrsE;7;02.10. 20:45;Celta de Vigo;Barcelona;161002;4;3;H;14;13;3;6;8;4.75;1.4;7;4.75;1.4;1.55;2.42;0.33;1.0;0.39;0.72;0.33;1.0;0.78;0.78;0.67;2.0;2.67;3.67;0.33;4.0;0.83;3.17;0.83;3.17;2.17;4.17;1;0;0;0;0;1;1;0;0;0
g_1_29n7ja4D;7;02.10. 18:30;Espanyol;Villarreal;161002;0;0;D;9;5;3;1;2.88;3.1;2.63;2.6;3.1;2.75;2.33;1.59;0.11;0.56;0.28;0.67;0.11;0.56;0.33;0.78;0.67;2.0;2.67;1.33;0.67;2.0;1.5;1.5;1.5;1.5;3.83;2.17;0;1;0;0;1;0;0;0;0;0
g_1_EmGP8tKs;7;02.10. 18:30;Malaga;Athletic Club;161002;2;1;H;15;7;7;2;2.45;3;3.3;2.5;3;2.95;2.42;1.55;0.44;0.67;0.28;0.67;0.44;0.67;0.33;1.0;1.0;1.33;2.33;1.33;1.0;2.33;0.83;1.5;0.83;1.5;2.17;2.5;0;0;1;0;0;0;0;0;1;0
g_1_fqqahLZ0;7;02.10. 16:15;Real Madrid;Eibar;161002;1;1;D;15;7;7;5;1.08;11;26;1.09;9.75;21;1.22;4.13;0.78;0.33;0.78;0.56;0.78;0.33;0.56;0.44;2.67;1.33;4.0;1.33;1.67;3.0;2.5;1.33;2.5;1.33;3.5;2.33;1;0;0;0;0;1;1;0;0;0
g_1_zsTcfs5l;7;02.10. 12:00;Valencia;Atletico de Madrid;161002;0;2;A;14;17;6;5;4.5;3.5;1.85;4.25;3.5;1.83;2.04;1.77;0.33;0.56;0.33;0.67;0.33;0.56;0.67;0.78;2.0;2.67;4.67;1.67;0.33;2.0;1.5;2.0;1.5;2.0;3.5;2.33;0;0;1;0;0;0;0;1;1;0
g_1_lIWaAgen;8;14.10. 20:45;Las Palmas;Espanyol;161014;0;0;D;13;5;8;4;1.95;3.4;4.2;2;3.6;3.9;1.95;1.85;0.78;0.44;0.52;0.29;0.78;0.44;0.22;0.44;2.67;1.0;3.67;2.33;2.67;5.0;2.29;1.29;2.29;1.29;4.14;3.29;1;0;0;0;0;1;1;0;0;0
g_1_lKNy6v40;8;15.10. 20:45;Real Betis;Real Madrid;161015;1;6;A;13;22;2;5;8;5.25;1.36;8.25;5.25;1.36;1.41;2.86;0.56;0.78;0.38;0.71;0.56;0.78;0.33;0.33;1.0;0.67;1.67;2.33;0.67;3.0;1.14;2.29;1.14;2.29;2.86;3.29;0;1;0;0;1;0;0;0;0;0
g_1_zFSeBZut;8;15.10. 18:30;Atletico de Madrid;Granada;161015;7;1;H;17;9;11;3;1.13;10;17;1.12;9;23;1.56;2.45;0.78;0.11;0.71;0.1;0.78;0.11;0.78;0.0;2.33;0.33;2.67;1.33;3.33;4.67;2.0;1.0;2.0;1.0;2.29;3.29;1;0;0;0;0;1;1;0;0;0
g_1_pnHp4IYC;8;15.10. 16:15;Barcelona;Deportivo de La Coruna;161015;4;0;H;25;7;8;2;1.1;10;26;1.11;9.5;23;1.3;3.45;0.44;0.22;0.62;0.38;0.44;0.22;0.44;0.33;2.67;1.67;4.33;0.0;0.33;0.33;3.14;0.71;3.14;0.71;4.57;1.57;0;1;0;0;1;0;0;0;0;0
g_1_AXK88XPb;8;15.10. 13:00;Leganes;Sevilla;161015;2;3;A;19;5;5;2;3.4;3.2;2.25;3.5;3.3;2.15;2.03;1.78;0.11;0.22;0.48;0.67;0.11;0.22;0.67;0.67;0.67;2.33;3.0;0.67;1.33;2.0;1.0;1.86;1.0;1.86;2.43;3.29;0;0;0;1;0;0;0;0;0;1
g_1_SAMu5bJ6;8;16.10. 20:45;Villarreal;Celta de Vigo;161016;5;0;H;11;4;3;5;1.85;3.4;4.75;1.85;3.5;4.5;2.16;1.7;0.78;0.44;0.62;0.48;0.78;0.44;0.56;1.0;1.67;0.67;2.33;1.0;0.67;1.67;1.29;1.29;1.29;1.29;1.86;2.86;0;0;1;0;0;0;0;0;1;0
g_1_OxGl3xlJ;8;16.10. 18:30;Sporting de Gijon;Valencia;161016;1;2;A;10;7;4;4;3.6;3.4;2.1;3.6;3.4;2.1;1.82;1.99;0.67;0.33;0.33;0.29;0.67;0.33;0.0;0.67;1.33;2.33;3.67;1.0;1.33;2.33;0.86;1.29;0.86;1.29;3.14;3.29;0;0;1;0;0;0;0;0;1;0
g_1_WtM49DAh;8;16.10. 16:15;Athletic Club;Real Sociedad;161016;3;2;H;15;6;7;4;1.83;3.6;4.4;1.75;3.6;5;2.21;1.66;0.67;0.33;0.57;0.48;0.67;0.33;0.67;0.67;1.67;1.0;2.67;1.0;1.33;2.33;1.43;1.29;1.43;1.29;2.57;2.57;0;0;1;0;0;0;0;0;1;0
g_1_fcOX6Klf;8;16.10. 12:00;Alaves;Malaga;161016;1;1;D;8;12;6;7;2.6;3;3;2.6;3;3;2.55;1.5;0.56;0.11;0.43;0.38;0.56;0.11;0.33;0.67;1.0;0.33;1.33;0.67;1.33;2.0;1.14;1.0;1.14;1.0;2.14;2.29;0;0;0;1;0;0;0;0;0;1
g_1_IcKC7iu5;8;17.10. 20:45;Eibar;Osasuna;161017;2;3;A;13;8;5;0;1.7;3.6;5;1.75;3.6;5;2.05;1.77;0.78;0.11;0.52;0.14;0.78;0.11;0.44;0.11;1.33;0.33;1.67;1.33;3.0;4.33;1.29;1.0;1.29;1.0;2.29;3.14;0;0;0;1;0;0;0;0;0;1
g_1_Q3svOCPo;9;21.10. 20:45;Osasuna;Real Betis;161021;1;2;A;13;12;6;4;2.4;3.2;3.1;2.6;3.25;3;2.13;1.7;0.17;0.25;0.25;0.33;0.22;0.33;0.44;0.33;0.75;1.5;2.25;1.25;2.5;3.75;1.25;1.12;1.25;1.12;3.38;3.38;0;0;0;1;0;0;0;0;0;1
g_1_nwCT39vU;9;22.10. 20:45;Granada;Sporting de Gijon;161022;0;0;D;12;3;3;3;2.1;3.4;3.6;2.1;3.3;3.7;2.05;1.75;0.08;0.08;0.08;0.29;0.0;0.0;0.0;0.0;0.75;1.5;2.25;0.5;2.25;2.75;1.0;0.88;1.0;0.88;3.88;3.12;1;0;0;0;0;1;1;0;0;0
g_1_AiqjLA94;9;22.10. 18:30;Real Sociedad;Alaves;161022;3;0;H;16;10;4;2;1.67;3.75;5.5;1.62;3.8;5.75;2.14;1.69;0.58;0.33;0.42;0.42;0.78;0.33;0.33;0.44;1.5;1.25;2.75;1.25;1.5;2.75;1.38;1.12;1.38;1.12;2.88;2.12;0;0;0;1;0;0;0;0;0;1
g_1_4ftrNWvh;9;22.10. 16:15;Valencia;Barcelona;161022;2;3;A;7;15;3;1;7;5.25;1.4;7.25;5.25;1.42;1.4;2.8;0.25;0.75;0.38;0.67;0.33;0.67;0.67;0.67;1.5;2.5;4.0;3.5;1.25;4.75;1.38;3.25;1.38;3.25;3.25;4.5;0;1;0;0;1;0;0;0;0;0
g_1_hGCP4kPN;9;22.10. 13:00;Espanyol;Eibar;161022;3;3;D;11;8;7;6;2.05;3.4;3.8;2;3.3;4;2.22;1.64;0.17;0.33;0.29;0.46;0.11;0.44;0.22;0.44;0.5;1.5;2.0;1.25;1.5;2.75;1.12;1.38;1.12;1.38;2.88;2.62;1;0;0;0;0;1;1;0;0;0
g_1_dlJG6BfB;9;23.10. 20:45;Real Madrid;Athletic Club;161023;2;1;H;24;10;6;4;1.2;7;13;1.26;6.5;12;1.32;3.28;0.67;0.5;0.75;0.62;0.56;0.67;0.56;0.67;2.25;1.25;3.5;1.25;1.25;2.5;2.75;1.62;2.75;1.62;3.75;2.88;1;0;0;0;0;1;1;0;0;0
g_1_bHunMjfb;9;23.10. 18:30;Malaga;Leganes;161023;4;0;H;24;14;5;8;1.85;3.3;4.75;1.83;3.4;4.75;2.41;1.55;0.58;0.75;0.38;0.42;0.67;0.67;0.44;0.33;1.25;1.25;2.5;1.25;0.75;2.0;1.0;1.12;1.0;1.12;2.25;2.75;0;0;0;1;0;0;0;0;0;1
g_1_hGYfKUOA;9;23.10. 18:30;Villarreal;Las Palmas;161023;2;1;H;14;8;2;1;1.67;3.8;5.25;1.7;3.6;5.5;1.84;1.94;0.83;0.33;0.67;0.5;1.0;0.11;0.78;0.33;2.5;0.5;3.0;2.0;2.5;4.5;1.75;2.0;1.75;2.0;2.25;3.62;0;0;1;0;0;0;0;0;1;0
g_1_vD8L5V9H;9;23.10. 16:15;Sevilla;Atletico de Madrid;161023;1;0;H;12;9;4;5;4;3.5;1.95;4.1;3.5;2;2.03;1.76;1.0;0.67;0.71;0.75;1.0;0.78;0.67;1.0;2.75;1.5;4.25;1.75;0.25;2.0;2.0;2.62;2.0;2.62;3.5;3.0;0;0;1;0;0;0;0;1;1;0
g_1_lnbeaTno;9;23.10. 12:00;Celta de Vigo;Deportivo de La Coruna;161023;4;1;H;9;11;5;4;1.7;3.6;5.5;1.75;3.6;5;2.07;1.74;0.5;0.17;0.42;0.33;0.67;0.11;0.67;0.33;1.5;2.25;3.75;0.0;1.25;1.25;1.12;0.62;1.12;0.62;3.12;1.88;0;1;0;0;1;0;0;0;0;0
g_1_EFM2UrNb;10;28.10. 20:45;Leganes;Real Sociedad;161028;0;2;A;7;9;1;4;2.63;3.1;2.88;2.65;3.1;2.85;2.28;1.61;0.08;0.25;0.37;0.48;0.0;0.0;0.33;0.67;1.0;2.5;3.5;1.25;1.75;3.0;1.0;1.56;1.0;1.56;2.89;2.89;0;0;0;1;0;0;0;0;0;1
g_1_44FFRt7H;10;29.10. 20:45;Barcelona;Granada;161029;1;0;H;15;1;8;1;1.05;17;34;1.04;16;36;1.13;5.65;0.58;0.08;0.7;0.11;0.44;0.11;0.67;0.11;3.0;1.25;4.25;1.25;4.25;5.5;3.22;0.89;3.22;0.89;4.56;3.44;1;0;0;0;0;1;1;0;0;0
g_1_dvC7T2x5;10;29.10. 18:30;Atletico de Madrid;Malaga;161029;4;2;H;16;6;6;2;1.22;6;15;1.22;6.75;12;1.86;1.92;0.83;0.17;0.67;0.44;1.0;0.11;0.67;0.78;3.5;0.5;4.0;0.75;1.25;2.0;2.33;1.33;2.33;1.33;2.78;2.44;1;0;0;0;0;0;1;0;0;0
g_1_2uJbVO7h;10;29.10. 16:15;Alaves;Real Madrid;161029;1;4;A;8;15;4;3;13;6.5;1.22;13;7;1.2;1.42;2.78;0.5;0.83;0.37;0.78;0.56;0.78;0.11;0.78;1.0;0.5;1.5;3.25;0.75;4.0;1.0;2.67;1.0;2.67;2.22;3.67;0;0;0;1;0;0;0;0;0;1
g_1_zVABSMiB;10;29.10. 13:00;Sporting de Gijon;Sevilla;161029;1;1;D;9;20;3;4;3.8;3.6;1.95;4.2;3.5;1.91;1.94;1.85;0.5;0.42;0.3;0.74;0.33;0.44;0.11;1.0;1.25;2.25;3.5;1.25;1.5;2.75;0.78;1.89;0.78;1.89;2.78;3.22;1;0;0;0;0;0;1;0;0;0
g_1_j1ktDshO;10;30.10. 20:45;Las Palmas;Celta de Vigo;161030;3;3;D;17;9;8;1;2.3;3.3;3.2;2.3;3.4;3.1;1.83;1.96;0.67;0.33;0.44;0.48;0.56;0.44;0.22;0.67;2.0;0.75;2.75;0.75;1.75;2.5;1.89;1.44;1.89;1.44;3.56;3.33;1;0;0;0;0;0;1;0;0;0
g_1_URKjXpwt;10;30.10. 18:30;Real Betis;Espanyol;161030;0;1;A;13;10;8;3;2.25;3.25;3.4;2.2;3.25;3.5;2.12;1.7;0.42;0.42;0.41;0.3;0.44;0.56;0.33;0.33;1.0;2.0;3.0;1.75;2.0;3.75;1.22;1.33;1.22;1.33;3.33;3.22;0;0;1;0;0;0;0;1;1;0
g_1_8IJfW4hn;10;30.10. 16:15;Athletic Club;Osasuna;161030;1;1;D;18;7;9;2;1.36;5;8.5;1.36;4.75;9.25;1.77;2.03;0.75;0.33;0.56;0.22;1.0;0.33;0.33;0.44;2.0;1.25;3.25;1.75;2.75;4.5;1.56;1.22;1.56;1.22;2.89;3.33;0;0;0;1;0;0;0;0;0;1
g_1_UilpC17U;10;30.10. 12:00;Eibar;Villarreal;161030;2;1;H;13;6;3;7;3;3.2;2.5;3.1;3.2;2.4;2.3;1.6;0.58;0.5;0.44;0.7;0.44;0.56;0.22;0.78;1.5;1.0;2.5;1.0;0.5;1.5;1.56;1.78;1.56;1.78;3.0;2.33;0;0;1;0;0;0;0;0;1;0
g_1_reEJQ0MN;10;31.10. 20:45;Deportivo de La Coruna;Valencia;161031;1;1;D;16;10;5;6;2.88;3.2;2.55;2.9;3.25;2.5;2.03;1.77;0.5;0.5;0.3;0.33;0.33;0.67;0.33;0.33;1.25;1.25;2.5;1.25;1.25;2.5;0.67;1.44;0.67;1.44;2.22;3.44;0;1;0;0;1;0;0;0;0;0
g_1_8bcsttMA;11;04.11. 20:45;Malaga;Sporting de Gijon;161104;3;2;H;22;7;9;2;1.73;3.6;5.25;1.72;3.6;5.25;2.14;1.7;0.67;0.13;0.4;0.3;1.0;0.11;0.44;0.22;1.8;1.0;2.8;0.4;1.8;2.2;1.4;0.8;1.4;0.8;2.8;2.7;1;0;0;0;0;0;1;0;0;0
g_1_QJ3OPKyU;11;05.11. 20:45;Las Palmas;Eibar;161105;1;0;H;16;13;7;4;1.91;3.5;4;1.95;3.5;3.9;1.74;2.08;0.6;0.33;0.43;0.5;0.33;0.22;0.22;0.44;2.2;1.2;3.4;1.6;1.8;3.4;2.0;1.6;2.0;1.6;3.8;3.0;0;0;1;0;0;0;0;1;1;0
g_1_fZsxqrxh;11;05.11. 18:30;Osasuna;Alaves;161105;0;1;A;10;12;3;4;2.25;3.2;3.4;2.25;3.25;3.4;2.29;1.62;0.13;0.27;0.23;0.33;0.11;0.0;0.44;0.11;0.8;1.6;2.4;1.0;1.8;2.8;1.2;1.0;1.2;1.0;3.2;2.5;0;0;0;1;0;0;0;0;0;1
g_1_EybwsM64;11;05.11. 16:15;Real Sociedad;Atletico de Madrid;161105;2;0;H;12;9;6;6;5.75;3.6;1.67;5;3.6;1.75;2.08;1.74;0.67;0.53;0.53;0.7;1.0;0.44;0.67;0.67;1.8;1.0;2.8;1.4;0.4;1.8;1.6;2.5;1.6;2.5;2.8;3.1;0;0;1;0;0;0;0;1;1;0
g_1_4QjjvKjN;11;05.11. 13:00;Granada;Deportivo de La Coruna;161105;1;1;D;14;13;7;6;2.6;3.2;2.8;2.55;3.2;2.9;2.34;1.59;0.13;0.13;0.1;0.3;0.11;0.0;0.11;0.11;0.6;1.2;1.8;0.2;1.8;2.0;0.8;0.7;0.8;0.7;3.2;2.2;0;1;0;0;1;0;0;0;0;0
g_1_M11ou0yH;11;06.11. 20:45;Sevilla;Barcelona;161106;1;2;A;15;14;3;5;5.25;4.2;1.62;5;4.33;1.62;1.39;2.9;1.0;0.8;0.7;0.73;1.0;0.67;0.78;1.0;2.4;1.2;3.6;3.4;1.4;4.8;1.8;3.0;1.8;3.0;3.1;4.2;1;0;0;0;0;0;1;0;0;0
g_1_2uejLvpo;11;06.11. 18:30;Villarreal;Real Betis;161106;2;0;H;15;7;10;1;1.5;4.2;7;1.53;4;7;1.95;1.85;0.87;0.4;0.63;0.37;1.0;0.33;0.67;0.33;2.4;0.6;3.0;1.4;2.2;3.6;1.7;1.1;1.7;1.1;2.4;3.1;0;1;0;0;1;0;0;0;0;0
g_1_rHkfwv6T;11;06.11. 16:15;Celta de Vigo;Valencia;161106;2;1;H;7;13;4;3;2.25;3.4;3.2;2.25;3.4;3.2;1.73;2.08;0.6;0.47;0.47;0.33;1.0;0.78;0.44;0.44;2.0;2.0;4.0;1.2;1.2;2.4;1.6;1.4;1.6;1.4;3.6;3.3;0;0;1;0;0;0;0;1;1;0
g_1_GrqYqOMo;11;06.11. 16:15;Espanyol;Athletic Club;161106;0;0;D;6;4;5;3;3;3.2;2.5;2.85;3.3;2.5;2.19;1.67;0.2;0.4;0.37;0.53;0.22;0.33;0.56;0.44;1.0;1.8;2.8;1.2;1.4;2.6;1.3;1.5;1.3;1.5;3.0;2.8;1;0;0;0;0;0;1;0;0;0
g_1_zoaZs2ib;11;06.11. 12:00;Real Madrid;Leganes;161106;3;0;H;17;7;2;2;1.07;13;23;1.07;12.5;31;1.18;4.6;0.73;0.6;0.8;0.33;0.56;0.67;1.0;0.0;2.2;1.2;3.4;1.0;1.4;2.4;2.8;0.9;2.8;0.9;3.8;2.8;0;0;0;1;0;0;0;0;0;1
g_1_EatQXHTj;12;18.11. 20:45;Real Betis;Las Palmas;161118;2;0;H;10;9;4;5;2.35;3.4;3.1;2.35;3.3;3.1;1.87;1.92;0.33;0.27;0.33;0.48;0.33;0.11;0.33;0.44;0.8;1.8;2.6;1.8;2.4;4.2;1.0;1.91;1.0;1.91;3.0;3.55;1;0;0;0;0;0;1;0;0;0
g_1_n3yKgajA;12;19.11. 20:45;Atletico de Madrid;Real Madrid;161119;0;3;A;16;12;8;6;2.5;3.3;2.9;2.5;3.3;2.85;1.94;1.85;0.87;0.87;0.64;0.82;1.0;0.78;0.33;1.0;3.6;0.8;4.4;3.4;0.8;4.2;2.27;2.82;2.27;2.82;3.0;3.73;0;1;0;0;1;0;0;0;0;0
g_1_z9sMYcEp;12;19.11. 18:30;Eibar;Celta de Vigo;161119;1;0;H;12;6;7;0;2.38;3.25;3.1;2.3;3.3;3.2;1.95;1.84;0.67;0.33;0.45;0.52;0.67;0.44;0.44;0.78;1.6;1.0;2.6;1.2;2.0;3.2;1.45;1.64;1.45;1.64;2.82;3.55;0;1;0;0;1;0;0;0;0;0
g_1_t4ghyizq;12;19.11. 16:15;Barcelona;Malaga;161119;0;0;D;28;4;14;1;1.13;9;21;1.12;9;21;1.28;3.54;0.67;0.13;0.76;0.45;0.78;0.11;1.0;0.67;2.6;1.0;3.6;1.0;1.8;2.8;2.91;1.55;2.91;1.55;4.09;3.0;1;0;0;0;0;0;1;0;0;0
g_1_zRhdzBkk;12;19.11. 13:00;Deportivo de La Coruna;Sevilla;161119;2;3;A;4;20;3;14;3.3;3.4;2.2;3.4;3.3;2.2;1.98;1.82;0.47;0.4;0.3;0.64;0.44;0.44;0.22;0.44;1.2;1.2;2.4;1.2;1.4;2.6;0.73;1.73;0.73;1.73;2.18;3.09;0;1;0;0;1;0;0;0;0;0
g_1_G4K8d16i;12;20.11. 20:45;Athletic Club;Villarreal;161120;1;0;H;12;6;6;5;2.15;3.3;3.5;2.1;3.25;3.7;2.34;1.59;0.67;0.4;0.52;0.67;0.78;0.22;0.22;0.67;1.8;1.2;3.0;1.0;0.8;1.8;1.36;1.73;1.36;1.73;2.55;2.36;0;1;0;0;1;0;0;0;0;0
g_1_4vWOhJ5G;12;20.11. 18:30;Sporting de Gijon;Real Sociedad;161120;1;3;A;4;20;3;5;3.4;3.3;2.2;3.3;3.3;2.25;2.21;1.65;0.47;0.4;0.27;0.58;0.11;0.33;0.22;1.0;1.2;2.0;3.2;1.4;1.4;2.8;0.91;1.64;0.91;1.64;2.91;2.73;1;0;0;0;0;1;1;0;0;0
g_1_lUd0ZU4e;12;20.11. 16:15;Valencia;Granada;161120;1;1;D;14;9;11;2;1.33;5.5;8.5;1.34;5.25;9;1.59;2.31;0.2;0.07;0.3;0.12;0.33;0.0;0.11;0.22;1.6;2.6;4.2;1.0;3.6;4.6;1.36;0.82;1.36;0.82;3.27;3.09;1;0;0;0;0;0;1;0;0;0
g_1_EkwCeLLc;12;20.11. 12:00;Alaves;Espanyol;161120;0;1;A;10;10;2;5;2.5;3.1;3.1;2.45;3.1;3.1;2.37;1.57;0.4;0.53;0.39;0.36;0.44;0.78;0.33;0.56;1.0;1.2;2.2;1.6;1.6;3.2;1.0;1.18;1.0;1.18;2.36;2.73;0;0;0;1;0;0;0;0;0;1
g_1_8CxGfuy4;12;21.11. 20:45;Leganes;Osasuna;161121;2;0;H;15;5;3;2;1.85;3.5;4.5;1.87;3.4;4.5;2.27;1.62;0.07;0.33;0.3;0.21;0.0;0.44;0.0;0.11;0.8;2.4;3.2;1.6;2.4;4.0;0.82;1.09;0.82;1.09;2.82;3.0;0;0;0;1;0;0;0;0;0;1
g_1_Whn5YlK1;13;25.11. 20:45;Eibar;Real Betis;161125;3;1;H;16;7;5;1;1.95;3.4;4.2;1.95;3.4;4.1;2.12;1.71;0.72;0.33;0.5;0.39;0.67;0.33;0.67;0.33;1.5;0.83;2.33;1.17;2.17;3.33;1.42;1.08;1.42;1.08;2.67;2.92;0;1;0;0;1;0;0;0;0;0
g_1_QF7vmlZf;13;26.11. 20:45;Sevilla;Valencia;161126;2;1;H;6;10;3;6;1.73;3.75;5;1.75;3.75;4.75;1.6;2.3;0.83;0.39;0.67;0.31;0.67;0.44;0.44;0.22;2.17;1.33;3.5;1.17;1.33;2.5;1.83;1.33;1.83;1.33;3.25;3.17;1;0;0;0;0;0;1;0;0;0
g_1_GtYfeCRE;13;26.11. 18:30;Espanyol;Leganes;161126;3;0;H;8;8;3;4;1.85;3.4;4.75;1.83;3.4;4.75;2.44;1.54;0.22;0.5;0.42;0.36;0.33;0.33;0.78;0.33;0.83;1.5;2.33;0.83;1.67;2.5;1.17;0.92;1.17;0.92;2.58;2.75;0;0;0;1;0;0;0;0;0;1
g_1_C8R3gjdR;13;26.11. 16:15;Real Madrid;Sporting de Gijon;161126;2;1;H;19;9;5;6;1.06;13;34;1.07;15.5;21;1.15;5.27;0.78;0.11;0.83;0.25;0.78;0.11;1.0;0.11;2.33;1.0;3.33;0.67;2.0;2.67;2.83;0.92;2.83;0.92;3.67;3.0;1;0;0;0;0;1;1;0;0;0
g_1_8vDZmUJl;13;26.11. 13:00;Malaga;Deportivo de La Coruna;161126;4;3;H;10;24;2;5;2;3.25;4.2;2;3.3;4.1;2.23;1.64;0.72;0.17;0.44;0.28;1.0;0.11;0.44;0.22;2.0;1.17;3.17;0.33;1.67;2.0;1.42;0.83;1.42;0.83;2.75;2.42;1;0;0;0;0;1;1;0;0;0
g_1_UmEVlA4r;13;27.11. 20:45;Real Sociedad;Barcelona;161127;1;1;D;17;10;8;6;7;4.75;1.44;6.25;4.4;1.5;1.51;2.51;0.72;0.83;0.61;0.72;1.0;0.67;1.0;0.78;1.83;0.83;2.67;3.17;1.33;4.5;1.75;2.67;1.75;2.67;2.83;3.75;1;0;0;0;0;0;1;0;0;0
g_1_466rn8l1;13;27.11. 18:30;Celta de Vigo;Granada;161127;3;1;H;16;7;5;0;1.53;4;7;1.53;4.1;6.5;1.78;2.02;0.67;0.11;0.47;0.14;1.0;0.11;0.44;0.22;2.0;1.83;3.83;1.0;3.17;4.17;1.5;0.83;1.5;0.83;3.33;3.0;1;0;0;0;0;0;1;0;0;0
g_1_b5NafWtL;13;27.11. 16:15;Osasuna;Atletico de Madrid;161127;0;3;A;11;7;7;4;11;5.25;1.3;10;5.5;1.3;1.88;1.91;0.11;0.44;0.19;0.58;0.11;0.33;0.11;0.33;0.67;1.5;2.17;1.17;0.67;1.83;1.0;2.08;1.0;2.08;2.92;3.0;0;0;0;1;0;0;0;0;0;1
g_1_xjZjdhC8;13;27.11. 12:00;Villarreal;Alaves;161127;0;2;A;23;10;12;1;1.5;4;7.5;1.53;3.9;7;2.18;1.67;0.89;0.39;0.61;0.36;1.0;0.33;0.33;0.33;2.33;0.5;2.83;1.0;1.5;2.5;1.58;0.92;1.58;0.92;2.25;2.25;0;0;0;1;0;0;0;0;0;1
g_1_Aqo9X8Z7;13;28.11. 20:45;Las Palmas;Athletic Club;161128;3;1;H;10;10;5;3;2.5;3.4;2.8;2.55;3.4;2.75;1.95;1.84;0.67;0.39;0.44;0.56;0.56;0.11;0.44;0.56;2.0;1.0;3.0;1.0;1.17;2.17;1.75;1.33;1.75;1.33;3.42;2.42;0;1;0;0;1;0;0;0;0;0
g_1_M1wuiIiQ;14;03.12. 20:45;Atletico de Madrid;Espanyol;161203;0;0;D;11;5;9;2;1.22;6;15;1.25;6;12.5;1.78;2.03;0.72;0.61;0.62;0.46;0.67;0.78;0.33;0.78;3.0;1.17;4.17;1.5;1.33;2.83;2.15;1.31;2.15;1.31;3.0;2.62;1;0;0;0;0;0;1;0;0;0
g_1_hSYzhbxK;14;03.12. 18:30;Leganes;Villarreal;161203;0;0;D;11;9;2;4;3.8;2.9;2.25;3.5;3.2;2.2;2.46;1.54;0.22;0.33;0.33;0.56;0.33;0.11;0.33;0.33;1.0;2.0;3.0;0.83;0.83;1.67;0.85;1.46;0.85;1.46;2.77;2.23;0;0;0;1;0;0;0;0;0;1
g_1_6ZEBodFm;14;03.12. 16:15;Barcelona;Real Madrid;161203;1;1;D;11;14;5;7;1.85;4.2;4.2;1.87;4.1;4;1.4;2.86;0.61;0.89;0.69;0.85;0.78;1.0;0.56;1.0;2.17;0.83;3.0;3.33;0.67;4.0;2.54;2.77;2.54;2.77;3.62;3.62;0;0;1;0;0;0;0;0;1;0
g_1_hjHNrfa6;14;03.12. 13:00;Granada;Sevilla;161203;2;1;H;11;17;4;8;4.75;3.5;1.8;4.5;3.7;1.78;1.85;1.95;0.17;0.5;0.13;0.69;0.22;0.78;0.22;0.67;0.67;1.17;1.83;1.5;1.5;3.0;0.85;1.85;0.85;1.85;3.08;3.23;1;0;0;0;0;0;1;0;0;0
g_1_EaIJqzp0;14;04.12. 20:45;Valencia;Malaga;161204;2;2;D;8;19;2;13;1.75;3.6;5;1.78;3.75;4.5;1.82;1.99;0.22;0.17;0.28;0.49;0.11;0.22;0.11;0.78;1.5;2.33;3.83;0.83;1.5;2.33;1.31;1.62;1.31;1.62;3.15;3.08;1;0;0;0;0;1;1;0;0;0
g_1_EyzXhvND;14;04.12. 18:30;Alaves;Las Palmas;161204;1;1;D;9;10;3;5;2.5;3.2;3;2.5;3.25;2.9;2.08;1.74;0.33;0.22;0.41;0.49;0.11;0.11;0.67;0.67;0.83;1.17;2.0;1.5;2.33;3.83;1.0;1.85;1.0;1.85;2.23;3.46;0;0;0;1;0;0;0;0;0;1
g_1_OAP6nx0s;14;04.12. 18:30;Sporting de Gijon;Osasuna;161204;3;1;H;9;15;2;5;2;3.3;4;2.05;3.3;3.8;2.15;1.7;0.39;0.28;0.23;0.18;0.11;0.44;0.0;0.0;1.17;2.17;3.33;1.33;2.33;3.67;0.92;0.92;0.92;0.92;3.0;2.92;0;0;0;1;0;0;0;0;0;1
g_1_A39jpnJD;14;04.12. 16:15;Athletic Club;Eibar;161204;3;1;H;12;10;2;2;1.85;3.4;4.75;1.85;3.4;4.75;2.07;1.75;0.72;0.28;0.51;0.54;0.78;0.22;0.44;0.67;1.67;1.0;2.67;1.33;1.67;3.0;1.31;1.54;1.31;1.54;2.54;2.77;1;0;0;0;0;1;1;0;0;0
g_1_bT5noS37;14;04.12. 12:00;Real Betis;Celta de Vigo;161204;3;3;D;16;13;4;3;2.38;3.25;3.1;2.35;3.3;3.1;2;1.81;0.44;0.28;0.36;0.51;0.33;0.11;0.33;0.67;1.0;1.5;2.5;1.0;1.83;2.83;1.08;1.62;1.08;1.62;3.0;3.38;0;1;0;0;1;0;0;0;0;0
g_1_KxJFpGUg;14;05.12. 20:45;Deportivo de La Coruna;Real Sociedad;161205;5;1;H;15;14;8;6;3.1;3.1;2.5;2.95;3.2;2.5;2.2;1.66;0.39;0.5;0.26;0.59;0.44;0.67;0.11;0.78;1.33;1.5;2.83;1.67;1.33;3.0;1.0;1.69;1.0;1.69;2.77;2.77;0;1;0;0;1;0;0;0;0;0
g_1_0W8gdDT5;15;09.12. 20:45;Malaga;Granada;161209;1;1;D;16;8;6;2;1.6;4;5.75;1.65;4;5.25;1.79;2.02;0.76;0.1;0.48;0.19;1.0;0.11;0.56;0.44;2.29;1.43;3.71;1.0;3.14;4.14;1.64;0.93;1.64;0.93;3.14;3.07;0;1;0;0;1;0;0;0;0;0
g_1_vHKpbZbg;15;10.12. 20:45;Real Madrid;Deportivo de La Coruna;161210;3;2;H;17;4;10;3;1.17;8;15;1.16;8.5;15;1.33;3.28;0.81;0.14;0.81;0.31;1.0;0.11;0.78;0.33;2.29;1.0;3.29;0.71;2.0;2.71;2.64;1.29;2.64;1.29;3.5;3.0;1;0;0;0;0;1;1;0;0;0
g_1_C6z65H6J;15;10.12. 18:30;Las Palmas;Leganes;161210;1;1;D;5;11;6;4;1.8;3.5;4.75;1.75;3.8;4.6;1.99;1.81;0.71;0.43;0.48;0.33;0.78;0.0;0.44;0.44;2.14;1.0;3.14;0.71;1.86;2.57;1.79;0.79;1.79;0.79;3.36;2.57;0;0;0;1;0;0;0;0;0;1
g_1_I7JlcgEa;15;10.12. 16:15;Real Sociedad;Valencia;161210;3;2;H;14;9;8;4;1.91;3.75;3.8;1.91;3.7;3.9;1.75;2.05;0.67;0.33;0.55;0.29;0.78;0.11;0.44;0.22;1.71;0.86;2.57;1.14;1.43;2.57;1.64;1.36;1.64;1.36;3.0;3.21;1;0;0;0;0;1;1;0;0;0
g_1_AsGtaFqm;15;10.12. 13:00;Osasuna;Barcelona;161210;0;3;A;4;17;2;5;15;7.5;1.18;13;7.25;1.2;1.36;3.06;0.1;0.76;0.17;0.67;0.0;0.78;0.0;0.33;0.57;1.71;2.29;2.86;1.29;4.14;0.93;2.43;0.93;2.43;3.0;3.5;0;0;0;1;0;0;0;0;0;1
g_1_KCmKsEEC;15;11.12. 20:45;Real Betis;Athletic Club;161211;1;0;H;6;14;3;7;3.1;3.25;2.38;3.2;3.2;2.35;2.18;1.68;0.43;0.33;0.36;0.55;0.44;0.11;0.44;0.67;1.29;1.71;3.0;1.0;1.43;2.43;1.21;1.43;1.21;1.43;3.21;2.64;0;0;1;0;0;0;0;1;1;0
g_1_WjHx0eUt;15;11.12. 18:30;Espanyol;Sporting de Gijon;161211;2;1;H;12;13;4;3;1.73;3.75;5;1.72;3.7;5;2.19;1.67;0.33;0.1;0.45;0.29;0.56;0.11;0.78;0.33;1.14;1.29;2.43;0.71;2.0;2.71;1.21;1.07;1.21;1.07;2.43;3.07;0;0;1;0;0;0;0;0;1;0
g_1_6TB1fibI;15;11.12. 16:15;Celta de Vigo;Sevilla;161211;0;3;A;14;14;4;6;2.75;3.3;2.63;2.7;3.3;2.65;1.76;2.04;0.71;0.43;0.5;0.64;1.0;0.44;0.44;0.67;2.14;1.71;3.86;1.43;1.57;3.0;1.71;1.79;1.71;1.79;3.57;3.21;0;1;0;0;1;0;0;0;0;0
g_1_b3nOtYTI;15;11.12. 12:00;Eibar;Alaves;161211;0;0;D;8;3;7;2;1.83;3.6;4.5;1.87;3.4;4.6;2.29;1.61;0.76;0.48;0.5;0.4;1.0;0.67;0.67;0.44;1.71;0.86;2.57;1.14;1.29;2.43;1.5;1.0;1.5;1.0;2.86;2.21;0;0;0;1;0;0;0;0;0;1
g_1_Q9vA4yMP;15;12.12. 20:45;Villarreal;Atletico de Madrid;161212;3;0;H;9;13;2;7;4.5;3.5;1.85;4.25;3.5;1.9;2.36;1.58;0.76;0.52;0.55;0.6;0.67;0.33;0.11;0.44;2.0;0.71;2.71;1.43;0.57;2.0;1.36;2.0;1.36;2.0;2.07;2.79;1;0;0;0;0;0;1;0;0;0
g_1_MyflIfjP;16;16.12. 20:45;Alaves;Real Betis;161216;1;0;H;10;6;6;4;2.3;3.1;3.4;2.35;3.1;3.4;2.41;1.56;0.33;0.29;0.4;0.4;0.11;0.33;0.56;0.44;0.86;1.14;2.0;1.14;2.29;3.43;0.93;1.2;0.93;1.2;2.07;3.07;0;0;0;1;0;0;0;0;0;1
g_1_Kvp9jrcp;16;17.12. 20:45;Sevilla;Malaga;161217;4;1;H;9;16;3;6;1.5;4.1;6.5;1.53;4.2;6.25;1.6;2.3;0.86;0.19;0.67;0.47;0.67;0.22;0.67;0.56;2.14;1.29;3.43;1.0;1.57;2.57;1.87;1.6;1.87;1.6;3.2;3.07;1;0;0;0;0;0;1;0;0;0
g_1_vsWv8ASH;16;17.12. 18:30;Granada;Real Sociedad;161217;0;2;A;10;18;5;9;3.75;3.4;2;3.7;3.6;2;1.96;1.83;0.29;0.43;0.2;0.58;0.56;0.67;0.44;0.44;0.86;1.14;2.0;1.57;1.86;3.43;0.93;1.73;0.93;1.73;3.0;3.13;0;0;1;0;0;0;0;1;1;0
g_1_I7uKCYDn;16;17.12. 16:15;Atletico de Madrid;Las Palmas;161217;1;0;H;16;11;8;5;1.29;5.5;9.5;1.3;5.5;10.5;1.61;2.29;0.67;0.24;0.56;0.47;0.44;0.11;0.44;0.56;2.57;1.0;3.57;1.43;2.14;3.57;1.87;1.73;1.87;1.73;2.8;3.27;1;0;0;0;0;0;1;0;0;0
g_1_WAqOBhTh;16;17.12. 13:00;Sporting de Gijon;Villarreal;161217;1;3;A;16;14;12;2;3.25;3.3;2.2;3.5;3.3;2.15;2.28;1.61;0.48;0.33;0.27;0.58;0.44;0.11;0.33;0.44;1.43;2.0;3.43;0.71;0.71;1.43;1.07;1.47;1.07;1.47;3.07;2.13;1;0;0;0;0;1;1;0;0;0
g_1_EZYSACra;16;18.12. 20:45;Barcelona;Espanyol;161218;4;1;H;14;4;5;2;1.1;10;26;1.1;11;21;1.33;3.23;0.57;0.57;0.69;0.49;0.56;0.78;0.56;0.78;2.0;0.86;2.86;1.29;1.14;2.43;2.47;1.27;2.47;1.27;3.47;2.47;1;0;0;0;0;1;1;0;0;0
g_1_hQXW9Wc5;16;18.12. 18:30;Deportivo de La Coruna;Osasuna;161218;2;0;H;8;13;5;1;1.57;3.75;6;1.55;3.8;7;1.92;1.88;0.48;0.24;0.29;0.16;0.44;0.11;0.33;0.0;1.86;1.43;3.29;1.29;2.43;3.71;1.33;0.87;1.33;0.87;3.13;3.0;0;0;0;1;0;0;0;0;0;1
g_1_OptGDEbt;16;18.12. 16:15;Leganes;Eibar;161218;1;1;D;8;15;3;6;2.55;3.1;2.88;2.6;3;3;2.39;1.56;0.24;0.24;0.33;0.49;0.44;0.11;0.22;0.44;0.86;1.71;2.57;1.29;1.86;3.14;0.8;1.4;0.8;1.4;2.53;2.67;0;0;0;1;0;0;0;0;0;1
g_1_pKA5gBDO;16;19.12. 20:45;Athletic Club;Celta de Vigo;161219;2;1;H;10;10;9;7;1.83;3.5;4.33;1.87;3.5;4.4;1.93;1.86;0.76;0.29;0.51;0.47;0.78;0.22;0.33;0.44;1.86;1.0;2.86;1.29;2.0;3.29;1.33;1.6;1.33;1.6;2.53;3.53;1;0;0;0;0;0;1;0;0;0
g_1_GQTBA3lG;17;06.01. 20:45;Espanyol;Deportivo de La Coruna;170106;1;1;D;14;13;2;8;2.05;3.3;3.8;2.05;3.3;3.9;2.32;1.6;0.42;0.12;0.46;0.33;0.78;0.11;0.44;0.67;1.25;1.25;2.5;0.88;2.12;3.0;1.25;1.38;1.25;1.38;2.62;3.06;1;0;0;0;0;0;1;0;0;0
g_1_bqOo41Rq;17;07.01. 20:45;Real Sociedad;Sevilla;170107;0;4;A;11;11;7;4;2.25;3.4;3.2;2.3;3.4;3.1;1.71;2.11;0.71;0.5;0.6;0.69;0.78;0.67;0.67;0.67;1.88;1.0;2.88;1.62;1.38;3.0;1.75;2.0;1.75;2.0;3.06;3.31;1;0;0;0;0;1;1;0;0;0
g_1_rDV3CPJ3;17;07.01. 18:30;Las Palmas;Sporting de Gijon;170107;1;0;H;16;10;8;3;1.67;3.75;5.5;1.67;3.9;5.25;1.82;1.98;0.67;0.08;0.44;0.25;0.78;0.0;0.22;0.33;2.0;1.0;3.0;0.75;2.0;2.75;1.62;1.06;1.62;1.06;3.12;3.12;0;1;0;0;1;0;0;0;0;0
g_1_QyyaD54c;17;07.01. 16:15;Eibar;Atletico de Madrid;170107;0;2;A;15;8;5;3;5.5;3.5;1.73;5.25;3.6;1.72;2.18;1.68;0.71;0.46;0.48;0.58;0.78;0.33;0.22;0.44;1.5;0.75;2.25;1.25;0.88;2.12;1.38;1.81;1.38;1.81;2.62;2.69;0;0;1;0;0;0;0;1;1;0
g_1_dzxK8sJS;17;07.01. 13:00;Real Madrid;Granada;170107;5;0;H;23;3;9;1;1.07;13;26;1.07;12.5;29;1.16;4.99;0.83;0.12;0.82;0.19;1.0;0.22;0.78;0.44;2.38;1.12;3.5;1.0;2.88;3.88;2.67;0.88;2.67;0.88;3.6;2.94;1;0;0;0;0;0;1;0;0;0
g_1_M3U7BqZ9;17;08.01. 20:45;Villarreal;Barcelona;170108;1;1;D;6;20;2;4;6;4.33;1.53;6;4.6;1.5;1.61;2.3;0.79;0.79;0.6;0.71;0.67;0.78;0.78;0.78;2.12;0.62;2.75;2.88;1.12;4.0;1.56;2.56;1.56;2.56;2.25;3.56;0;1;0;0;1;0;0;0;0;0
g_1_SISk3Ltj;17;08.01. 18:30;Celta de Vigo;Malaga;170108;3;1;H;6;13;2;7;1.85;3.6;4.33;1.87;3.7;4.1;1.79;2.02;0.62;0.17;0.44;0.44;0.67;0.22;0.11;0.22;1.88;1.88;3.75;1.0;1.88;2.88;1.56;1.56;1.56;1.56;3.5;3.19;1;0;0;0;0;0;1;0;0;0
g_1_noxeEoki;17;08.01. 16:15;Real Betis;Leganes;170108;2;0;H;16;9;4;2;2.1;3.25;3.75;2.05;3.3;3.9;2.47;1.53;0.5;0.42;0.38;0.33;0.78;0.11;0.44;0.33;1.25;1.5;2.75;0.75;1.75;2.5;1.12;0.81;1.12;0.81;2.94;2.5;0;0;0;1;0;0;0;0;0;1
g_1_YslDk2Cj;17;08.01. 12:00;Athletic Club;Alaves;170108;0;0;D;15;10;13;4;1.53;3.8;7.5;1.57;4;6.25;2.11;1.72;0.79;0.46;0.54;0.44;1.0;0.78;0.67;0.56;1.88;1.0;2.88;1.0;1.12;2.12;1.38;0.94;1.38;0.94;2.56;2.0;0;0;0;1;0;0;0;0;0;1
g_1_EBnF9N3M;17;09.01. 20:45;Osasuna;Valencia;170109;3;3;D;22;7;7;3;4;3.5;1.95;3.9;3.6;1.95;1.89;1.9;0.08;0.29;0.15;0.27;0.0;0.0;0.0;0.11;0.5;1.88;2.38;1.25;1.62;2.88;0.81;1.4;0.81;1.4;2.94;3.33;0;0;0;1;0;0;0;0;0;1
g_1_zsPoNtYL;18;14.01. 20:45;Deportivo de La Coruna;Villarreal;170114;0;0;D;13;4;10;0;2.7;3.1;2.8;2.7;3.1;2.8;2.36;1.58;0.54;0.42;0.33;0.59;0.67;0.44;0.44;0.78;1.88;1.25;3.12;1.0;0.75;1.75;1.35;1.53;1.35;1.53;3.0;2.24;0;0;1;0;0;0;0;0;1;0
g_1_MH9tQrl3;18;14.01. 18:30;Atletico de Madrid;Real Betis;170114;1;0;H;6;10;9;2;1.2;6.5;17;1.22;6.5;12.5;1.74;2.09;0.71;0.25;0.61;0.41;0.44;0.0;0.67;0.67;2.38;0.88;3.25;1.0;2.12;3.12;1.82;1.18;1.82;1.18;2.65;2.88;1;0;0;0;0;1;1;0;0;0
g_1_fV7lOMIF;18;14.01. 16:15;Barcelona;Las Palmas;170114;5;0;H;22;7;5;1;1.1;11;26;1.1;11;19;1.21;4.29;0.62;0.21;0.69;0.47;0.56;0.11;0.78;0.44;2.25;0.88;3.12;1.25;2.0;3.25;2.47;1.59;2.47;1.59;3.47;3.0;1;0;0;0;0;0;1;0;0;0
g_1_8E5xROYd;18;14.01. 13:00;Leganes;Athletic Club;170114;0;0;D;15;10;4;8;3.25;3.1;2.38;3.2;3.1;2.4;2.53;1.51;0.25;0.29;0.31;0.53;0.56;0.11;0.22;0.44;0.88;1.62;2.5;0.88;1.38;2.25;0.76;1.29;0.76;1.29;2.47;2.41;0;0;0;1;0;0;0;0;0;1
g_1_pGELGvBk;18;15.01. 20:45;Sevilla;Real Madrid;170115;2;1;H;9;10;6;1;3.6;3.8;1.95;3.6;3.9;1.95;1.47;2.63;0.88;0.81;0.71;0.83;0.67;0.78;1.0;0.78;2.38;1.25;3.62;3.0;0.71;3.71;2.12;2.81;2.12;2.81;3.35;3.69;1;0;0;0;0;0;1;0;0;0
g_1_WCAHHKeq;18;15.01. 18:30;Granada;Osasuna;170115;1;1;D;8;13;3;5;2.05;3.4;3.8;2;3.4;3.9;2.05;1.76;0.25;0.21;0.18;0.16;0.44;0.0;0.11;0.11;0.75;1.25;2.0;1.12;2.38;3.5;0.82;0.94;0.82;0.94;3.06;3.12;0;0;0;1;0;0;0;0;0;1
g_1_Gv9pP239;18;15.01. 18:30;Sporting de Gijon;Eibar;170115;2;3;A;10;18;2;4;2.9;3.1;2.6;2.85;3.2;2.6;2.13;1.7;0.42;0.25;0.24;0.45;0.33;0.11;0.0;0.22;1.38;2.12;3.5;1.25;1.75;3.0;1.0;1.29;1.0;1.29;3.0;2.59;1;0;0;0;0;1;1;0;0;0
g_1_69Rg2udd;18;15.01. 16:15;Celta de Vigo;Alaves;170115;1;0;H;13;9;7;4;1.7;3.75;5.25;1.67;3.8;5.25;1.96;1.84;0.67;0.44;0.47;0.43;0.67;0.56;0.33;0.56;2.0;1.78;3.78;0.89;1.0;1.89;1.65;0.88;1.65;0.88;3.53;1.88;0;0;0;1;0;0;0;0;0;1
g_1_EXNkM0mS;18;15.01. 12:00;Valencia;Espanyol;170115;2;1;H;10;6;6;3;1.91;3.6;4;1.91;3.7;3.9;1.86;1.94;0.24;0.5;0.27;0.45;0.22;0.44;0.22;0.44;1.57;2.29;3.86;1.25;1.5;2.75;1.5;1.24;1.5;1.24;3.5;2.59;1;0;0;0;0;0;1;0;0;0
g_1_Sv4QFbQe;18;16.01. 20:45;Malaga;Real Sociedad;170116;0;2;A;5;11;8;8;2.4;3.3;3;2.45;3.25;2.95;1.97;1.82;0.71;0.5;0.41;0.57;0.78;0.67;0.11;0.67;2.12;1.38;3.5;1.62;1.62;3.25;1.53;1.65;1.53;1.65;3.24;3.12;1;0;0;0;0;1;1;0;0;0
g_1_SzlPz02L;19;20.01. 20:45;Las Palmas;Deportivo de La Coruna;170120;1;1;D;9;7;4;5;2.25;3.3;3.3;2.25;3.3;3.3;2.02;1.79;0.7;0.15;0.44;0.33;0.78;0.11;0.33;0.56;1.89;0.89;2.78;0.89;2.0;2.89;1.5;1.28;1.5;1.28;3.11;2.83;0;0;1;0;0;0;0;1;1;0
g_1_McmTZJHR;19;21.01. 20:45;Villarreal;Valencia;170121;0;2;A;20;13;7;2;1.85;3.6;4.33;1.91;3.6;4;1.98;1.83;0.74;0.3;0.57;0.31;0.44;0.11;0.56;0.44;2.0;0.67;2.67;1.44;1.78;3.22;1.44;1.53;1.44;1.53;2.11;3.47;1;0;0;0;0;0;1;0;0;0
g_1_6V2UEIu2;19;21.01. 18:30;Alaves;Leganes;170121;2;2;D;8;13;4;3;2.2;3.1;3.6;2.2;3;3.75;2.65;1.47;0.42;0.37;0.41;0.31;0.44;0.11;0.44;0.22;0.88;1.0;1.88;0.67;1.78;2.44;0.83;0.72;0.83;0.72;1.83;2.33;0;0;0;1;0;0;0;0;0;1
g_1_KYS3THfe;19;21.01. 16:15;Real Madrid;Malaga;170121;2;1;H;14;10;5;4;1.13;10;17;1.1;10.5;20;1.24;3.91;0.85;0.15;0.78;0.39;1.0;0.11;0.67;0.0;2.67;1.0;3.67;1.0;2.0;3.0;2.71;1.44;2.71;1.44;3.65;3.17;0;1;0;0;1;0;0;0;0;0
g_1_O6ZfVwQr;19;21.01. 13:00;Espanyol;Granada;170121;3;1;H;17;7;10;5;1.57;4;6;1.57;3.9;6.25;2.07;1.75;0.41;0.11;0.43;0.19;0.78;0.11;0.11;0.11;1.22;1.22;2.44;0.89;3.11;4.0;1.22;0.83;1.22;0.83;2.61;3.0;0;1;0;0;1;0;0;0;0;0
g_1_G0pLytmF;19;22.01. 20:45;Eibar;Barcelona;170122;0;4;A;14;14;8;5;9.5;6;1.29;11;6;1.26;1.43;2.77;0.63;0.74;0.48;0.7;0.44;0.56;0.44;0.78;1.33;0.89;2.22;2.67;1.11;3.78;1.39;2.61;1.39;2.61;2.72;3.56;0;0;1;0;0;0;0;1;1;0
g_1_YyeGxMX8;19;22.01. 18:30;Real Betis;Sporting de Gijon;170122;0;0;D;16;7;9;5;1.73;3.6;5.25;1.7;3.7;5.25;2.13;1.7;0.56;0.07;0.39;0.22;0.78;0.0;0.33;0.0;1.33;1.33;2.67;0.67;1.89;2.56;1.11;1.06;1.11;1.06;2.78;3.11;0;1;0;0;1;0;0;0;0;0
g_1_EeS7SyA1;19;22.01. 18:30;Real Sociedad;Celta de Vigo;170122;1;0;H;17;11;4;3;1.95;3.6;3.8;2;3.4;3.9;1.83;1.96;0.63;0.25;0.59;0.5;0.44;0.11;0.67;0.67;1.67;1.33;3.0;1.25;2.0;3.25;1.67;1.61;1.67;1.61;3.06;3.39;0;0;1;0;0;0;0;0;1;0
g_1_fodCw2I2;19;22.01. 16:15;Athletic Club;Atletico de Madrid;170122;2;2;D;8;11;2;6;4;3.2;2.05;3.9;3.3;2.05;2.35;1.58;0.74;0.52;0.52;0.63;0.78;0.67;0.56;1.0;1.67;0.89;2.56;1.33;0.78;2.11;1.22;1.78;1.22;1.78;2.28;2.56;0;0;1;0;0;0;0;0;1;0
g_1_trUaUcuk;19;22.01. 12:00;Osasuna;Sevilla;170122;3;4;A;14;13;3;6;6;4.33;1.53;6.5;4.4;1.5;1.65;2.22;0.11;0.56;0.17;0.72;0.11;0.67;0.22;1.0;0.78;2.0;2.78;1.89;1.22;3.11;0.94;2.11;0.94;2.11;3.06;3.33;0;0;0;1;0;0;0;0;0;1
g_1_U3Afju28;20;27.01. 20:45;Osasuna;Malaga;170127;1;1;D;14;14;4;6;2.88;3.3;2.5;2.85;3.3;2.5;2.06;1.76;0.1;0.13;0.16;0.37;0.11;0.0;0.22;0.0;1.0;2.2;3.2;1.0;2.0;3.0;1.05;1.42;1.05;1.42;3.26;3.16;0;0;0;1;0;0;0;0;0;1
g_1_jedkuFg7;20;28.01. 20:45;Leganes;Celta de Vigo;170128;0;2;A;6;3;8;0;2.3;3.1;3.4;2.35;3.25;3.2;2.32;1.6;0.26;0.22;0.32;0.47;0.33;0.11;0.22;0.67;0.78;1.44;2.22;1.11;1.89;3.0;0.79;1.53;0.79;1.53;2.42;3.26;0;0;0;1;0;0;0;0;0;1
g_1_n3aYrcfr;20;28.01. 18:30;Eibar;Deportivo de La Coruna;170128;3;1;H;12;20;9;10;2.1;3.25;3.75;2.15;3.3;3.5;2.2;1.66;0.57;0.17;0.46;0.33;0.11;0.22;0.33;0.33;1.2;1.2;2.4;0.9;1.9;2.8;1.32;1.26;1.32;1.26;2.79;2.79;0;1;0;0;1;0;0;0;0;0
g_1_YJ1ptev1;20;28.01. 16:15;Alaves;Atletico de Madrid;170128;0;0;D;19;8;7;2;6;3.6;1.62;6;3.6;1.65;2.36;1.58;0.41;0.5;0.4;0.61;0.56;0.44;0.22;0.78;1.0;1.11;2.11;1.4;0.9;2.3;0.89;1.79;0.89;1.79;1.95;2.63;0;0;0;1;0;0;0;0;0;1
g_1_2VN1lJWK;20;28.01. 13:00;Villarreal;Granada;170128;2;0;H;18;7;7;4;1.36;4.75;9.5;1.35;5;9;1.89;1.9;0.67;0.1;0.54;0.18;0.44;0.11;0.22;0.11;1.8;0.8;2.6;0.9;3.1;4.0;1.37;0.84;1.37;0.84;2.11;3.05;1;0;0;0;0;0;1;0;0;0
g_1_SbWBReP7;20;29.01. 20:45;Real Madrid;Real Sociedad;170129;3;0;H;7;9;0;3;1.25;6.5;10;1.25;6.5;10.5;1.33;3.26;0.87;0.56;0.8;0.61;1.0;0.67;0.67;0.67;2.6;1.0;3.6;1.67;1.44;3.11;2.67;1.63;2.67;1.63;3.61;2.95;1;0;0;0;0;1;1;0;0;0
g_1_fT2tsyPf;20;29.01. 18:30;Athletic Club;Sporting de Gijon;170129;2;1;H;11;5;5;0;1.36;4.75;9.5;1.36;5.25;8.25;1.76;2.05;0.7;0.1;0.51;0.23;0.56;0.11;0.33;0.11;1.7;1.0;2.7;0.6;1.7;2.3;1.26;1.0;1.26;1.0;2.37;2.95;1;0;0;0;0;1;1;0;0;0
g_1_8f9bkaHE;20;29.01. 16:15;Espanyol;Sevilla;170129;3;1;H;16;12;7;4;3.3;3.4;2.2;3.4;3.4;2.15;1.86;1.94;0.47;0.6;0.46;0.74;0.78;1.0;0.44;1.0;1.4;1.2;2.6;2.1;1.4;3.5;1.32;2.21;1.32;2.21;2.68;3.53;1;0;0;0;0;0;1;0;0;0
g_1_063xrH9l;20;29.01. 12:00;Real Betis;Barcelona;170129;1;1;D;17;10;8;2;12;6;1.25;12.5;5.75;1.25;1.4;2.85;0.53;0.77;0.39;0.72;0.78;0.78;0.44;0.78;1.2;1.2;2.4;2.8;1.0;3.8;1.05;2.68;1.05;2.68;2.63;3.58;0;0;1;0;0;0;0;1;1;0
g_1_tMM5mwnR;20;30.01. 20:45;Las Palmas;Valencia;170130;3;1;H;9;8;6;3;2.5;3.4;2.8;2.5;3.3;2.85;1.79;2.01;0.67;0.37;0.44;0.35;0.56;0.44;0.44;0.78;1.8;0.9;2.7;1.5;1.6;3.1;1.47;1.56;1.47;1.56;3.05;3.39;1;0;0;0;0;0;1;0;0;0
g_1_rm4Hrl0a;21;04.02. 20:45;Valencia;Eibar;170204;0;4;A;8;11;2;6;1.91;3.6;4;1.87;3.6;4.2;1.8;2.01;0.33;0.33;0.33;0.48;0.56;0.44;0.67;0.67;1.62;2.12;3.75;1.44;1.78;3.22;1.53;1.4;1.53;1.4;3.42;2.85;1;0;0;0;0;1;1;0;0;0
g_1_CSeYv6aO;21;04.02. 18:30;Atletico de Madrid;Leganes;170204;2;0;H;12;15;3;6;1.29;5;15;1.28;5.5;12;2.04;1.78;0.74;0.37;0.6;0.3;0.78;0.22;0.56;0.22;2.22;0.78;3.0;0.8;1.8;2.6;1.7;0.75;1.7;0.75;2.5;2.4;0;0;0;1;0;0;0;0;0;1
g_1_42hQtSUB;21;04.02. 16:15;Barcelona;Athletic Club;170204;3;0;H;16;10;7;3;1.22;6.5;13;1.22;6.75;11.5;1.32;3.3;0.67;0.3;0.7;0.53;0.78;0.11;0.78;0.56;2.56;0.78;3.33;0.78;1.22;2.0;2.6;1.3;2.6;1.3;3.5;2.4;1;0;0;0;0;1;1;0;0;0
g_1_hbB4ojGt;21;04.02. 13:00;Malaga;Espanyol;170204;0;1;A;19;4;17;2;2.1;3.4;3.6;2.15;3.25;3.6;2.17;1.69;0.63;0.44;0.37;0.48;0.44;0.11;0.11;0.67;1.89;1.44;3.33;1.22;1.56;2.78;1.4;1.4;1.4;1.4;3.1;2.75;0;1;0;0;1;0;0;0;0;0
g_1_rkqy3IoE;21;05.02. 18:30;Real Sociedad;Osasuna;170205;3;2;H;13;11;3;2;1.3;5.25;11;1.33;5;10.5;1.65;2.22;0.67;0.22;0.58;0.17;0.67;0.11;0.67;0.22;1.6;1.2;2.8;1.11;2.22;3.33;1.55;1.05;1.55;1.05;2.95;3.2;0;0;0;1;0;0;0;0;0;1
g_1_I5dUunpI;21;05.02. 16:15;Sporting de Gijon;Alaves;170205;2;4;A;12;14;8;4;2.2;3.3;3.4;2.15;3.2;3.7;2.4;1.56;0.37;0.4;0.22;0.4;0.33;0.22;0.11;0.22;1.44;2.22;3.67;0.8;1.0;1.8;1.0;0.85;1.0;0.85;2.95;1.85;0;0;0;1;0;0;0;0;0;1
g_1_zN09pAVn;21;05.02. 12:00;Sevilla;Villarreal;170205;0;0;D;14;11;9;0;1.6;3.8;6;1.65;3.8;5.5;1.75;2.07;0.89;0.41;0.7;0.57;1.0;0.56;0.67;0.44;2.33;1.22;3.56;0.89;0.67;1.56;2.15;1.4;2.15;1.4;3.55;2.1;1;0;0;0;0;1;1;0;0;0
g_1_EDaDqUpg;21;06.02. 20:45;Granada;Las Palmas;170206;1;0;H;12;15;6;5;3;3.4;2.38;2.95;3.5;2.35;1.95;1.85;0.26;0.19;0.17;0.47;0.44;0.11;0.11;0.44;0.78;1.22;2.0;1.11;2.33;3.44;0.8;1.55;0.8;1.55;3.0;3.1;1;0;0;0;0;0;1;0;0;0
g_1_ETmya9pt;22;10.02. 20:45;Espanyol;Real Sociedad;170210;1;2;A;7;15;5;6;2.8;3.2;2.63;2.8;3.1;2.7;2.26;1.64;0.52;0.5;0.51;0.6;0.78;0.67;1.0;0.67;1.55;1.18;2.73;1.5;1.6;3.1;1.38;1.62;1.38;1.62;2.67;3.05;0;0;1;0;0;0;0;1;1;0
g_1_jJfxvQEU;22;11.02. 20:45;Osasuna;Real Madrid;170211;1;3;A;11;12;3;2;13;6.5;1.22;13;6.5;1.22;1.38;2.99;0.12;0.71;0.16;0.81;0.22;0.44;0.11;0.67;1.0;2.09;3.09;2.75;0.88;3.62;1.1;2.68;1.1;2.68;3.29;3.58;0;0;0;1;0;0;0;0;0;1
g_1_MavdfoaB;22;11.02. 18:30;Athletic Club;Deportivo de La Coruna;170211;2;1;H;13;8;3;2;1.67;3.6;5.75;1.65;3.8;5.5;2.04;1.78;0.73;0.15;0.51;0.32;0.56;0.22;0.44;0.22;1.73;1.0;2.73;0.91;2.0;2.91;1.24;1.25;1.24;1.25;2.43;2.85;1;0;0;0;0;1;1;0;0;0
g_1_jZr0g5EH;22;11.02. 16:15;Alaves;Barcelona;170211;0;6;A;9;21;3;9;10;5.5;1.3;9.5;5.25;1.33;1.61;2.32;0.4;0.73;0.43;0.71;0.56;0.56;0.56;0.78;0.9;1.0;1.9;2.64;1.0;3.64;1.0;2.62;1.0;2.62;2.05;3.48;0;0;0;1;0;0;0;0;0;1
g_1_r9uheRq5;22;11.02. 13:00;Real Betis;Valencia;170211;0;0;D;16;8;4;6;2.5;3.25;2.9;2.5;3.25;2.9;1.96;1.85;0.52;0.33;0.38;0.32;0.56;0.44;0.22;0.33;1.18;1.18;2.36;1.45;1.73;3.18;1.05;1.45;1.05;1.45;2.6;3.45;1;0;0;0;0;0;1;0;0;0
g_1_ClX8iqqU;22;12.02. 20:45;Atletico de Madrid;Celta de Vigo;170212;3;2;H;16;14;3;3;1.4;4.5;8.5;1.36;4.75;9.5;1.86;1.95;0.77;0.3;0.62;0.5;1.0;0.33;0.56;0.67;2.2;0.7;2.9;1.2;1.7;2.9;1.71;1.55;1.71;1.55;2.48;3.2;1;0;0;0;0;1;1;0;0;0
g_1_nsnqcmFh;22;12.02. 18:30;Las Palmas;Sevilla;170212;0;1;A;15;12;1;4;3.3;3.6;2.1;3.2;3.7;2.15;1.69;2.16;0.7;0.55;0.44;0.68;0.78;0.67;0.44;0.44;1.91;0.91;2.82;2.0;1.55;3.55;1.48;2.05;1.48;2.05;3.0;3.38;1;0;0;0;0;1;1;0;0;0
g_1_UPs4hPTN;22;12.02. 16:15;Leganes;Sporting de Gijon;170212;0;2;A;9;4;4;3;1.83;3.4;4.75;1.83;3.4;4.75;2.35;1.59;0.23;0.09;0.29;0.21;0.22;0.11;0.11;0.11;0.7;1.5;2.2;0.64;1.73;2.36;0.71;1.05;0.71;1.05;2.38;3.1;0;0;0;1;0;0;0;0;0;1
g_1_hKnubTan;22;12.02. 12:00;Villarreal;Malaga;170212;1;1;D;12;11;9;9;1.8;3.5;4.75;1.78;3.7;4.6;2.02;1.79;0.7;0.15;0.56;0.35;0.44;0.11;0.44;0.11;1.82;0.73;2.55;1.0;1.91;2.91;1.33;1.33;1.33;1.33;2.0;3.0;1;0;0;0;0;0;1;0;0;0
g_1_0pjmd7Ub;22;13.02. 20:45;Eibar;Granada;170213;4;0;H;25;13;7;8;1.55;4.2;6;1.57;4;6.25;1.84;1.98;0.61;0.09;0.51;0.21;0.33;0.0;0.67;0.33;1.36;1.18;2.55;0.82;3.0;3.82;1.52;0.81;1.52;0.81;2.9;2.9;1;0;0;0;0;1;1;0;0;0
g_1_GzJY74TA;23;17.02. 20:45;Granada;Real Betis;170217;4;1;H;10;6;4;7;3;3.2;2.5;2.6;3.2;2.65;2.09;1.74;0.33;0.22;0.2;0.38;0.44;0.0;0.33;0.33;0.8;1.1;1.9;0.89;2.0;2.89;0.77;1.0;0.77;1.0;2.95;2.48;0;1;0;0;1;0;0;0;0;0
g_1_MDJU8pE4;23;18.02. 20:45;Sevilla;Eibar;170218;2;0;H;11;11;5;2;1.45;4.5;7;1.48;4.25;6.25;1.57;2.37;0.83;0.4;0.7;0.53;0.78;0.78;0.44;1.0;2.1;1.1;3.2;1.7;1.6;3.3;2.0;1.64;2.0;1.64;3.27;2.95;1;0;0;0;0;0;1;0;0;0
g_1_C2Cs6rbN;23;18.02. 18:30;Deportivo de La Coruna;Alaves;170218;0;1;A;16;6;10;6;2;3.1;4.2;2;3.25;3.8;2.4;1.57;0.52;0.45;0.3;0.41;0.78;0.44;0.11;0.44;1.67;1.11;2.78;1.09;1.09;2.18;1.24;0.95;1.24;0.95;2.86;2.23;0;0;0;1;0;0;0;0;0;1
g_1_neRHBnUo;23;18.02. 16:15;Real Madrid;Espanyol;170218;2;0;H;12;3;13;2;1.14;8;21;1.17;7;13.5;1.36;3.08;0.88;0.5;0.82;0.48;1.0;0.33;1.0;0.67;2.64;0.91;3.55;1.2;1.4;2.6;2.7;1.36;2.7;1.36;3.6;2.68;1;0;0;0;0;1;1;0;0;0
g_1_MybD0MLp;23;18.02. 13:00;Sporting de Gijon;Atletico de Madrid;170218;1;4;A;15;11;12;3;7.5;4;1.5;7.25;4.1;1.45;1.99;1.81;0.33;0.48;0.24;0.64;0.0;0.56;0.33;0.78;1.5;2.4;3.9;1.27;0.82;2.09;1.09;1.77;1.09;1.77;3.05;2.59;1;0;0;0;0;0;1;0;0;0
g_1_jgBo52DT;23;19.02. 20:45;Barcelona;Leganes;170219;2;1;H;13;11;4;4;1.07;11;41;1.09;10;18.5;1.32;3.35;0.7;0.33;0.73;0.27;1.0;0.11;0.78;0.0;2.6;0.7;3.3;0.73;1.82;2.55;2.77;0.68;2.77;0.68;3.59;2.36;0;0;0;1;0;0;0;0;0;1
g_1_Yiwzm3io;23;19.02. 18:30;Celta de Vigo;Osasuna;170219;3;0;H;11;8;3;5;1.57;4.2;5.5;1.5;4.2;6;1.76;2.06;0.7;0.2;0.48;0.15;0.67;0.11;0.33;0.11;1.9;1.6;3.5;1.2;2.3;3.5;1.57;1.09;1.57;1.09;3.29;3.32;0;0;0;1;0;0;0;0;0;1
g_1_UwNx7OrH;23;19.02. 16:15;Valencia;Athletic Club;170219;2;0;H;15;15;3;1;2.3;3.25;3.25;2.3;3.3;3;1.96;1.85;0.3;0.27;0.32;0.53;0.44;0.11;0.11;0.67;1.44;2.33;3.78;0.7;1.4;2.1;1.38;1.27;1.38;1.27;3.29;2.45;0;0;1;0;0;0;0;1;1;0
g_1_QoQLA6qh;23;19.02. 12:00;Real Sociedad;Villarreal;170219;0;1;A;16;7;7;4;1.95;3.3;4.2;1.9;3.3;4.2;2.17;1.68;0.7;0.4;0.62;0.55;0.67;0.56;0.67;0.56;1.73;1.27;3.0;0.8;0.6;1.4;1.64;1.32;1.64;1.32;3.05;2.0;0;0;1;0;0;0;0;1;1;0
g_1_rNKQ9Qbb;23;20.02. 20:45;Malaga;Las Palmas;170220;2;1;H;13;13;2;6;1.95;3.5;4;2;3.4;3.6;1.95;1.84;0.57;0.17;0.35;0.42;0.11;0.0;0.22;0.33;1.7;1.4;3.1;1.0;2.2;3.2;1.32;1.41;1.32;1.41;2.95;2.91;1;0;0;0;0;1;1;0;0;0
g_1_0jXz9jDB;16;22.02. 18:45;Valencia;Real Madrid;170222;2;1;H;8;22;3;11;6;4.33;1.53;5.5;4.6;1.53;1.49;2.58;0.37;0.74;0.35;0.83;0.67;0.44;0.44;1.0;1.5;2.1;3.6;2.78;0.89;3.67;1.41;2.67;1.41;2.67;3.23;3.52;0;1;0;0;1;0;0;0;0;0
g_1_I3R17hfc;24;24.02. 20:45;Las Palmas;Real Sociedad;170224;0;1;A;18;9;6;1;2.6;3.4;2.7;2.65;3.4;2.65;1.86;1.94;0.64;0.55;0.41;0.59;0.44;0.67;0.0;0.67;1.75;0.92;2.67;1.55;1.55;3.09;1.39;1.57;1.39;1.57;2.91;2.96;1;0;0;0;0;1;1;0;0;0
g_1_CQQ56C93;24;25.02. 20:45;Eibar;Malaga;170225;3;0;H;8;4;2;2;2.05;3.4;3.8;2.05;3.4;3.7;1.96;1.84;0.64;0.17;0.51;0.38;0.67;0.22;0.67;0.44;1.58;1.08;2.67;1.0;1.83;2.83;1.57;1.35;1.57;1.35;2.91;2.96;0;0;1;0;0;0;0;0;1;0
g_1_t6IM2U8S;24;25.02. 18:30;Leganes;Deportivo de La Coruna;170225;4;0;H;7;11;2;7;2.4;3.1;3.2;2.5;3;3.2;2.61;1.48;0.21;0.14;0.26;0.29;0.11;0.11;0.0;0.0;0.64;1.55;2.18;0.92;2.0;2.92;0.7;1.18;0.7;1.18;2.39;2.77;0;0;0;1;0;0;0;0;0;1
g_1_jHP95WO9;24;25.02. 16:15;Real Betis;Sevilla;170225;1;2;A;15;13;4;4;3.8;3.4;2.05;3.9;3.4;2;1.89;1.91;0.5;0.58;0.36;0.71;0.33;0.67;0.22;0.78;1.08;1.08;2.17;1.92;1.42;3.33;1.0;2.0;1.0;2.0;2.59;3.22;0;1;0;0;1;0;0;0;0;0
g_1_nqJI3AgM;24;25.02. 13:00;Alaves;Valencia;170225;2;1;H;13;5;2;1;2.63;3.1;2.88;2.7;3.1;2.8;2.32;1.6;0.36;0.33;0.43;0.38;0.22;0.44;0.67;0.78;0.82;1.45;2.27;1.33;1.58;2.92;0.96;1.43;0.96;1.43;2.17;3.22;0;0;0;1;0;0;0;0;0;1
g_1_40Nc8Yvi;24;26.02. 20:45;Villarreal;Real Madrid;170226;2;3;A;11;25;5;5;5.5;3.75;1.67;4.75;4.2;1.67;1.68;2.17;0.67;0.67;0.57;0.79;0.44;0.33;0.56;0.67;1.75;0.75;2.5;2.6;1.0;3.6;1.3;2.59;1.3;2.59;1.96;3.5;1;0;0;0;0;0;1;0;0;0
g_1_8hKE4jvG;24;26.02. 18:30;Athletic Club;Granada;170226;3;1;H;14;7;0;3;1.44;4.5;7.5;1.45;4.25;7.75;1.76;2.05;0.75;0.08;0.51;0.23;0.78;0.0;0.33;0.67;1.75;1.0;2.75;0.75;3.08;3.83;1.22;0.91;1.22;0.91;2.43;3.04;0;1;0;0;1;0;0;0;0;0
g_1_bNbgc8Wk;24;26.02. 18:30;Sporting de Gijon;Celta de Vigo;170226;1;1;D;20;16;7;5;2.63;3.4;2.63;2.65;3.4;2.65;2;1.81;0.3;0.27;0.23;0.5;0.0;0.33;0.33;0.67;1.45;2.55;4.0;1.27;1.82;3.09;1.09;1.64;1.09;1.64;3.13;3.27;0;0;1;0;0;0;0;0;1;0
g_1_Gb9lblHq;24;26.02. 16:15;Atletico de Madrid;Barcelona;170226;1;2;A;12;15;6;5;3;3.4;2.38;2.95;3.4;2.4;1.86;1.94;0.79;0.75;0.65;0.74;1.0;0.78;1.0;1.0;2.27;0.82;3.09;2.92;0.92;3.83;1.87;2.74;1.87;2.74;2.7;3.57;0;0;1;0;0;0;0;0;1;0
g_1_0SdHatyi;24;26.02. 12:00;Espanyol;Osasuna;170226;3;0;H;18;4;10;2;1.67;3.8;5.5;1.6;3.8;6;2.11;1.72;0.47;0.18;0.46;0.14;0.67;0.11;0.33;0.0;1.5;1.25;2.75;1.09;2.36;3.45;1.3;1.04;1.3;1.04;2.65;3.3;0;0;0;1;0;0;0;0;0;1
g_1_0nqhI98F;25;28.02. 21:30;Malaga;Real Betis;170228;1;2;A;15;11;7;5;1.95;3.5;4;1.95;3.4;4.1;2.22;1.65;0.61;0.2;0.36;0.35;0.33;0.0;0.44;0.11;1.73;1.36;3.09;0.9;2.2;3.1;1.29;1.0;1.29;1.0;2.96;2.61;0;0;1;0;0;0;0;0;1;0
g_1_xnyQcuN0;25;28.02. 21:30;Valencia;Leganes;170228;1;0;H;16;3;7;3;1.75;3.6;5;1.75;3.6;5;2.14;1.7;0.42;0.31;0.36;0.29;0.67;0.11;0.67;0.33;1.55;2.0;3.55;0.75;1.83;2.58;1.42;0.83;1.42;0.83;3.21;2.46;0;0;0;1;0;0;0;0;0;1
g_1_nqulJkg9;25;28.02. 19:30;Real Sociedad;Eibar;170228;2;2;D;14;13;3;5;1.85;3.5;4.5;1.83;3.5;4.6;1.94;1.86;0.64;0.36;0.61;0.53;0.67;0.67;0.67;0.67;1.58;1.25;2.83;1.55;1.64;3.18;1.54;1.62;1.54;1.62;2.88;2.92;1;0;0;0;0;0;1;0;0;0
g_1_xEccdSod;25;01.03. 21:30;Celta de Vigo;Espanyol;170301;2;2;D;8;8;1;3;1.91;3.4;4.33;1.91;3.5;4.2;2.05;1.76;0.73;0.45;0.49;0.49;1.0;0.33;0.44;0.33;2.0;1.45;3.45;1.09;1.45;2.55;1.61;1.38;1.61;1.38;3.22;2.67;1;0;0;0;0;0;1;0;0;0
g_1_bexMbL7f;25;01.03. 21:30;Granada;Alaves;170301;2;1;H;13;11;4;4;2.63;3.2;2.8;2.65;3.1;2.85;2.41;1.56;0.39;0.5;0.22;0.46;0.78;0.67;0.33;0.67;1.09;1.09;2.18;1.08;1.0;2.08;0.92;1.0;0.92;1.0;3.08;2.21;0;0;0;1;0;0;0;0;0;1
g_1_4KkqKVw3;25;01.03. 21:30;Real Madrid;Las Palmas;170301;3;3;D;20;17;7;4;1.13;9;21;1.16;8.25;14.5;1.23;4.03;0.89;0.15;0.8;0.39;1.0;0.0;0.67;0.0;2.58;0.83;3.42;1.0;2.18;3.18;2.61;1.33;2.61;1.33;3.57;2.83;1;0;0;0;0;1;1;0;0;0
g_1_pCvYeJiD;25;01.03. 19:30;Barcelona;Sporting de Gijon;170301;6;1;H;25;5;10;3;1.05;15;41;1.06;13;29;1.16;5.02;0.73;0.17;0.75;0.24;1.0;0.44;1.0;0.44;2.55;0.73;3.27;0.75;1.58;2.33;2.71;1.08;2.71;1.08;3.54;3.08;1;0;0;0;0;1;1;0;0;0
g_1_QTjuLBOd;25;01.03. 19:30;Osasuna;Villarreal;170301;1;4;A;17;12;8;2;3.8;3.4;2.05;4;3.3;2;2.19;1.67;0.11;0.45;0.14;0.54;0.11;0.56;0.0;0.44;1.0;2.17;3.17;0.82;0.55;1.36;1.0;1.33;1.0;1.33;3.29;2.08;0;0;0;1;0;0;0;0;0;1
g_1_WY5Pa1hl;25;02.03. 21:30;Sevilla;Athletic Club;170302;1;0;H;14;14;6;9;1.67;3.8;5.25;1.67;3.8;5.25;1.74;2.08;0.85;0.24;0.72;0.53;0.78;0.11;1.0;0.67;2.09;1.0;3.09;0.64;1.45;2.09;2.0;1.29;2.0;1.29;3.21;2.5;1;0;0;0;0;1;1;0;0;0
g_1_W8zUdax7;25;02.03. 20:45;Deportivo de La Coruna;Atletico de Madrid;170302;1;1;D;13;10;7;2;5.5;3.75;1.65;5.75;3.6;1.67;2.17;1.68;0.47;0.53;0.28;0.62;0.44;0.56;0.0;0.67;1.5;1.1;2.6;1.5;0.83;2.33;1.13;1.83;1.13;1.83;2.83;2.71;0;1;0;0;1;0;0;0;0;0
g_1_dj8jE07s;26;03.03. 20:45;Real Betis;Real Sociedad;170303;2;3;A;12;9;7;6;2.6;3.2;2.88;2.55;3.1;2.95;2.3;1.62;0.46;0.58;0.38;0.6;0.22;0.67;0.33;0.44;1.08;1.15;2.23;1.5;1.42;2.92;1.04;1.56;1.04;1.56;2.62;2.92;1;0;0;0;0;0;1;0;0;0
g_1_KUhG8dyJ;26;04.03. 20:45;Barcelona;Celta de Vigo;170304;5;0;H;19;7;10;1;1.13;8.5;23;1.14;8.75;16.5;1.2;4.33;0.75;0.28;0.76;0.49;1.0;0.44;1.0;0.56;2.83;0.75;3.58;1.25;1.75;3.0;2.84;1.62;2.84;1.62;3.68;3.25;1;0;0;0;0;1;1;0;0;0
g_1_nHIGK2UD;26;04.03. 18:30;Villarreal;Espanyol;170304;2;0;H;11;8;1;1;1.73;3.6;5.25;1.75;3.6;5;2.23;1.65;0.62;0.44;0.56;0.48;0.44;0.44;0.67;0.44;1.77;0.92;2.69;1.17;1.5;2.67;1.44;1.4;1.44;1.4;2.2;2.72;1;0;0;0;0;1;1;0;0;0
g_1_fsMOItaQ;26;04.03. 16:15;Eibar;Real Madrid;170304;1;4;A;12;12;4;4;5;4;1.67;5;4.1;1.65;1.6;2.32;0.67;0.7;0.52;0.78;1.0;0.67;0.44;0.44;1.69;1.0;2.69;2.64;1.09;3.73;1.64;2.62;1.64;2.62;2.96;3.67;0;0;1;0;0;0;0;1;1;0
g_1_pC03Bbi0;26;04.03. 13:00;Leganes;Granada;170304;1;0;H;16;1;7;4;1.8;3.4;5;1.83;3.4;4.75;2.41;1.56;0.28;0.08;0.28;0.25;0.33;0.0;0.33;0.67;0.92;1.42;2.33;0.77;3.08;3.85;0.8;0.96;0.8;0.96;2.4;3.08;0;0;0;1;0;0;0;0;0;1
g_1_vFceDKMm;26;05.03. 20:45;Athletic Club;Malaga;170305;1;0;H;15;8;8;2;1.75;3.6;5;1.78;3.6;4.75;1.92;1.88;0.77;0.15;0.51;0.35;1.0;0.22;0.33;0.33;1.85;1.0;2.85;0.92;1.92;2.85;1.24;1.28;1.24;1.28;2.44;2.96;0;1;0;0;1;0;0;0;0;0
g_1_Q7HKJMqK;26;05.03. 18:30;Las Palmas;Osasuna;170305;5;2;H;16;10;5;1;1.57;4;6;1.57;4.1;5.75;1.74;2.08;0.59;0.17;0.39;0.13;0.33;0.0;0.11;0.0;1.62;0.92;2.54;1.0;2.42;3.42;1.4;1.0;1.4;1.0;2.96;3.36;0;0;0;1;0;0;0;0;0;1
g_1_O2a7AI66;26;05.03. 16:15;Atletico de Madrid;Valencia;170305;3;0;H;18;6;6;2;1.44;4.5;7.5;1.42;4.6;7.75;1.73;2.09;0.72;0.31;0.61;0.39;0.67;0.11;0.44;0.67;2.17;0.92;3.08;1.31;1.62;2.92;1.8;1.4;1.8;1.4;2.68;3.12;1;0;0;0;0;0;1;0;0;0
g_1_tvfC9xMC;26;05.03. 12:00;Sporting de Gijon;Deportivo de La Coruna;170305;0;1;A;9;7;6;4;2.6;3.2;2.88;2.5;3.3;2.85;2.06;1.76;0.31;0.13;0.23;0.28;0.11;0.0;0.11;0.11;1.42;2.42;3.83;0.85;2.15;3.0;1.08;1.12;1.08;1.12;3.24;2.79;0;1;0;0;1;0;0;0;0;0
g_1_jk1aCvxf;26;06.03. 20:45;Alaves;Sevilla;170306;1;1;D;18;9;2;2;4.1;3.4;1.95;3.9;3.5;1.95;2.06;1.75;0.42;0.62;0.44;0.73;0.44;0.67;0.67;1.0;0.92;1.42;2.33;1.92;1.38;3.31;1.0;1.96;1.0;1.96;2.24;3.12;0;0;0;1;0;0;0;0;0;1
g_1_Mw3Ls8F5;21;08.03. 18:45;Deportivo de La Coruna;Real Betis;170308;1;1;D;15;5;6;4;2.15;3.2;3.7;2.05;3.4;3.75;2.29;1.62;0.45;0.27;0.31;0.36;0.22;0.33;0.44;0.33;1.45;1.09;2.55;1.0;2.09;3.09;1.12;1.08;1.12;1.08;2.72;2.72;0;1;0;0;1;0;0;0;0;0
g_1_nyo2WaTP;27;10.03. 20:45;Espanyol;Las Palmas;170310;4;3;H;12;12;2;5;2.2;3.4;3.3;2.2;3.3;3.4;1.98;1.83;0.51;0.17;0.46;0.41;0.67;0.11;0.44;0.44;1.62;1.15;2.77;1.17;2.25;3.42;1.35;1.54;1.35;1.54;2.69;3.12;1;0;0;0;0;0;1;0;0;0
g_1_EiEkNejC;27;11.03. 20:45;Granada;Atletico de Madrid;170311;0;1;A;12;15;4;9;7.5;4;1.5;7;4.33;1.48;1.92;1.87;0.44;0.51;0.24;0.63;1.0;0.56;0.33;0.44;1.17;1.08;2.25;1.46;0.85;2.31;0.92;1.85;0.92;1.85;3.0;2.69;0;0;1;0;0;0;0;1;1;0
g_1_IPKtPHLa;27;11.03. 18:30;Malaga;Alaves;170311;1;2;A;15;4;5;3;2;3.3;4;2;3.3;4;2.28;1.62;0.56;0.46;0.33;0.44;0.33;0.67;0.0;0.44;1.67;1.42;3.08;1.08;1.08;2.15;1.23;1.0;1.23;1.0;2.88;2.23;0;0;0;1;0;0;0;0;0;1
g_1_0lAoOyy6;27;11.03. 16:15;Sevilla;Leganes;170311;1;1;D;12;12;4;1;1.36;4.75;8;1.4;4.5;8.5;1.87;1.93;0.86;0.28;0.72;0.31;0.78;0.0;0.78;0.67;2.0;0.92;2.92;0.69;1.77;2.46;1.92;0.81;1.92;0.81;3.08;2.35;0;0;0;1;0;0;0;0;0;1
g_1_8EDgMF5I;27;11.03. 13:00;Valencia;Sporting de Gijon;170311;1;1;D;20;10;7;9;1.5;4.33;6.5;1.45;4.5;7;1.64;2.24;0.47;0.15;0.37;0.22;1.0;0.33;0.33;0.11;1.5;1.83;3.33;0.77;1.92;2.69;1.35;1.04;1.35;1.04;3.12;3.15;0;0;1;0;0;0;0;0;1;0
g_1_W8MYQwim;27;12.03. 20:45;Real Madrid;Real Betis;170312;2;1;H;14;9;8;4;1.13;9;21;1.12;9;21;1.29;3.57;0.85;0.28;0.79;0.36;0.78;0.44;0.78;0.44;2.62;1.0;3.62;1.0;2.0;3.0;2.68;1.08;2.68;1.08;3.72;2.69;1;0;0;0;0;1;1;0;0;0
g_1_YXtbXuEJ;27;12.03. 18:30;Celta de Vigo;Villarreal;170312;0;1;A;12;8;4;3;2.75;3.2;2.75;2.7;3.2;2.7;2.13;1.7;0.69;0.5;0.47;0.58;0.78;0.78;0.22;0.67;2.0;1.5;3.5;1.08;0.58;1.67;1.56;1.46;1.56;1.46;3.32;2.19;0;1;0;0;1;0;0;0;0;0
g_1_n5CcLZKO;27;12.03. 16:15;Deportivo de La Coruna;Barcelona;170312;2;1;H;14;16;4;8;13;6.5;1.22;13;6.5;1.22;1.39;2.95;0.44;0.77;0.31;0.77;0.22;0.78;0.56;1.0;1.42;1.08;2.5;2.85;0.92;3.77;1.12;2.92;1.12;2.92;2.69;3.73;0;0;1;0;0;0;0;1;1;0
g_1_vZLxQc6g;27;12.03. 12:00;Real Sociedad;Athletic Club;170312;0;2;A;16;9;8;3;2.1;3.3;3.5;2.15;3.3;3.6;2.07;1.75;0.62;0.22;0.62;0.53;0.44;0.0;0.78;0.67;1.62;1.31;2.92;0.58;1.42;2.0;1.62;1.23;1.62;1.23;3.0;2.38;0;1;0;0;1;0;0;0;0;0
g_1_hINURJys;27;13.03. 20:45;Osasuna;Eibar;170313;1;1;D;10;14;6;6;3.6;3.4;2.1;3.6;3.4;2.1;1.84;1.96;0.1;0.36;0.13;0.5;0.11;0.44;0.0;0.44;1.0;2.31;3.31;1.58;1.67;3.25;1.04;1.62;1.04;1.62;3.5;3.04;0;0;0;1;0;0;0;0;0;1
g_1_OMetpJcP;28;17.03. 20:45;Las Palmas;Villarreal;170317;1;0;H;19;8;8;5;2.55;3.4;2.75;2.6;3.5;2.65;1.76;2.07;0.62;0.54;0.4;0.59;0.33;1.0;0.44;1.0;1.86;1.0;2.86;1.08;0.54;1.62;1.59;1.44;1.59;1.44;3.26;2.15;0;1;0;0;1;0;0;0;0;0
g_1_KhsCvcLn;28;18.03. 20:45;Real Betis;Osasuna;170318;2;0;H;9;13;5;0;1.44;4.33;8;1.45;4.33;7.5;1.78;2.03;0.43;0.15;0.35;0.14;0.11;0.0;0.11;0.11;1.14;1.29;2.43;1.08;2.62;3.69;1.07;1.04;1.07;1.04;2.7;3.44;0;0;0;1;0;0;0;0;0;1
g_1_02kKxyja;28;18.03. 18:30;Alaves;Real Sociedad;170318;1;0;H;10;10;5;8;2.55;3.2;2.9;2.55;3.25;2.85;2.35;1.58;0.41;0.62;0.46;0.59;0.44;1.0;0.44;0.44;0.92;1.38;2.31;1.62;1.46;3.08;1.04;1.56;1.04;1.56;2.26;2.96;0;0;0;1;0;0;0;0;0;1
g_1_Iw0FwHzg;28;18.03. 16:15;Athletic Club;Real Madrid;170318;1;2;A;12;9;5;5;5;4;1.67;5;4;1.67;1.58;2.35;0.79;0.72;0.54;0.79;1.0;0.67;0.67;0.78;1.79;0.93;2.71;2.75;1.08;3.83;1.26;2.65;1.26;2.65;2.37;3.69;0;0;1;0;0;0;0;0;1;0
g_1_QVs8uw6t;28;18.03. 13:00;Eibar;Espanyol;170318;1;1;D;16;4;6;2;1.91;3.5;4.2;1.91;3.5;4.1;2.07;1.75;0.62;0.41;0.49;0.48;0.67;0.11;0.22;0.44;1.64;1.21;2.86;1.08;1.54;2.62;1.59;1.44;1.59;1.44;3.0;2.85;1;0;0;0;0;0;1;0;0;0
g_1_UssyZhkO;28;19.03. 20:45;Barcelona;Valencia;170319;4;2;H;28;6;6;3;1.13;9.5;19;1.14;8.5;18.5;1.2;4.32;0.77;0.29;0.74;0.37;1.0;0.11;0.67;0.44;3.0;0.69;3.69;1.21;1.71;2.93;2.85;1.33;2.85;1.33;3.7;3.07;0;0;1;0;0;0;0;0;1;0
g_1_roouYC4U;28;19.03. 18:30;Deportivo de La Coruna;Celta de Vigo;170319;0;1;A;9;9;3;1;2.2;3.3;3.4;2.2;3.3;3.4;2.11;1.72;0.49;0.26;0.33;0.45;0.56;0.11;0.78;0.11;1.46;1.08;2.54;1.15;2.0;3.15;1.15;1.5;1.15;1.5;2.7;3.23;1;0;0;0;0;1;1;0;0;0
g_1_nJiWZYZH;28;19.03. 18:30;Sporting de Gijon;Granada;170319;3;1;H;15;12;6;3;2;3.5;3.8;2;3.4;3.9;1.89;1.91;0.28;0.07;0.22;0.23;0.11;0.0;0.11;0.33;1.31;2.31;3.62;0.71;2.93;3.64;1.04;0.89;1.04;0.89;3.11;2.93;0;1;0;0;1;0;0;0;0;0
g_1_8ShSzFKB;28;19.03. 16:15;Atletico de Madrid;Sevilla;170319;3;1;H;15;9;2;2;1.67;3.8;5.25;1.67;3.9;5.25;1.82;1.97;0.74;0.6;0.64;0.7;0.67;0.78;0.78;0.56;2.23;0.85;3.08;1.86;1.36;3.21;1.81;1.89;1.81;1.89;2.63;3.04;0;1;0;0;1;0;0;0;0;0
g_1_vglOye55;28;19.03. 12:00;Leganes;Malaga;170319;0;0;D;14;8;6;7;2.4;3;3.3;2.4;3.1;3.2;2.49;1.52;0.33;0.14;0.31;0.32;0.67;0.11;0.44;0.0;0.92;1.31;2.23;0.86;1.86;2.71;0.81;1.22;0.81;1.22;2.33;2.89;0;0;0;1;0;0;0;0;0;1
g_1_v9xniz5h;29;31.03. 20:45;Espanyol;Real Betis;170331;2;1;H;8;10;4;4;2.3;3.2;3.3;2.2;3.2;3.5;2.3;1.61;0.55;0.26;0.48;0.37;0.67;0.44;0.44;0.44;1.79;1.29;3.07;1.0;2.0;3.0;1.43;1.11;1.43;1.11;2.82;2.68;0;0;1;0;0;0;0;1;1;0
g_1_8lU2mh4H;29;01.04. 20:45;Malaga;Atletico de Madrid;170401;0;2;A;21;7;6;0;5.25;3.5;1.75;5.5;3.5;1.72;2.14;1.7;0.51;0.55;0.32;0.65;0.33;0.78;0.11;1.0;1.62;1.46;3.08;1.43;0.79;2.21;1.18;1.86;1.18;1.86;2.79;2.68;1;0;0;0;0;0;1;0;0;0
g_1_QPvblYlB;29;01.04. 18:30;Real Sociedad;Leganes;170401;1;1;D;14;6;7;0;1.75;3.4;5.5;1.75;3.3;5.75;2.36;1.58;0.57;0.29;0.57;0.31;0.11;0.11;0.33;0.56;1.5;1.36;2.86;0.71;1.71;2.43;1.5;0.79;1.5;0.79;2.89;2.25;0;0;0;1;0;0;0;0;0;1
g_1_IayjjfKb;29;01.04. 16:15;Osasuna;Athletic Club;170401;1;2;A;8;9;6;3;6;4;1.57;6;4.1;1.57;1.76;2.05;0.12;0.28;0.13;0.52;0.11;0.33;0.11;0.67;1.0;2.21;3.21;0.69;1.31;2.0;1.0;1.25;1.0;1.25;3.39;2.39;0;0;0;1;0;0;0;0;0;1
g_1_bcLlhGkn;29;01.04. 13:00;Villarreal;Eibar;170401;2;3;A;15;14;11;5;1.85;3.6;4.33;1.83;3.6;4.5;1.97;1.83;0.64;0.36;0.57;0.49;0.44;0.22;0.67;0.22;1.79;0.86;2.64;1.54;1.62;3.15;1.39;1.57;1.39;1.57;2.11;2.96;0;1;0;0;1;0;0;0;0;0
g_1_EmdzVqlj;29;02.04. 20:45;Granada;Barcelona;170402;1;4;A;7;26;1;9;13;7.5;1.2;12.5;7.25;1.2;1.3;3.46;0.41;0.71;0.23;0.75;0.67;0.67;0.0;0.67;1.08;1.08;2.15;2.71;1.0;3.71;0.89;2.89;0.89;2.89;2.96;3.79;0;0;1;0;0;0;0;1;1;0
g_1_hvevU33d;29;02.04. 18:30;Valencia;Deportivo de La Coruna;170402;3;0;H;14;13;3;6;1.85;3.4;4.75;1.85;3.5;4.5;1.92;1.88;0.46;0.19;0.36;0.32;0.78;0.33;0.11;0.44;1.46;1.77;3.23;0.86;2.0;2.86;1.36;1.11;1.36;1.11;3.18;2.64;0;1;0;0;1;0;0;0;0;0
g_1_CMzfkEZ4;29;02.04. 16:15;Real Madrid;Alaves;170402;3;0;H;18;12;3;3;1.11;10;19;1.12;9.5;19.5;1.28;3.65;0.86;0.5;0.8;0.48;0.78;0.67;1.0;0.78;2.57;1.0;3.57;1.14;1.07;2.21;2.63;1.04;2.63;1.04;3.67;2.21;0;0;0;1;0;0;0;0;0;1
g_1_pEiWVPYq;29;02.04. 12:00;Sevilla;Sporting de Gijon;170402;0;0;D;18;8;9;5;1.33;5.5;8.5;1.26;6.25;10;1.44;2.72;0.82;0.17;0.68;0.25;0.78;0.44;0.22;0.44;1.92;0.92;2.85;0.79;1.86;2.64;1.86;1.11;1.86;1.11;3.07;3.14;1;0;0;0;0;1;1;0;0;0
g_1_K6Mpgdzt;29;03.04. 20:45;Celta de Vigo;Las Palmas;170403;3;1;H;13;12;4;6;1.95;3.5;3.8;1.95;3.5;4;1.72;2.1;0.64;0.15;0.47;0.42;0.44;0.11;0.33;0.67;1.85;1.46;3.31;1.31;2.38;3.69;1.48;1.57;1.48;1.57;3.15;3.18;0;1;0;0;1;0;0;0;0;0
g_1_hvH9qq3q;30;04.04. 21:30;Atletico de Madrid;Real Sociedad;170404;1;0;H;20;10;6;4;1.36;4.75;9.5;1.35;4.75;10;1.86;1.94;0.76;0.57;0.67;0.56;0.67;0.67;1.0;0.11;2.29;0.86;3.14;1.5;1.43;2.93;1.86;1.48;1.86;1.48;2.66;2.86;1;0;0;0;0;1;1;0;0;0
g_1_6JxRi7e3;30;04.04. 21:30;Real Betis;Villarreal;170404;0;1;A;15;6;5;2;2.75;3.2;2.7;2.6;3.2;2.8;2.18;1.67;0.47;0.5;0.36;0.55;0.33;0.67;0.33;0.33;1.2;1.2;2.4;1.0;0.57;1.57;1.1;1.41;1.1;1.41;2.69;2.21;0;1;0;0;1;0;0;0;0;0
g_1_vXzZkoQF;30;04.04. 19:30;Athletic Club;Espanyol;170404;2;0;H;13;5;5;1;1.5;4.2;7;1.5;4.1;7.25;2.02;1.79;0.73;0.4;0.54;0.49;0.67;0.22;0.67;0.78;1.73;1.0;2.73;1.07;1.5;2.57;1.28;1.45;1.28;1.45;2.41;2.83;1;0;0;0;0;0;1;0;0;0
g_1_zaUslPfS;30;05.04. 21:30;Leganes;Real Madrid;170405;2;4;A;14;18;4;4;8;5.25;1.33;8.75;5.25;1.34;1.61;2.29;0.33;0.74;0.31;0.81;0.78;1.0;0.33;1.0;0.86;1.21;2.07;2.69;1.08;3.77;0.79;2.64;0.79;2.64;2.24;3.64;0;0;0;1;0;0;0;0;0;1
g_1_d8Vwk5uM;30;05.04. 20:30;Alaves;Osasuna;170405;0;1;A;15;7;5;1;1.44;4.5;7;1.42;4.5;8;1.86;1.94;0.45;0.14;0.46;0.13;0.78;0.0;0.67;0.11;0.93;1.29;2.21;1.0;2.57;3.57;1.0;1.0;1.0;1.0;2.24;3.38;0;0;0;1;0;0;0;0;0;1
g_1_Sd9Mtsm2;30;05.04. 20:30;Deportivo de La Coruna;Granada;170405;0;0;D;12;10;6;3;1.55;4;6.5;1.62;3.75;6;1.87;1.92;0.45;0.07;0.31;0.22;0.44;0.0;0.33;0.0;1.36;1.07;2.43;0.73;2.93;3.67;1.07;0.9;1.07;0.9;2.66;3.03;0;0;1;0;0;0;0;0;1;0
g_1_6sLDr3Ik;30;05.04. 20:30;Sporting de Gijon;Malaga;170405;0;1;A;14;11;7;1;2.8;3.25;2.6;2.65;3.3;2.7;1.93;1.87;0.33;0.16;0.25;0.31;0.44;0.11;0.56;0.11;1.43;2.21;3.64;0.8;1.73;2.53;1.07;1.14;1.07;1.14;3.03;2.76;1;0;0;0;0;0;1;0;0;0
g_1_l6AIsNXe;30;05.04. 19:30;Barcelona;Sevilla;170405;3;0;H;15;7;4;4;1.22;7;11;1.25;6;12;1.22;4.22;0.79;0.56;0.76;0.67;1.0;0.44;0.67;0.22;3.07;0.79;3.86;1.8;1.47;3.27;2.93;1.79;2.93;1.79;3.83;2.97;1;0;0;0;0;0;1;0;0;0
g_1_tEC35QP2;30;06.04. 21:30;Valencia;Celta de Vigo;170406;3;2;H;15;12;6;2;2;3.5;3.75;2;3.5;3.75;1.83;1.97;0.5;0.31;0.38;0.49;0.78;0.44;0.44;0.67;1.57;1.64;3.21;1.14;1.86;3.0;1.41;1.54;1.41;1.54;3.17;3.18;0;0;1;0;0;0;0;1;1;0
g_1_fqZMhmtc;30;06.04. 19:30;Eibar;Las Palmas;170406;3;1;H;11;8;9;2;1.85;3.75;4.2;1.85;3.8;4;1.7;2.14;0.6;0.14;0.51;0.4;0.44;0.11;0.56;0.33;1.6;1.2;2.8;1.29;2.43;3.71;1.62;1.55;1.62;1.55;3.03;3.21;0;0;1;0;0;0;0;0;1;0
g_1_GW4G2O9L;31;07.04. 20:45;Villarreal;Athletic Club;170407;3;1;H;10;11;4;5;2.15;3.2;3.6;2.25;3.3;3.3;2.11;1.72;0.6;0.33;0.57;0.56;0.33;0.67;0.33;0.67;1.8;1.0;2.8;0.79;1.29;2.07;1.4;1.3;1.4;1.3;2.17;2.4;1;0;0;0;0;1;1;0;0;0
g_1_2iqaf0H1;31;08.04. 20:45;Malaga;Barcelona;170408;2;0;H;8;11;2;3;8;5.25;1.36;8.25;5.75;1.33;1.48;2.6;0.48;0.73;0.33;0.77;0.0;0.67;0.44;1.0;1.5;1.5;3.0;2.8;1.0;3.8;1.13;2.93;1.13;2.93;2.7;3.8;0;0;1;0;0;0;0;0;1;0
g_1_ERn3gKW7;31;08.04. 18:30;Sevilla;Deportivo de La Coruna;170408;4;2;H;19;9;4;2;1.5;4.33;6.5;1.5;4.1;7;1.74;2.08;0.79;0.18;0.64;0.31;0.56;0.33;0.11;0.11;1.79;0.86;2.64;0.8;2.07;2.87;1.73;1.03;1.73;1.03;2.97;2.57;0;1;0;0;1;0;0;0;0;0
g_1_UwoidMnk;31;08.04. 16:15;Real Madrid;Atletico de Madrid;170408;1;1;D;20;10;6;2;1.8;3.8;4.33;1.78;3.8;4.5;1.75;2.07;0.87;0.58;0.82;0.68;0.78;0.78;1.0;1.0;2.6;0.93;3.53;1.47;0.73;2.2;2.69;1.83;2.69;1.83;3.72;2.6;0;0;1;0;0;0;0;0;1;0
g_1_Ag4K1rPR;31;08.04. 13:00;Espanyol;Alaves;170408;1;0;H;15;9;5;3;2.1;3.1;3.8;2.15;3.25;3.6;2.47;1.53;0.58;0.47;0.48;0.44;1.0;0.33;0.44;0.33;1.8;1.27;3.07;1.07;1.2;2.27;1.4;0.97;1.4;0.97;2.8;2.2;0;0;0;1;0;0;0;0;0;1
g_1_2T0C34fF;31;09.04. 20:45;Las Palmas;Real Betis;170409;4;1;H;9;13;2;6;2.1;3.5;3.5;2.05;3.5;3.6;1.79;2.02;0.64;0.24;0.39;0.34;0.67;0.11;0.33;0.33;1.8;0.93;2.73;1.0;2.0;3.0;1.53;1.07;1.53;1.07;3.23;2.63;1;0;0;0;0;0;1;0;0;0
g_1_C2jnc2Xr;31;09.04. 18:30;Osasuna;Leganes;170409;2;1;H;11;17;4;8;3.8;3.3;2.05;3.7;3.2;2.15;2.35;1.59;0.11;0.29;0.16;0.3;0.11;0.22;0.33;0.22;1.0;2.2;3.2;0.73;1.67;2.4;1.0;0.83;1.0;0.83;3.3;2.37;0;0;0;1;0;0;0;0;0;1
g_1_K4B74pu9;31;09.04. 16:15;Celta de Vigo;Eibar;170409;0;2;A;12;11;0;3;2.25;3.4;3.25;2.25;3.5;3.1;1.88;1.92;0.67;0.4;0.47;0.52;0.44;0.56;0.67;0.78;1.93;1.43;3.36;1.64;1.64;3.29;1.55;1.67;1.55;1.67;3.24;3.07;1;0;0;0;0;0;1;0;0;0
g_1_GWQoI398;31;09.04. 12:00;Granada;Valencia;170409;1;3;A;21;17;5;2;3.5;3.4;2.1;3.5;3.3;2.15;1.75;2.07;0.38;0.27;0.22;0.4;0.33;0.0;0.11;0.67;1.07;1.29;2.36;1.27;1.87;3.13;0.87;1.47;0.87;1.47;2.93;3.23;0;0;1;0;0;0;0;0;1;0
g_1_8Uqeet2e;31;10.04. 20:45;Real Sociedad;Sporting de Gijon;170410;3;1;H;20;10;7;4;1.44;4.75;7;1.48;4.75;6;1.68;2.17;0.56;0.18;0.54;0.24;0.22;0.22;0.11;0.44;1.47;1.33;2.8;0.73;1.73;2.47;1.43;1.03;1.43;1.03;2.8;2.97;0;1;0;0;1;0;0;0;0;0
g_1_OdUgGsvL;32;14.04. 20:45;Athletic Club;Las Palmas;170414;5;1;H;18;8;14;5;1.44;4.5;7.5;1.48;4.4;6;1.57;2.39;0.75;0.13;0.54;0.41;0.67;0.0;0.67;0.33;1.75;0.94;2.69;1.27;2.47;3.73;1.29;1.61;1.29;1.61;2.45;3.29;0;1;0;0;1;0;0;0;0;0
g_1_fo8x8Jo1;32;15.04. 20:45;Barcelona;Real Sociedad;170415;3;2;H;16;14;5;4;1.17;6.5;17;1.18;6.75;13;1.36;3.09;0.8;0.53;0.74;0.56;1.0;0.33;0.67;0.44;3.07;0.73;3.8;1.4;1.4;2.8;2.84;1.48;2.84;1.48;3.74;2.84;1;0;0;0;0;1;1;0;0;0
g_1_MX9U9uHl;32;15.04. 18:30;Atletico de Madrid;Osasuna;170415;3;0;H;19;3;5;2;1.14;8;15;1.17;7;14;1.56;2.39;0.78;0.2;0.67;0.18;1.0;0.33;0.78;0.67;2.2;0.8;3.0;1.0;2.4;3.4;1.81;1.03;1.81;1.03;2.58;3.29;0;0;0;1;0;0;0;0;0;1
g_1_Gf9Y8aWf;32;15.04. 16:15;Sporting de Gijon;Real Madrid;170415;2;3;A;4;18;4;8;6.5;5;1.4;7;4.75;1.4;1.44;2.69;0.31;0.76;0.24;0.8;0.33;1.0;0.11;0.78;1.33;2.13;3.47;2.79;1.14;3.93;1.03;2.63;1.03;2.63;3.0;3.67;0;1;0;0;1;0;0;0;0;0
g_1_zcPZ6w17;32;15.04. 13:00;Deportivo de La Coruna;Malaga;170415;2;0;H;11;11;1;4;2.25;3.2;3.25;2.2;3.2;3.3;2.12;1.71;0.44;0.21;0.3;0.35;0.44;0.44;0.11;0.67;1.27;1.0;2.27;0.81;1.62;2.44;1.06;1.16;1.06;1.16;2.68;2.68;0;1;0;0;1;0;0;0;0;0
g_1_SjCLUtgE;32;16.04. 20:45;Granada;Celta de Vigo;170416;0;3;A;17;15;8;1;2.8;3.3;2.45;2.75;3.3;2.45;1.85;1.96;0.36;0.29;0.22;0.46;0.0;0.33;0.11;0.33;1.07;1.4;2.47;1.2;1.93;3.13;0.87;1.5;0.87;1.5;2.97;3.2;0;0;1;0;0;0;0;1;1;0
g_1_fNPkHNOE;32;16.04. 18:30;Real Betis;Eibar;170416;2;0;H;6;10;4;6;2.7;3.2;2.63;2.55;3.2;2.75;1.95;1.85;0.44;0.44;0.33;0.54;0.33;0.78;0.0;1.0;1.12;1.19;2.31;1.67;1.53;3.2;1.06;1.68;1.06;1.68;2.71;3.03;0;0;1;0;0;0;0;1;1;0
g_1_EmOw6cGD;32;16.04. 16:15;Valencia;Sevilla;170416;0;0;D;14;10;4;2;2.55;3.2;2.75;2.5;3.3;2.7;1.6;2.33;0.53;0.52;0.42;0.66;0.78;0.11;1.0;0.44;1.67;1.67;3.33;1.69;1.56;3.25;1.52;1.81;1.52;1.81;3.26;3.06;1;0;0;0;0;0;1;0;0;0
g_1_8U5QAL1r;32;16.04. 12:00;Leganes;Espanyol;170416;0;1;A;15;7;5;1;2;3.2;4;2.1;3.2;3.6;2.58;1.49;0.31;0.38;0.29;0.49;0.44;0.11;0.11;0.67;0.93;1.4;2.33;1.0;1.53;2.53;0.84;1.39;0.84;1.39;2.39;2.74;0;0;0;1;0;0;0;0;0;1
g_1_2mTcF1gR;32;17.04. 20:45;Alaves;Villarreal;170417;2;1;H;11;11;5;11;3;3;2.55;2.9;3;2.55;2.45;1.54;0.42;0.53;0.43;0.58;0.44;0.67;0.0;0.67;0.87;1.27;2.13;1.0;0.53;1.53;0.94;1.45;0.94;1.45;2.16;2.23;0;0;0;1;0;0;0;0;0;1
g_1_2PfU90Yo;33;21.04. 21:00;Sevilla;Granada;170421;2;0;H;28;9;7;2;1.17;8;15;1.19;7.5;12.5;1.29;3.49;0.8;0.08;0.65;0.21;0.56;0.11;0.44;0.11;1.93;0.93;2.87;0.69;2.75;3.44;1.75;0.84;1.75;0.84;2.97;2.97;0;0;1;0;0;0;0;1;1;0
g_1_Yie4MI0f;33;22.04. 20:45;Espanyol;Atletico de Madrid;170422;0;1;A;10;13;5;3;5;3.6;1.75;5.5;3.6;1.7;2.14;1.7;0.6;0.56;0.51;0.68;1.0;0.78;0.67;0.78;1.75;1.19;2.94;1.44;0.75;2.19;1.38;1.84;1.38;1.84;2.69;2.59;0;0;1;0;0;0;0;1;1;0
g_1_E13CKdV6;33;22.04. 18:30;Osasuna;Sporting de Gijon;170422;2;2;D;7;12;1;5;2.5;3.4;2.8;2.5;3.4;2.8;1.77;2.04;0.17;0.17;0.18;0.23;0.44;0.22;0.67;0.0;1.06;2.12;3.19;0.75;1.81;2.56;1.0;1.06;1.0;1.06;3.28;3.06;0;0;0;1;0;0;0;0;0;1
g_1_f1d0Nbol;33;22.04. 16:15;Villarreal;Leganes;170422;2;1;H;11;8;3;8;1.67;3.6;5.75;1.67;3.75;5.5;2.24;1.64;0.62;0.27;0.56;0.28;0.67;0.22;0.67;0.0;1.88;1.0;2.88;0.75;1.69;2.44;1.44;0.81;1.44;0.81;2.25;2.34;0;0;0;1;0;0;0;0;0;1
g_1_OYeQAtJu;33;22.04. 13:00;Malaga;Valencia;170422;2;0;H;10;13;7;6;2.2;3.4;3.3;2.25;3.3;3.3;1.81;2;0.51;0.31;0.34;0.42;0.33;0.33;0.67;0.78;1.53;1.4;2.93;1.38;1.81;3.19;1.12;1.47;1.12;1.47;2.66;3.16;0;0;1;0;0;0;0;0;1;0
g_1_8O2GJGpD;33;23.04. 20:45;Real Madrid;Barcelona;170423;2;3;A;22;16;7;4;2.05;4;3.2;2.05;3.9;3.25;1.38;2.98;0.83;0.69;0.81;0.75;0.78;0.33;0.78;0.67;2.5;0.94;3.44;2.62;1.06;3.69;2.65;2.84;2.65;2.84;3.71;3.78;0;0;1;0;0;0;0;1;1;0
g_1_QRidOvWs;33;23.04. 18:30;Las Palmas;Alaves;170423;1;1;D;14;12;3;9;2;3.5;3.8;2;3.5;3.8;1.88;1.92;0.67;0.44;0.4;0.45;1.0;0.33;0.33;0.33;1.94;0.94;2.88;1.0;1.19;2.19;1.59;0.97;1.59;0.97;3.38;2.19;0;0;0;1;0;0;0;0;0;1
g_1_tfGPT08K;33;23.04. 16:15;Celta de Vigo;Real Betis;170423;0;1;A;8;17;5;6;2.05;3.4;3.75;2.05;3.4;3.7;1.91;1.88;0.62;0.22;0.47;0.35;0.33;0.0;0.33;0.33;1.8;1.47;3.27;1.0;2.13;3.13;1.55;1.09;1.55;1.09;3.19;2.69;0;1;0;0;1;0;0;0;0;0
g_1_nF1KIz0J;33;23.04. 12:00;Real Sociedad;Deportivo de La Coruna;170423;1;0;H;17;5;11;1;1.57;4;6;1.62;3.9;5.75;1.82;1.99;0.58;0.17;0.54;0.32;0.44;0.33;0.33;0.44;1.56;1.31;2.88;0.88;2.19;3.06;1.5;1.09;1.5;1.09;2.91;2.66;0;1;0;0;1;0;0;0;0;0
g_1_OI5USKNQ;33;24.04. 20:45;Eibar;Athletic Club;170424;0;1;A;7;9;5;5;2.6;3.3;2.75;2.55;3.2;2.9;1.9;1.9;0.62;0.31;0.52;0.55;0.44;0.67;0.67;0.67;1.69;1.19;2.88;0.8;1.4;2.2;1.62;1.41;1.62;1.41;3.0;2.56;1;0;0;0;0;1;1;0;0;0
g_1_W4no6IXA;34;25.04. 21:30;Atletico de Madrid;Villarreal;170425;0;1;A;23;6;5;1;1.4;4.1;9;1.45;4.4;7.25;2.07;1.75;0.79;0.5;0.69;0.58;1.0;0.33;0.78;0.67;2.25;0.75;3.0;1.0;0.62;1.62;1.82;1.45;1.82;1.45;2.55;2.27;0;1;0;0;1;0;0;0;0;0
g_1_j9F7NJ2o;34;25.04. 20:30;Granada;Malaga;170425;0;2;A;3;17;2;4;3.9;3.5;1.95;3.9;3.5;1.95;1.74;2.08;0.33;0.2;0.2;0.36;0.0;0.44;0.0;0.67;1.0;1.5;2.5;0.76;1.65;2.41;0.82;1.15;0.82;1.15;2.94;2.64;0;1;0;0;1;0;0;0;0;0
g_1_vVok5xmH;34;25.04. 19:30;Sporting de Gijon;Espanyol;170425;1;1;D;16;14;7;2;2.05;3.4;3.6;2.15;3.4;3.4;1.98;1.82;0.29;0.42;0.23;0.49;0.33;0.44;0.11;0.67;1.38;2.19;3.56;1.0;1.44;2.44;1.09;1.33;1.09;1.33;3.09;2.64;0;0;1;0;0;0;0;1;1;0
g_1_0pzb3GHT;34;26.04. 21:30;Deportivo de La Coruna;Real Madrid;170426;2;6;A;19;22;4;5;8;4.75;1.4;7.25;4.75;1.42;1.44;2.7;0.48;0.78;0.31;0.78;0.44;1.0;0.33;0.44;1.31;0.94;2.25;2.8;1.2;4.0;1.06;2.62;1.06;2.62;2.61;3.75;0;0;1;0;0;0;0;1;1;0
g_1_hEms7bI4;34;26.04. 20:30;Leganes;Las Palmas;170426;3;0;H;16;7;6;3;1.73;3.6;4.75;1.65;3.8;5.5;1.87;1.92;0.29;0.12;0.27;0.39;0.11;0.0;0.0;0.44;0.88;1.38;2.25;1.25;2.62;3.88;0.82;1.58;0.82;1.58;2.36;3.33;0;0;0;1;0;0;0;0;0;1
g_1_x6RPbzQp;34;26.04. 20:30;Valencia;Real Sociedad;170426;2;3;A;14;8;2;3;2.6;3.4;2.7;2.55;3.4;2.75;1.63;2.26;0.52;0.5;0.4;0.56;0.78;0.0;0.44;0.67;1.56;1.56;3.12;1.44;1.5;2.94;1.42;1.48;1.42;1.48;3.12;2.85;0;0;1;0;0;0;0;0;1;0
g_1_ILpg4d2N;34;26.04. 19:30;Barcelona;Osasuna;170426;7;1;H;19;3;10;1;1.02;17;34;1.03;19.5;41;1.09;6.75;0.81;0.19;0.76;0.18;1.0;0.33;0.67;0.44;3.06;0.81;3.88;0.94;2.44;3.38;2.85;1.03;2.85;1.03;3.82;3.3;0;0;0;1;0;0;0;0;0;1
g_1_dnfY8Kmh;34;27.04. 21:30;Athletic Club;Real Betis;170427;2;1;H;18;9;11;1;1.4;4.5;9;1.36;5;8.5;1.62;2.27;0.76;0.27;0.57;0.37;0.67;0.33;0.67;0.67;1.94;0.94;2.88;1.0;2.0;3.0;1.39;1.09;1.39;1.09;2.52;2.64;1;0;0;0;0;1;1;0;0;0
g_1_UaEBMwIi;34;27.04. 20:30;Sevilla;Celta de Vigo;170427;2;1;H;16;10;5;1;1.33;5.5;8;1.36;5;8.5;1.39;2.88;0.81;0.33;0.66;0.46;0.78;0.67;0.78;0.33;1.94;0.88;2.81;1.31;1.81;3.12;1.76;1.5;1.76;1.5;2.94;3.12;0;0;1;0;0;0;0;0;1;0
g_1_Akbx8v3b;34;27.04. 19:30;Alaves;Eibar;170427;0;0;D;14;6;3;2;2.75;3.2;2.7;2.6;3.25;2.8;2.15;1.69;0.46;0.42;0.44;0.51;0.67;0.67;0.44;0.33;0.94;1.25;2.19;1.56;1.56;3.12;0.97;1.58;0.97;1.58;2.18;2.94;0;0;0;1;0;0;0;0;0;1
g_1_p67CwWhq;35;28.04. 20:45;Villarreal;Sporting de Gijon;170428;3;1;H;18;14;4;7;1.4;4.75;8;1.44;4.6;6.25;1.58;2.34;0.65;0.18;0.59;0.24;0.67;0.22;0.67;0.22;1.88;1.0;2.88;0.82;1.82;2.65;1.44;1.09;1.44;1.09;2.24;3.06;1;0;0;0;0;1;1;0;0;0
g_1_Od6Gxj8k;35;29.04. 20:45;Espanyol;Barcelona;170429;0;3;A;6;15;4;5;15;7.5;1.18;15;6.25;1.18;1.36;3.03;0.57;0.71;0.49;0.76;0.67;0.67;0.44;1.0;1.65;1.18;2.82;2.65;1.12;3.76;1.32;2.97;1.32;2.97;2.62;3.94;0;1;0;0;1;0;0;0;0;0
g_1_4CPqrCpS;35;29.04. 18:30;Las Palmas;Atletico de Madrid;170429;0;5;A;15;8;7;1;5.25;3.6;1.73;4.6;3.8;1.7;1.81;1.99;0.65;0.59;0.38;0.67;0.78;0.78;0.11;0.67;1.88;0.94;2.82;1.41;0.71;2.12;1.53;1.76;1.53;1.76;3.32;2.5;0;0;1;0;0;0;0;1;1;0
g_1_WM9OzUx2;35;29.04. 16:15;Real Madrid;Valencia;170429;2;1;H;20;9;2;3;1.17;9;13;1.16;7.75;12;1.12;5.75;0.78;0.29;0.79;0.39;0.44;0.33;0.67;0.11;2.47;1.06;3.53;1.29;1.82;3.12;2.73;1.44;2.73;1.44;3.88;3.18;1;0;0;0;0;0;1;0;0;0
g_1_YRm7aDF2;35;29.04. 13:00;Real Sociedad;Granada;170429;2;1;H;13;5;7;1;1.17;7.5;17;1.16;7.5;13.5;1.36;3.04;0.61;0.08;0.57;0.2;0.78;0.11;0.67;0.0;1.53;1.24;2.76;0.65;2.71;3.35;1.53;0.79;1.53;0.79;2.91;2.91;1;0;0;0;0;1;1;0;0;0
g_1_KONXpE09;35;30.04. 20:45;Celta de Vigo;Athletic Club;170430;0;3;A;5;22;0;11;4.5;3.7;1.8;4.25;3.4;1.85;1.91;1.88;0.58;0.35;0.44;0.58;0.33;0.67;0.33;1.0;1.69;1.44;3.12;0.81;1.31;2.12;1.48;1.41;1.48;1.41;3.12;2.53;0;0;1;0;0;0;0;0;1;0
g_1_QLQuqhVL;35;30.04. 18:30;Eibar;Leganes;170430;2;0;H;9;12;2;11;2.1;3.3;3.75;2;3.2;3.9;2.25;1.63;0.59;0.25;0.5;0.29;0.44;0.11;0.11;0.33;1.59;1.18;2.76;0.76;1.71;2.47;1.53;0.88;1.53;0.88;2.85;2.38;0;0;0;1;0;0;0;0;0;1
g_1_WbRypYFF;35;30.04. 16:15;Real Betis;Alaves;170430;1;4;A;11;9;4;0;2.1;3.2;3.8;2.15;3.1;3.5;2.44;1.53;0.47;0.43;0.36;0.44;0.67;0.11;0.67;0.56;1.18;1.12;2.29;1.0;1.18;2.18;1.09;0.94;1.09;0.94;2.65;2.12;0;0;0;1;0;0;0;0;0;1
g_1_IJ5KyANe;35;30.04. 12:00;Osasuna;Deportivo de La Coruna;170430;2;2;D;16;15;7;7;3.9;3.6;1.95;3.6;3.4;2;1.83;1.97;0.18;0.16;0.18;0.3;0.44;0.0;0.11;0.33;1.12;2.12;3.24;0.82;2.12;2.94;1.03;1.09;1.03;1.09;3.44;2.76;0;0;0;1;0;0;0;0;0;1
g_1_CInBbXU8;35;01.05. 21:00;Malaga;Sevilla;170501;4;2;H;11;9;1;3;4;3.6;1.91;3.7;3.5;1.95;1.61;2.27;0.54;0.51;0.38;0.67;0.67;0.11;0.67;0.78;1.56;1.31;2.88;1.59;1.47;3.06;1.18;1.76;1.18;1.76;2.62;2.94;0;1;0;0;1;0;0;0;0;0
g_1_zJrja4LJ;36;05.05. 21:00;Sevilla;Real Sociedad;170505;1;1;D;11;9;10;3;1.62;4;5.5;1.6;4.2;5.25;1.56;2.4;0.82;0.53;0.65;0.58;1.0;0.33;0.67;1.0;1.94;0.88;2.82;1.53;1.53;3.06;1.77;1.54;1.77;1.54;3.03;2.91;0;0;1;0;0;0;0;0;1;0
g_1_MFf8zLrJ;36;06.05. 20:45;Granada;Real Madrid;170506;0;4;A;13;16;6;3;21;9;1.13;18.5;9.5;1.12;1.17;4.8;0.31;0.79;0.19;0.79;0.0;1.0;0.0;0.67;0.94;1.53;2.47;3.0;1.25;4.25;0.8;2.71;0.8;2.71;2.91;3.85;0;0;1;0;0;0;0;0;1;0
g_1_nc2ewNb0;36;06.05. 18:30;Barcelona;Villarreal;170506;4;1;H;20;8;4;3;1.14;8.5;17;1.16;7.75;16.5;1.23;3.99;0.82;0.53;0.77;0.6;1.0;0.67;1.0;1.0;3.29;0.82;4.12;1.0;0.59;1.59;2.97;1.49;2.97;1.49;3.91;2.29;1;0;0;0;0;1;1;0;0;0
g_1_vXbmuqUm;36;06.05. 16:15;Atletico de Madrid;Eibar;170506;1;0;H;14;7;6;5;1.3;5.25;11;1.28;5.5;11.5;1.84;1.96;0.75;0.41;0.68;0.51;0.67;0.44;0.67;0.44;2.12;0.76;2.88;1.47;1.47;2.94;1.86;1.54;1.86;1.54;2.57;2.83;1;0;0;0;0;1;1;0;0;0
g_1_hz3iv3qf;36;06.05. 13:00;Sporting de Gijon;Las Palmas;170506;1;0;H;16;8;5;4;1.5;4.75;5.5;1.55;4.75;5.25;1.43;2.73;0.29;0.12;0.23;0.37;0.11;0.0;0.22;0.11;1.35;2.12;3.47;1.18;2.65;3.82;1.09;1.49;1.09;1.49;3.09;3.37;1;0;0;0;0;1;1;0;0;0
g_1_Y31gbOzQ;36;07.05. 20:45;Malaga;Celta de Vigo;170507;3;0;H;14;5;2;1;1.4;4.5;7.5;1.42;4.6;7.75;1.73;2.09;0.57;0.31;0.4;0.43;1.0;0.33;1.0;0.0;1.71;1.35;3.06;1.29;1.82;3.12;1.26;1.44;1.26;1.44;2.71;3.12;1;0;0;0;0;1;1;0;0;0
g_1_Qm1axsE6;36;07.05. 18:30;Deportivo de La Coruna;Espanyol;170507;1;2;A;21;9;12;4;2;3.4;4;2;3.5;3.8;2.06;1.75;0.45;0.41;0.3;0.48;0.44;0.44;0.11;0.11;1.35;1.24;2.59;1.0;1.41;2.41;1.11;1.29;1.11;1.29;2.8;2.63;1;0;0;0;0;1;1;0;0;0
g_1_rPe4y1TC;36;07.05. 16:15;Valencia;Osasuna;170507;4;1;H;19;9;9;2;1.22;6.5;13;1.22;6.5;13;1.37;3;0.49;0.18;0.38;0.18;0.44;0.33;0.0;0.22;1.59;1.65;3.24;0.94;2.71;3.65;1.43;1.06;1.43;1.06;3.17;3.46;0;0;0;1;0;0;0;0;0;1
g_1_KrnFcipF;36;07.05. 12:00;Alaves;Athletic Club;170507;1;0;H;9;20;3;10;4.75;3.5;1.8;4.5;3.75;1.78;2.08;1.73;0.45;0.39;0.46;0.59;0.44;0.67;0.56;1.0;0.88;1.18;2.06;0.94;1.24;2.18;1.03;1.46;1.03;1.46;2.2;2.54;0;0;0;1;0;0;0;0;0;1
g_1_d89rtPEs;36;08.05. 20:45;Leganes;Real Betis;170508;4;0;H;6;13;2;2;1.65;3.8;5.75;1.65;3.75;5.5;2.09;1.72;0.33;0.25;0.29;0.35;0.33;0.33;0.33;0.33;1.0;1.29;2.29;1.0;2.0;3.0;0.86;1.09;0.86;1.09;2.37;2.71;0;0;0;1;0;0;0;0;0;1
g_1_fsYlmbSO;37;13.05. 18:30;Osasuna;Granada;170513;2;1;H;19;9;8;3;1.8;3.8;4.33;1.75;3.9;4.5;1.61;2.28;0.19;0.07;0.18;0.19;0.56;0.11;0.11;0.0;1.17;2.11;3.28;0.67;2.67;3.33;1.06;0.78;1.06;0.78;3.5;2.94;0;0;0;1;0;0;0;0;0;1
g_1_GjZplvDI;37;13.05. 16:00;Espanyol;Valencia;170513;0;1;A;15;9;7;2;2.4;3.3;3;2.35;3.3;3.1;1.73;2.08;0.54;0.28;0.49;0.4;0.33;0.33;0.44;0.33;1.56;1.28;2.83;1.28;1.83;3.11;1.31;1.5;1.31;1.5;2.64;3.22;1;0;0;0;0;0;1;0;0;0
g_1_IywQh2bm;37;14.05. 20:00;Athletic Club;Leganes;170514;1;1;D;15;5;10;1;1.44;4.2;8.5;1.45;4.5;7;1.87;1.93;0.78;0.24;0.57;0.31;1.0;0.0;0.67;0.67;1.94;0.94;2.89;0.72;1.72;2.44;1.42;0.94;1.42;0.94;2.5;2.42;0;0;0;1;0;0;0;0;0;1
g_1_Q1tYjtTa;37;14.05. 20:00;Eibar;Sporting de Gijon;170514;0;1;A;10;11;5;6;2;3.75;3.5;2;3.7;3.6;1.56;2.41;0.61;0.17;0.5;0.25;0.67;0.11;0.44;0.44;1.61;1.11;2.72;0.83;1.89;2.72;1.5;1.08;1.5;1.08;2.78;3.03;1;0;0;0;0;1;1;0;0;0
g_1_8QVxj0r6;37;14.05. 20:00;Las Palmas;Barcelona;170514;1;4;A;11;11;3;6;26;11;1.08;23;11;1.09;1.11;6.35;0.61;0.72;0.36;0.78;0.44;0.67;0.0;1.0;1.78;1.17;2.94;2.67;1.06;3.72;1.44;3.0;1.44;3.0;3.31;3.94;0;0;1;0;0;0;0;0;1;0
g_1_nBsUiMDg;37;14.05. 20:00;Real Betis;Atletico de Madrid;170514;1;1;D;13;5;3;5;7;3.75;1.57;5.75;3.9;1.62;2.04;1.76;0.44;0.61;0.34;0.69;0.33;0.78;0.0;0.67;1.17;1.28;2.44;1.61;0.67;2.28;1.06;1.83;1.06;1.83;2.75;2.53;0;0;1;0;0;0;0;0;1;0
g_1_fZwQBs5P;37;14.05. 20:00;Real Madrid;Sevilla;170514;4;1;H;14;11;4;5;1.17;8;15;1.19;8;12;1.15;5.05;0.8;0.48;0.8;0.64;0.44;0.11;1.0;0.44;2.44;1.06;3.5;1.61;1.61;3.22;2.74;1.75;2.74;1.75;3.86;3.0;1;0;0;0;0;1;1;0;0;0
g_1_drQi71Dt;37;14.05. 20:00;Real Sociedad;Malaga;170514;2;2;D;15;9;9;3;1.53;4.1;6.5;1.55;4.2;6;1.6;2.31;0.63;0.24;0.57;0.42;1.0;0.67;0.78;1.0;1.56;1.22;2.78;0.83;1.56;2.39;1.53;1.31;1.53;1.31;2.89;2.72;0;1;0;0;1;0;0;0;0;0
g_1_MTZtkKcC;37;14.05. 20:00;Villarreal;Deportivo de La Coruna;170514;0;0;D;21;3;11;3;1.5;4.33;6.5;1.55;4.33;5.75;1.64;2.22;0.67;0.17;0.58;0.3;1.0;0.11;0.67;0.11;1.94;1.0;2.94;0.89;2.11;3.0;1.47;1.11;1.47;1.11;2.36;2.81;0;0;1;0;0;0;0;1;1;0
g_1_vovMgrqs;37;14.05. 16:00;Alaves;Celta de Vigo;170514;3;1;H;11;15;4;4;1.8;3.4;5;1.78;3.5;5;2.11;1.72;0.48;0.3;0.47;0.42;0.78;0.33;0.78;0.0;0.89;1.11;2.0;1.22;1.89;3.11;1.03;1.4;1.03;1.4;2.17;3.11;0;0;0;1;0;0;0;0;0;1
g_1_UoegvZ8D;21;17.05. 21:00;Celta de Vigo;Real Madrid;170517;1;4;A;17;13;4;6;13;7;1.2;11;7;1.22;1.21;4.25;0.55;0.8;0.41;0.81;0.0;1.0;0.0;1.0;1.59;1.53;3.12;3.06;1.18;4.24;1.39;2.78;1.39;2.78;3.14;3.89;0;0;1;0;0;0;0;1;1;0
g_1_SnEPayCU;38;19.05. 20:45;Granada;Espanyol;170519;1;2;A;16;5;3;3;4.5;4;1.73;4.6;3.8;1.75;1.72;2.12;0.3;0.44;0.18;0.48;0.0;0.78;0.0;0.33;0.89;1.67;2.56;1.06;1.39;2.44;0.78;1.27;0.78;1.27;2.95;2.59;0;1;0;0;1;0;0;0;0;0
g_1_48kVKKst;38;20.05. 21:00;Sevilla;Osasuna;170520;5;0;H;17;5;1;1;1.14;9;17;1.15;9;15;1.22;4.06;0.8;0.17;0.62;0.2;0.78;0.0;0.11;0.44;1.89;0.89;2.78;0.94;2.78;3.72;1.73;1.08;1.73;1.08;3.05;3.49;0;0;0;1;0;0;0;0;0;1
g_1_fcMC2wSB;38;20.05. 19:00;Deportivo de La Coruna;Las Palmas;170520;3;0;H;9;13;0;9;1.73;4;4.5;1.75;4;4.4;1.52;2.49;0.43;0.11;0.3;0.35;0.33;0.0;0.22;0.0;1.33;1.28;2.61;1.11;2.56;3.67;1.08;1.43;1.08;1.43;2.73;3.35;0;0;1;0;0;0;0;1;1;0
g_1_j5Pe6LSn;38;20.05. 19:00;Leganes;Alaves;170520;1;1;D;15;17;8;4;2.1;3.25;3.75;2.05;3.25;3.9;2.11;1.72;0.37;0.46;0.31;0.49;0.67;0.44;0.44;1.0;1.17;1.22;2.39;1.17;1.17;2.33;0.95;1.08;0.95;1.08;2.41;2.22;0;0;0;1;0;0;0;0;0;1
g_1_nXI44aca;38;20.05. 17:00;Sporting de Gijon;Real Betis;170520;2;2;D;11;21;2;3;2.5;3.4;2.8;2.45;3.4;2.85;1.71;2.13;0.33;0.24;0.27;0.34;0.44;0.33;0.67;0.11;1.33;2.0;3.33;0.94;2.11;3.06;1.08;1.05;1.08;1.05;2.97;2.73;0;0;1;0;0;0;0;0;1;0
g_1_QNH83JC5;38;21.05. 20:00;Barcelona;Eibar;170521;4;2;H;18;6;10;4;1.05;15;34;1.05;14.5;36;1.15;5.22;0.83;0.39;0.78;0.49;1.0;0.11;1.0;0.33;3.33;0.83;4.17;1.39;1.44;2.83;3.03;1.46;3.03;1.46;3.97;2.73;1;0;0;0;0;1;1;0;0;0
g_1_ralZJvcn;38;21.05. 20:00;Malaga;Real Madrid;170521;0;2;A;22;16;9;7;11;7;1.22;11.5;7;1.22;1.22;4.15;0.59;0.81;0.41;0.81;1.0;1.0;0.78;1.0;1.78;1.28;3.06;3.11;1.17;4.28;1.32;2.81;1.32;2.81;2.76;3.92;0;1;0;0;1;0;0;0;0;0
g_1_48Ta5urg;38;21.05. 16:45;Atletico de Madrid;Athletic Club;170521;3;1;H;12;16;2;5;2;3.5;3.8;2;3.4;3.9;1.92;1.87;0.76;0.37;0.68;0.57;0.67;0.67;0.78;0.44;2.06;0.72;2.78;0.89;1.22;2.11;1.81;1.41;1.81;1.41;2.51;2.49;1;0;0;0;0;0;1;0;0;0
g_1_0zqvJbCh;38;21.05. 16:45;Celta de Vigo;Real Sociedad;170521;2;2;D;13;18;3;7;4.75;3.75;1.75;4.5;3.8;1.78;1.7;2.13;0.52;0.52;0.4;0.57;0.0;0.44;0.0;0.56;1.56;1.67;3.22;1.5;1.5;3.0;1.38;1.54;1.38;1.54;3.19;2.92;1;0;0;0;0;0;1;0;0;0
g_1_YmLG1csI;38;21.05. 16:45;Valencia;Villarreal;170521;1;3;A;16;14;9;0;3.1;3.4;2.3;3;3.5;2.3;1.69;2.13;0.52;0.5;0.41;0.58;0.44;0.33;0.67;0.44;1.72;1.61;3.33;1.0;0.78;1.78;1.49;1.43;1.49;1.43;3.16;2.3;0;0;1;0;0;0;0;1;1;0
