ID;aemet_equipo_loc;aemet_lej;aemet_fecha;aemet_lugar;aemet_provincia;aemet_tmax;aemet_tmin;aemet_sol;aemet_presMax;aemet_presMin;aemet_prec;aemet_racha;aemet_dir;aemet_velmedia;aemet_tmax_vis;aemet_tmin_vis;aemet_sol_vis;aemet_presMax_vis;aemet_presMin_vis;aemet_prec_vis;aemet_racha_vis;aemet_dir_vis;aemet_velmedia_vis;
g_1_xYZf9g2q;Betis;0;2018-08-17;SEVILLA AEROPUERTO;SEVILLA;36.3;19.4;11.4;1013.4;1008.6;0.0;8.3;22;2.5;29.6;21.9;8.1;1011.7;1007.9;0.0;11.7;08;4.4;
g_1_CjS76in2;Girona;1;2018-08-17;GIRONA AEROPUERTO;GIRONA;32.1;16.6;5.1;1004.5;999.2;80.3;15.0;99;1.9;26.7;13.8;12.0;938.4;934.0;0.0;10.6;32;2.2;
g_1_vcKgUfv9;Barcelona;0;2018-08-18;BARCELONA AEROPUERTO;BARCELONA;28.7;19.1;9.9;1019.6;1017.6;0.0;8.9;99;4.4;22.4;7.6;8.9;965.9;963.2;0.0;10.3;01;3.9;
g_1_hMoVA6wl;Villarreal;0;2018-08-18;CASTELLÓN - ALMASSORA;CASTELLON;27.5;21.2;7.2;1015.1;1013.0;0.0;6.9;34;1.9;21.5;14.5;11.6;994.2;992.8;0.0;7.8;32;2.5;
g_1_GOYb8DHk;Celta Vigo;0;2018-08-18;VIGO AEROPUERTO;PONTEVEDRA;32.1;15.6;12.6;989.2;986.7;0.0;7.8;99;3.9;28.7;19.1;9.9;1019.6;1017.6;0.0;8.9;99;4.4;
g_1_boXRBnOs;Real Madrid;0;2018-08-19;MADRID, RETIRO;MADRID;31.6;20.0;NaN;944.8;941.7;0.0;7.2;05;1.7;31.6;20.0;NaN;944.8;941.7;0.0;7.2;05;1.7;
g_1_QgGkVzP2;Rayo Vallecano;0;2018-08-19;MADRID, RETIRO;MADRID;31.6;20.0;NaN;944.8;941.7;0.0;7.2;05;1.7;38.3;21.5;12.6;1012.6;1009.2;0.0;10.8;09;3.6;
g_1_YaT37XWe;Eibar;1;2018-08-19;BILBAO AEROPUERTO;BIZKAIA;28.2;13.6;10.8;1020.1;1018.3;0.0;11.4;04;2.8;31.4;14.8;12.5;958.8;955.4;0.0;8.6;23;2.2;
g_1_KhmTDZgS;Ath Bilbao;1;2018-08-20;BILBAO AEROPUERTO;BIZKAIA;26.4;15.7;10.0;1019.5;1016.2;0.0;9.2;36;3.1;32.5;20.7;NaN;944.5;940.0;0.0;5.3;11;1.4;
g_1_ML9bTEgF;Valencia;0;2018-08-20;VALENCIA AEROPUERTO;VALENCIA;33.5;18.3;12.7;1012.6;1008.8;0.0;8.9;99;3.3;32.5;20.7;NaN;944.5;940.0;0.0;5.3;11;1.4;
g_1_0hxj6rhJ;Leganes;1;2018-08-24;MADRID, RETIRO;MADRID;33.0;20.6;NaN;943.0;939.4;0.0;10.0;33;1.4;20.5;17.6;0.4;992.3;990.3;2.2;10.0;32;2.2;
g_1_Sv0DNqNg;Getafe;1;2018-08-24;MADRID, RETIRO;MADRID;33.0;20.6;NaN;943.0;939.4;0.0;10.0;33;1.4;21.8;17.3;0.0;1018.8;1016.0;0.7;7.8;34;2.5;
g_1_Svvr84N6;Valladolid;0;2018-08-25;VALLADOLID;VALLADOLID;27.9;12.8;11.7;935.1;931.5;0.0;7.5;07;1.7;26.9;22.5;4.5;1015.6;1013.3;0.0;13.9;01;6.1;
g_1_Yu74P5hs;Atl. Madrid;0;2018-08-25;MADRID, RETIRO;MADRID;32.8;18.8;NaN;940.7;936.8;0.0;9.4;04;2.2;32.8;18.8;NaN;940.7;936.8;0.0;9.4;04;2.2;
g_1_WCpZ9Qhf;Alaves;0;2018-08-25;VITORIA GASTEIZ AEROPUERTO;ARABA/ALAVA;21.2;11.7;4.8;962.2;960.1;0.0;10.3;01;3.3;37.2;21.5;12.2;1010.6;1006.3;0.0;9.7;23;3.6;
g_1_xALYURUJ;Girona;1;2018-08-26;GIRONA AEROPUERTO;GIRONA;26.9;16.3;10.6;1001.4;997.8;0.0;10.8;17;3.6;31.5;17.4;NaN;941.0;937.7;0.0;7.8;03;1.4;
g_1_M1wn7OxD;Sevilla;0;2018-08-26;SEVILLA AEROPUERTO;SEVILLA;38.5;18.8;12.5;1009.7;1007.1;0.0;8.3;24;3.6;28.1;20.3;10.3;1011.8;1008.8;0.0;7.2;12;2.2;
g_1_G0KxUopQ;Espanyol;0;2018-08-26;BARCELONA AEROPUERTO;BARCELONA;27.2;20.8;4.9;1016.9;1013.6;0.0;9.7;22;4.4;30.6;23.5;9.1;1009.7;1005.9;0.0;9.7;07;3.3;
g_1_pGA8OP7m;Ath Bilbao;1;2018-08-27;BILBAO AEROPUERTO;BIZKAIA;29.8;15.1;11.6;1013.0;1011.0;0.0;10.3;32;3.3;32.6;16.3;12.3;954.2;952.1;0.0;6.7;08;1.4;
g_1_Eyzv9p80;Levante;0;2018-08-27;VALENCIA AEROPUERTO;VALENCIA;31.5;24.7;8.1;1010.7;1007.3;0.0;8.9;99;3.3;31.5;15.8;8.8;985.3;981.4;5.5;8.3;26;1.9;
g_1_QZVswPMt;Eibar;1;2018-08-31;BILBAO AEROPUERTO;BIZKAIA;25.8;14.1;6.9;1018.4;1016.9;0.0;7.8;02;2.2;21.7;16.5;4.9;992.3;991.1;0.0;5.6;33;2.2;
g_1_z53LLNi6;Villarreal;0;2018-08-31;CASTELLÓN - ALMASSORA;CASTELLON;30.7;22.9;6.5;1013.8;1011.9;0.0;7.2;15;1.9;23.9;18.5;0.0;1004.2;1002.2;1.6;5.8;21;2.8;
g_1_OQqGs5EP;Getafe;1;2018-08-31;MADRID, RETIRO;MADRID;33.4;21.2;NaN;942.8;939.6;0.0;8.9;05;1.9;30.4;14.8;11.9;936.8;934.2;0.0;7.8;08;1.9;
g_1_vaomzN6a;Real Madrid;0;2018-09-01;MADRID, RETIRO;MADRID;33.6;21.0;NaN;943.4;939.2;0.0;7.5;04;1.1;33.6;21.0;NaN;943.4;939.2;0.0;7.5;04;1.1;
g_1_Ee2PKs7C;Celta Vigo;0;2018-09-01;VIGO AEROPUERTO;PONTEVEDRA;36.4;18.2;11.0;986.5;984.0;0.0;NaN;NaN;2.8;33.6;21.0;NaN;943.4;939.2;0.0;7.5;04;1.1;
g_1_6omuxqxm;Betis;0;2018-09-02;SEVILLA AEROPUERTO;SEVILLA;38.3;22.5;11.5;1010.5;1006.6;0.0;10.3;22;3.9;38.3;22.5;11.5;1010.5;1006.6;0.0;10.3;22;3.9;
g_1_pxnqy3ig;Barcelona;0;2018-09-02;BARCELONA AEROPUERTO;BARCELONA;28.0;22.5;5.6;1018.2;1013.8;0.0;10.3;08;3.1;31.7;17.8;11.0;954.7;949.7;0.0;7.5;25;1.9;
g_1_6VbHM3x0;Alaves;0;2018-09-02;VITORIA GASTEIZ AEROPUERTO;ARABA/ALAVA;32.6;8.0;12.4;961.1;955.8;0.0;9.7;02;2.2;28.0;22.5;5.6;1018.2;1013.8;0.0;10.3;08;3.1;
g_1_ANeYILyP;Levante;0;2018-09-02;VALENCIA AEROPUERTO;VALENCIA;31.1;22.4;11.1;1010.9;1005.7;0.3;8.9;99;4.2;31.1;22.4;11.1;1010.9;1005.7;0.3;8.9;99;4.2;
g_1_OO8vU61N;Huesca;0;2018-09-14;HUESCA, AEROPUERTO;HUESCA;28.4;13.1;11.2;956.6;954.2;0.0;5.8;25;1.4;31.6;19.4;NaN;943.3;939.9;0.0;5.8;05;1.4;
g_1_x86SW8H4;Ath Bilbao;1;2018-09-15;BILBAO AEROPUERTO;BIZKAIA;27.5;15.4;11.3;1019.1;1014.2;0.0;10.3;04;3.6;30.0;20.2;NaN;944.9;941.3;0.0;11.9;11;0.8;
g_1_EgXdnlHi;Valencia;0;2018-09-15;VALENCIA AEROPUERTO;VALENCIA;24.2;18.8;1.8;1014.4;1011.1;37.6;13.3;08;3.1;32.0;20.1;9.4;1016.1;1012.1;4.7;16.4;05;4.7;
g_1_z3YhmU1o;Real Sociedad;0;2018-09-15;DONOSTIA/SAN SEBASTIÁN, IGUELDO;GIPUZKOA;21.6;14.6;11.3;993.0;989.2;0.0;6.1;34;2.2;27.2;21.8;0.3;1021.3;1019.3;0.9;8.9;99;3.6;
g_1_Gb5WVSWA;Atl. Madrid;0;2018-09-15;MADRID, RETIRO;MADRID;30.0;20.2;NaN;944.9;941.3;0.0;11.9;11;0.8;27.5;15.4;11.3;1019.1;1014.2;0.0;10.3;04;3.6;
g_1_ALQ5pSo4;Sevilla;0;2018-09-16;SEVILLA AEROPUERTO;SEVILLA;32.4;20.9;11.7;1016.5;1012.1;0.0;9.2;09;3.1;30.2;18.0;NaN;945.2;942.0;0.0;5.6;13;0.6;
g_1_8dpBOpPp;Valladolid;0;2018-09-16;VALLADOLID;VALLADOLID;32.2;14.8;8.2;937.5;934.5;0.0;6.1;26;1.1;29.5;9.7;9.6;962.6;960.2;0.0;9.7;02;2.2;
g_1_AL4zVnnH;Espanyol;0;2018-09-16;BARCELONA AEROPUERTO;BARCELONA;27.9;21.2;7.0;1021.0;1019.1;0.3;8.3;36;2.8;28.2;17.9;11.8;1014.2;1011.8;0.0;8.3;14;2.8;
g_1_6mbqTQGT;Leganes;1;2018-09-16;MADRID, RETIRO;MADRID;30.2;18.0;NaN;945.2;942.0;0.0;5.6;13;0.6;28.2;18.2;11.5;1016.1;1014.0;0.0;6.4;12;2.2;
g_1_dIM1o8Wc;Girona;1;2018-09-17;GIRONA AEROPUERTO;GIRONA;29.3;16.4;6.6;1005.2;1001.9;0.0;8.3;99;2.5;26.9;15.5;NaN;987.3;985.2;0.2;10.3;25;3.1;
g_1_xzsnQc0k;Huesca;0;2018-09-21;HUESCA, AEROPUERTO;HUESCA;31.2;17.5;10.9;957.7;953.6;0.0;8.6;02;1.7;23.5;17.0;2.1;993.9;987.7;0.1;10.3;28;2.2;
g_1_h2RpoaxF;Real Madrid;0;2018-09-22;MADRID, RETIRO;MADRID;32.5;20.0;NaN;946.5;944.7;0.0;7.2;06;1.7;28.8;22.2;9.5;1021.9;1019.6;0.0;10.3;99;5.0;
g_1_OSMtnuN8;Getafe;1;2018-09-22;MADRID, RETIRO;MADRID;32.5;20.0;NaN;946.5;944.7;0.0;7.2;06;1.7;32.5;20.0;NaN;946.5;944.7;0.0;7.2;06;1.7;
g_1_rZODr6GG;Celta Vigo;0;2018-09-22;VIGO AEROPUERTO;PONTEVEDRA;25.6;16.0;10.6;994.1;991.7;0.0;9.2;26;3.3;31.1;13.1;10.9;940.8;938.5;0.0;4.7;24;1.4;
g_1_bqrrRwoq;Eibar;1;2018-09-22;BILBAO AEROPUERTO;BIZKAIA;30.3;16.4;10.9;1021.0;1017.9;0.0;8.9;99;2.8;32.5;20.0;NaN;946.5;944.7;0.0;7.2;06;1.7;
g_1_rXqfOyV1;Rayo Vallecano;0;2018-09-22;MADRID, RETIRO;MADRID;32.5;20.0;NaN;946.5;944.7;0.0;7.2;06;1.7;30.7;12.6;10.7;966.9;964.0;0.0;9.7;99;1.9;
g_1_4rQ9qn1A;Barcelona;0;2018-09-23;BARCELONA AEROPUERTO;BARCELONA;28.8;21.8;9.8;1022.1;1018.4;0.0;11.7;23;5.8;31.7;17.3;11.0;1006.8;1003.0;0.0;9.7;19;2.2;
g_1_pxOxmL72;Betis;0;2018-09-23;SEVILLA AEROPUERTO;SEVILLA;38.1;21.0;11.7;1017.7;1013.8;0.0;8.3;08;3.1;25.1;15.5;7.4;1023.2;1018.9;6.3;11.4;34;3.3;
g_1_WhQlpJiL;Villarreal;0;2018-09-23;CASTELLÓN - ALMASSORA;CASTELLON;31.2;21.0;11.1;1017.8;1014.4;0.0;6.1;10;1.9;33.1;21.0;11.2;1015.8;1012.0;0.0;6.7;99;2.5;
g_1_WdtjPHFe;Levante;0;2018-09-23;VALENCIA AEROPUERTO;VALENCIA;33.1;21.0;11.2;1015.8;1012.0;0.0;6.7;99;2.5;38.1;21.0;11.7;1017.7;1013.8;0.0;8.3;08;3.1;
g_1_p06PwHUl;Atl. Madrid;0;2018-09-25;MADRID, RETIRO;MADRID;29.3;17.2;NaN;947.2;943.4;0.0;10.0;04;2.2;22.2;6.6;10.9;964.2;959.9;0.0;6.9;11;2.2;
g_1_vZHKcxMK;Real Sociedad;0;2018-09-25;DONOSTIA/SAN SEBASTIÁN, IGUELDO;GIPUZKOA;16.0;10.0;9.9;998.4;996.3;0.0;5.6;33;1.7;29.3;17.2;NaN;947.2;943.4;0.0;10.0;04;2.2;
g_1_r7OBabi8;Espanyol;0;2018-09-25;BARCELONA AEROPUERTO;BARCELONA;26.0;18.3;9.0;1027.5;1022.7;0.0;14.4;07;7.2;20.2;8.5;8.0;1025.8;1022.3;0.0;7.8;02;2.2;
g_1_IPGOddyR;Sevilla;0;2018-09-26;SEVILLA AEROPUERTO;SEVILLA;35.1;21.4;11.1;1020.9;1016.2;0.0;13.3;06;4.2;26.0;19.0;NaN;952.8;947.2;0.5;7.5;16;2.2;
g_1_U3zUzFE7;Valencia;0;2018-09-26;VALENCIA AEROPUERTO;VALENCIA;25.2;19.3;3.8;1022.9;1019.0;5.1;13.3;99;5.3;30.6;16.0;10.5;994.8;989.1;0.0;8.9;27;3.3;
g_1_jw7LvcFr;Ath Bilbao;1;2018-09-26;BILBAO AEROPUERTO;BIZKAIA;31.1;9.4;9.8;1023.2;1018.6;0.0;12.5;17;3.6;25.0;20.8;5.1;1025.4;1021.5;2.6;11.4;03;3.3;
g_1_Oj5Txype;Leganes;1;2018-09-26;MADRID, RETIRO;MADRID;26.0;19.0;NaN;952.8;947.2;0.5;7.5;16;2.2;25.2;18.0;7.7;1031.3;1027.5;0.0;16.1;04;8.9;
g_1_jDyQyea1;Girona;1;2018-09-27;GIRONA AEROPUERTO;GIRONA;27.2;8.4;10.7;1016.2;1007.8;0.0;8.3;17;1.7;33.1;22.2;10.5;1021.4;1016.3;0.0;9.2;99;3.9;
g_1_EHFgqw7R;Alaves;0;2018-09-27;VITORIA GASTEIZ AEROPUERTO;ARABA/ALAVA;29.8;10.2;11.3;969.9;965.5;0.0;8.9;99;2.8;26.4;15.7;NaN;952.8;947.5;0.0;5.0;17;0.3;
g_1_dASFbI6E;Valladolid;0;2018-09-27;VALLADOLID;VALLADOLID;28.7;14.0;10.6;944.6;939.6;0.0;3.9;14;0.8;25.7;17.9;9.8;1022.7;1016.3;NA;10.8;09;3.6;
g_1_WStbBejK;Rayo Vallecano;0;2018-09-28;MADRID, RETIRO;MADRID;27.8;16.0;NaN;947.5;940.9;0.0;6.7;09;1.4;27.0;16.1;10.9;1022.8;1015.4;0.0;10.3;24;5.8;
g_1_xUa7lYr7;Real Madrid;0;2018-09-29;MADRID, RETIRO;MADRID;27.9;16.8;NaN;942.7;938.3;0.0;6.1;06;0.8;27.9;16.8;NaN;942.7;938.3;0.0;6.1;06;0.8;
g_1_WWdajfEf;Eibar;1;2018-09-29;BILBAO AEROPUERTO;BIZKAIA;25.1;14.5;6.6;1017.6;1013.4;0.0;7.2;99;2.5;32.3;18.7;11.3;1013.5;1009.4;0.0;6.1;29;1.4;
g_1_hxrfCyyE;Barcelona;0;2018-09-29;BARCELONA AEROPUERTO;BARCELONA;27.5;18.6;10.5;1017.7;1014.4;0.0;10.8;06;5.6;25.1;14.5;6.6;1017.6;1013.4;0.0;7.2;99;2.5;
g_1_r703kET0;Real Sociedad;0;2018-09-29;DONOSTIA/SAN SEBASTIÁN, IGUELDO;GIPUZKOA;19.7;14.5;8.4;991.4;988.3;0.0;5.6;32;2.5;30.2;13.1;11.5;1010.4;1007.6;0.0;10.3;16;3.3;
g_1_AH8jhGqr;Betis;0;2018-09-30;SEVILLA AEROPUERTO;SEVILLA;32.7;20.0;10.7;1014.7;1011.3;0.0;12.8;28;2.5;29.0;16.9;NaN;942.4;939.7;0.0;8.6;04;1.7;
g_1_GKbBmhbD;Levante;0;2018-09-30;VALENCIA AEROPUERTO;VALENCIA;27.4;16.6;11.1;1011.2;1008.3;0.0;6.7;99;3.1;21.9;7.8;8.0;NaN;NaN;0.0;10.8;02;3.3;
g_1_2BXT5ZDs;Villarreal;0;2018-09-30;CASTELLÓN - ALMASSORA;CASTELLON;26.8;16.9;11.2;1013.1;1010.7;0.0;6.9;15;1.9;28.3;13.2;11.0;937.0;933.3;0.0;8.1;06;1.4;
g_1_Qkt2AF5Q;Huesca;0;2018-09-30;HUESCA, AEROPUERTO;HUESCA;26.3;11.5;10.9;955.0;952.1;0.0;8.9;24;1.7;27.6;12.5;6.1;1002.2;999.9;0.1;9.2;99;3.1;
g_1_l87fizal;Celta Vigo;0;2018-10-01;VIGO AEROPUERTO;PONTEVEDRA;27.8;11.7;10.3;992.8;990.4;0.0;8.9;10;2.5;25.0;14.6;NaN;945.1;941.4;0.0;10.6;05;3.1;
g_1_OQLx4Drf;Ath Bilbao;1;2018-10-05;BILBAO AEROPUERTO;BIZKAIA;29.7;11.3;9.7;1012.5;1009.4;0.0;8.3;99;2.5;27.1;16.4;10.3;987.0;984.3;0.0;15.3;15;4.2;
g_1_69Dg0VsJ;Leganes;1;2018-10-06;MADRID, RETIRO;MADRID;27.1;13.6;NaN;941.3;937.3;0.0;11.4;26;2.5;27.1;13.6;NaN;941.3;937.3;0.0;11.4;26;2.5;
g_1_pzNY4gTm;Alaves;0;2018-10-06;VITORIA GASTEIZ AEROPUERTO;ARABA/ALAVA;24.0;5.9;6.0;960.7;954.2;1.4;13.9;32;1.1;27.1;13.6;NaN;941.3;937.3;0.0;11.4;26;2.5;
g_1_h69k1BSC;Getafe;1;2018-10-06;MADRID, RETIRO;MADRID;27.1;13.6;NaN;941.3;937.3;0.0;11.4;26;2.5;28.0;15.6;10.8;1010.6;1004.9;0.0;7.8;09;2.2;
g_1_vcr8Jhrs;Girona;1;2018-10-06;GIRONA AEROPUERTO;GIRONA;26.4;11.9;8.4;1001.7;996.3;0.1;10.8;99;4.7;22.5;9.6;3.8;1016.1;1009.1;12.1;18.9;32;4.4;
g_1_KC1yPEKJ;Valencia;0;2018-10-07;VALENCIA AEROPUERTO;VALENCIA;25.3;15.1;9.9;1010.5;1004.3;0.0;10.8;06;3.9;23.5;15.4;4.7;1017.0;1009.8;6.9;10.3;99;4.4;
g_1_AsKp2iD6;Espanyol;0;2018-10-07;BARCELONA AEROPUERTO;BARCELONA;23.5;15.4;4.7;1017.0;1009.8;6.9;10.3;99;4.4;24.5;17.1;10.0;1012.7;1006.3;0.0;10.3;03;3.1;
g_1_b30uOYZP;Sevilla;0;2018-10-07;SEVILLA AEROPUERTO;SEVILLA;32.4;17.8;9.8;1013.2;1009.1;0.0;10.3;99;3.9;20.0;8.0;10.4;992.8;988.9;0.0;13.9;04;5.0;
g_1_WjLt3Xc0;Atl. Madrid;0;2018-10-07;MADRID, RETIRO;MADRID;19.5;11.2;NaN;942.0;939.4;0.0;11.4;03;3.9;32.4;17.8;9.8;1013.2;1009.1;0.0;10.3;99;3.9;
g_1_ImsCICcm;Valladolid;0;2018-10-07;VALLADOLID;VALLADOLID;17.9;4.2;10.6;937.1;934.6;0.0;7.2;10;2.5;19.5;9.2;7.7;953.7;950.0;0.6;13.1;30;3.1;
g_1_hKlOFAs6;Celta Vigo;0;2018-10-19;VIGO AEROPUERTO;PONTEVEDRA;23.0;12.9;9.8;988.1;984.7;0.0;12.5;02;3.1;18.9;12.5;1.4;962.7;957.4;0.0;10.3;02;4.4;
g_1_CAtGHWCg;Barcelona;0;2018-10-20;BARCELONA AEROPUERTO;BARCELONA;23.8;17.2;5.1;1023.0;1017.8;0.0;12.5;04;4.7;17.6;12.7;0.3;1013.0;1009.9;13.9;9.7;04;3.6;
g_1_0phWDlCI;Villarreal;0;2018-10-20;CASTELLÓN - ALMASSORA;CASTELLON;22.9;17.9;3.8;1017.7;1012.6;0.0;8.1;03;3.6;21.0;13.5;NaN;944.8;939.7;3.3;9.7;08;2.5;
g_1_nucjJqlb;Valencia;0;2018-10-20;VALENCIA AEROPUERTO;VALENCIA;22.3;16.2;1.2;1015.4;1010.2;0.8;12.5;05;4.4;21.0;13.5;NaN;944.8;939.7;3.3;9.7;08;2.5;
g_1_QVefI334;Real Madrid;0;2018-10-20;MADRID, RETIRO;MADRID;21.0;13.5;NaN;944.8;939.7;3.3;9.7;08;2.5;22.3;16.2;1.2;1015.4;1010.2;0.8;12.5;05;4.4;
g_1_AeaJGjSa;Betis;0;2018-10-21;SEVILLA AEROPUERTO;SEVILLA;23.2;15.6;5.6;1016.1;1012.3;2.8;10.3;14;4.2;24.1;12.6;6.8;938.3;935.6;0.0;6.7;02;1.4;
g_1_xAFadMto;Huesca;0;2018-10-21;HUESCA, AEROPUERTO;HUESCA;22.2;13.2;9.4;959.8;955.4;0.0;7.2;22;1.7;23.6;16.3;8.9;1022.4;1017.0;0.0;9.7;24;4.7;
g_1_WAmSEUdC;Eibar;1;2018-10-21;BILBAO AEROPUERTO;BIZKAIA;27.8;12.6;7.5;1020.3;1012.9;0.0;7.8;29;2.5;27.8;12.6;7.5;1020.3;1012.9;0.0;7.8;29;2.5;
g_1_vFgrL5Jo;Rayo Vallecano;0;2018-10-21;MADRID, RETIRO;MADRID;21.2;14.4;NaN;945.5;942.7;0.2;6.7;04;2.5;21.2;14.4;NaN;945.5;942.7;0.2;6.7;04;2.5;
g_1_hIcnKPYi;Real Sociedad;0;2018-10-22;DONOSTIA/SAN SEBASTIÁN, IGUELDO;GIPUZKOA;15.5;12.4;5.3;998.5;993.3;0.0;10.3;26;4.4;23.7;10.6;9.6;1008.7;1001.9;0.1;7.8;99;2.5;
g_1_dKiUJ1MI;Rayo Vallecano;0;2018-10-24;MADRID, RETIRO;MADRID;22.0;10.5;NaN;949.1;945.1;0.0;5.0;05;0.3;19.2;8.8;6.0;1027.1;1020.6;0.0;6.1;99;1.9;
g_1_4xqMW2Ic;Valladolid;0;2018-10-26;VALLADOLID;VALLADOLID;19.4;7.0;0.9;933.3;928.5;NA;5.0;32;0.8;23.2;12.9;3.6;1015.1;1007.7;0.5;8.9;36;4.2;
g_1_hbF3EL2T;Atl. Madrid;0;2018-10-27;MADRID, RETIRO;MADRID;12.4;5.1;NaN;936.0;926.3;4.2;11.1;04;1.9;12.2;5.5;1.8;983.8;974.2;8.1;14.7;34;4.2;
g_1_buhW9uBp;Celta Vigo;0;2018-10-27;VIGO AEROPUERTO;PONTEVEDRA;12.8;2.8;5.4;987.8;979.9;1.3;16.1;99;5.8;13.0;4.9;1.4;1010.9;1001.5;23.8;10.3;99;1.7;
g_1_byxVUtmA;Levante;0;2018-10-27;VALENCIA AEROPUERTO;VALENCIA;17.7;9.8;0.4;1001.9;991.6;18.8;16.4;29;2.2;12.4;5.1;NaN;936.0;926.3;4.2;11.1;04;1.9;
g_1_veBaF1mN;Ath Bilbao;1;2018-10-27;BILBAO AEROPUERTO;BIZKAIA;13.0;4.9;1.4;1010.9;1001.5;23.8;10.3;99;1.7;17.7;9.8;0.4;1001.9;991.6;18.8;16.4;29;2.2;
g_1_xWjz9aQj;Girona;1;2018-10-27;GIRONA AEROPUERTO;GIRONA;16.2;7.7;0.0;993.5;983.6;14.4;11.4;03;5.8;12.4;5.1;NaN;936.0;926.3;4.2;11.1;04;1.9;
g_1_n1YQVMX3;Sevilla;0;2018-10-28;SEVILLA AEROPUERTO;SEVILLA;16.6;8.1;8.4;1005.9;1000.3;0.0;11.7;35;3.6;7.1;1.0;0.4;937.4;934.2;0.0;7.5;27;1.7;
g_1_pYBeGsYG;Alaves;0;2018-10-28;VITORIA GASTEIZ AEROPUERTO;ARABA/ALAVA;6.2;1.2;1.7;946.4;944.2;23.1;12.5;35;2.5;15.2;8.8;4.5;996.7;993.0;0.0;8.1;33;2.5;
g_1_6sDiHNIA;Barcelona;0;2018-10-28;BARCELONA AEROPUERTO;BARCELONA;13.1;9.0;0.7;1000.7;996.4;4.0;12.5;33;2.8;10.0;4.1;NaN;928.4;924.7;0.0;11.1;35;3.1;
g_1_QopIXr3i;Getafe;1;2018-10-28;MADRID, RETIRO;MADRID;10.0;4.1;NaN;928.4;924.7;0.0;11.1;35;3.1;16.6;8.1;8.4;1005.9;1000.3;0.0;11.7;35;3.6;
g_1_04b0pMnc;Rayo Vallecano;0;2018-11-03;MADRID, RETIRO;MADRID;15.0;6.1;NaN;946.8;941.7;0.0;4.7;13;0.6;19.0;9.0;8.0;1020.4;1015.7;0.0;10.8;35;3.1;
g_1_YVB7r0H9;Valencia;0;2018-11-03;VALENCIA AEROPUERTO;VALENCIA;20.1;6.4;10.2;1014.6;1010.6;0.0;5.8;99;1.7;19.0;2.7;7.9;1005.1;1000.1;0.0;9.2;05;1.1;
g_1_WlzwTKHM;Real Madrid;0;2018-11-03;MADRID, RETIRO;MADRID;15.0;6.1;NaN;946.8;941.7;0.0;4.7;13;0.6;16.1;3.4;8.3;941.2;933.0;0.0;4.7;34;0.8;
g_1_baKHLxAd;Leganes;1;2018-11-03;MADRID, RETIRO;MADRID;15.0;6.1;NaN;946.8;941.7;0.0;4.7;13;0.6;15.0;6.1;NaN;946.8;941.7;0.0;4.7;13;0.6;
g_1_hbyZT02G;Betis;0;2018-11-04;SEVILLA AEROPUERTO;SEVILLA;16.2;9.6;0.6;1014.8;1004.7;7.3;7.2;19;1.7;11.8;8.8;NaN;988.3;969.9;17.9;11.1;18;5.3;
g_1_vec4qt23;Huesca;0;2018-11-04;HUESCA, AEROPUERTO;HUESCA;15.2;3.2;9.0;953.4;943.3;0.0;5.3;12;1.9;15.4;4.5;NaN;941.6;930.3;17.0;9.7;24;0.8;
g_1_lQUsSvXS;Real Sociedad;0;2018-11-04;DONOSTIA/SAN SEBASTIÁN, IGUELDO;GIPUZKOA;18.0;5.5;6.8;986.9;970.3;NA;23.1;15;8.6;16.2;9.6;0.6;1014.8;1004.7;7.3;7.2;19;1.7;
g_1_CMABsKWF;Villarreal;0;2018-11-04;CASTELLÓN - ALMASSORA;CASTELLON;19.7;7.7;10.0;1012.5;1002.6;0.0;7.2;29;1.9;20.1;4.8;10.2;1010.7;1000.8;0.0;5.8;33;2.2;
g_1_jZG9Nbup;Eibar;1;2018-11-04;BILBAO AEROPUERTO;BIZKAIA;20.8;2.9;5.3;1013.4;996.1;0.2;15.0;16;3.6;15.8;-2.6;7.3;958.4;943.9;4.9;7.2;24;1.4;
g_1_pdGDMIfj;Espanyol;0;2018-11-05;BARCELONA AEROPUERTO;BARCELONA;19.9;12.1;1.8;1007.6;1001.6;2.1;14.4;99;5.3;16.8;7.7;1.5;998.9;994.4;7.4;12.5;99;3.9;
g_1_0nqaYFg2;Levante;0;2018-11-09;VALENCIA AEROPUERTO;VALENCIA;18.7;10.1;9.1;1010.6;1005.0;0.0;15.0;30;5.3;15.4;9.0;5.8;986.3;978.3;1.0;20.6;16;5.8;
g_1_MepeZevd;Girona;1;2018-11-10;GIRONA AEROPUERTO;GIRONA;19.4;5.0;7.2;998.3;993.0;0.0;15.0;99;3.6;13.5;9.6;NaN;939.9;936.5;1.1;12.2;23;3.6;
g_1_QPzodJo9;Atl. Madrid;0;2018-11-10;MADRID, RETIRO;MADRID;13.5;9.6;NaN;939.9;936.5;1.1;12.2;23;3.6;23.1;11.3;3.9;1004.3;1000.0;0.4;19.7;22;2.8;
g_1_4KkjzxPk;Getafe;1;2018-11-10;MADRID, RETIRO;MADRID;13.5;9.6;NaN;939.9;936.5;1.1;12.2;23;3.6;18.0;12.7;1.9;1010.0;1006.5;0.2;14.4;29;5.3;
g_1_8lQkew1F;Valladolid;0;2018-11-10;VALLADOLID;VALLADOLID;13.2;9.3;0.7;929.6;925.9;5.8;11.7;26;2.8;23.1;11.3;3.9;1004.3;1000.0;0.4;19.7;22;2.8;
g_1_QTjnyI9q;Celta Vigo;0;2018-11-11;VIGO AEROPUERTO;PONTEVEDRA;15.0;8.9;0.0;980.1;976.4;3.9;21.7;22;3.3;16.7;11.6;NaN;939.2;935.3;0.0;8.1;24;2.8;
g_1_EkXtcaW2;Rayo Vallecano;0;2018-11-11;MADRID, RETIRO;MADRID;16.7;11.6;NaN;939.2;935.3;0.0;8.1;24;2.8;21.3;15.0;6.9;1010.2;1008.0;0.0;6.4;26;1.9;
g_1_nuPgfcGL;Sevilla;0;2018-11-11;SEVILLA AEROPUERTO;SEVILLA;23.1;15.2;5.0;1014.7;1008.1;30.1;9.7;23;2.5;21.7;12.5;6.6;1016.4;1012.4;0.0;8.3;21;2.2;
g_1_8l4Kub1S;Barcelona;0;2018-11-11;BARCELONA AEROPUERTO;BARCELONA;21.7;12.5;6.6;1016.4;1012.4;0.0;8.3;21;2.2;23.1;15.2;5.0;1014.7;1008.1;30.1;9.7;23;2.5;
g_1_fo0GtvnM;Alaves;0;2018-11-11;VITORIA GASTEIZ AEROPUERTO;ARABA/ALAVA;17.9;11.0;0.6;952.9;949.5;8.2;14.4;24;1.7;17.1;9.5;3.1;952.1;948.8;0.0;10.0;10;3.1;
g_1_lOaFgos8;Leganes;1;2018-11-23;MADRID, RETIRO;MADRID;11.1;5.0;NaN;939.9;935.8;0.0;8.1;26;1.7;12.1;5.9;5.2;955.2;952.2;0.1;11.7;22;4.4;
g_1_GETcgHVR;Atl. Madrid;0;2018-11-24;MADRID, RETIRO;MADRID;9.2;3.0;NaN;941.0;936.8;2.0;3.3;24;0.0;16.9;6.9;6.0;1016.5;1011.9;0.0;7.2;99;3.1;
g_1_8C8xnZN1;Huesca;0;2018-11-24;HUESCA, AEROPUERTO;HUESCA;10.8;2.4;7.8;952.2;947.8;2.0;5.6;25;0.6;18.5;4.1;8.6;1010.4;1006.7;0.0;6.7;99;2.2;
g_1_YDQjzctm;Valencia;0;2018-11-24;VALENCIA AEROPUERTO;VALENCIA;18.5;4.1;8.6;1010.4;1006.7;0.0;6.7;99;2.2;9.2;3.0;NaN;941.0;936.8;2.0;3.3;24;0.0;
g_1_0n5Umegk;Eibar;1;2018-11-24;BILBAO AEROPUERTO;BIZKAIA;17.6;12.9;2.4;1009.3;999.8;1.5;14.4;21;3.9;9.2;3.0;NaN;941.0;936.8;2.0;3.3;24;0.0;
g_1_SEbJh5dE;Villarreal;0;2018-11-25;CASTELLÓN - ALMASSORA;CASTELLON;19.9;8.0;4.0;1007.8;1000.9;3.8;11.7;28;3.1;19.8;14.5;2.1;1012.3;1009.0;5.1;14.4;27;5.8;
g_1_Ek9YnF8e;Espanyol;0;2018-11-25;BARCELONA AEROPUERTO;BARCELONA;15.9;7.1;1.1;1011.9;1005.5;0.0;10.8;25;4.7;16.2;1.9;3.3;995.3;989.3;0.3;14.4;26;2.5;
g_1_n37togw8;Sevilla;0;2018-11-25;SEVILLA AEROPUERTO;SEVILLA;19.8;14.5;2.1;1012.3;1009.0;5.1;14.4;27;5.8;11.9;6.9;5.3;926.7;920.7;4.6;8.6;25;2.5;
g_1_INFPlyvq;Ath Bilbao;1;2018-11-25;BILBAO AEROPUERTO;BIZKAIA;16.4;6.9;2.8;1007.0;999.9;3.8;14.4;25;3.9;14.0;6.6;NaN;936.2;929.2;4.9;11.1;26;3.3;
g_1_KAMnywRt;Real Sociedad;0;2018-11-26;DONOSTIA/SAN SEBASTIÁN, IGUELDO;GIPUZKOA;10.7;6.8;0.0;991.0;973.8;35.6;15.8;36;5.6;12.8;6.6;NaN;993.8;980.7;0.0;18.6;26;1.4;
g_1_bF0Pldet;Rayo Vallecano;0;2018-11-30;MADRID, RETIRO;MADRID;11.0;4.7;NaN;946.8;940.3;0.0;4.2;06;0.6;15.5;7.7;3.3;1019.3;1012.8;1.6;12.5;30;3.1;
g_1_pI7CVYfI;Real Madrid;0;2018-12-01;MADRID, RETIRO;MADRID;11.0;3.0;NaN;947.0;944.5;0.0;4.4;24;0.6;19.5;4.9;6.9;1015.8;1012.6;0.0;7.8;26;1.9;
g_1_GjeUmGAn;Getafe;1;2018-12-01;MADRID, RETIRO;MADRID;11.0;3.0;NaN;947.0;944.5;0.0;4.4;24;0.6;15.0;7.6;4.9;1021.3;1019.1;0.0;7.8;99;2.5;
g_1_fsfYnzQh;Valladolid;0;2018-12-01;VALLADOLID;VALLADOLID;11.0;2.6;1.5;938.9;936.8;0.0;10.3;28;2.5;11.0;3.0;NaN;947.0;944.5;0.0;4.4;24;0.6;
g_1_2gI7WEuC;Celta Vigo;0;2018-12-01;VIGO AEROPUERTO;PONTEVEDRA;13.5;9.0;0.2;993.7;991.4;0.0;10.3;19;5.0;12.2;4.1;4.6;956.6;954.3;0.0;8.1;36;1.7;
g_1_GxGeZGeg;Alaves;0;2018-12-02;VITORIA GASTEIZ AEROPUERTO;ARABA/ALAVA;13.1;6.9;1.9;962.2;959.4;0.0;12.5;23;4.4;18.4;7.4;8.9;1023.2;1019.8;0.0;6.7;05;1.9;
g_1_fTEaYzBa;Barcelona;0;2018-12-02;BARCELONA AEROPUERTO;BARCELONA;17.8;8.2;4.8;1021.0;1018.2;0.0;8.9;99;4.7;17.9;8.8;8.7;1016.7;1014.4;0.0;4.4;30;1.1;
g_1_d6EcgxmP;Girona;1;2018-12-02;GIRONA AEROPUERTO;GIRONA;17.6;2.4;7.1;1005.4;1001.9;0.0;6.1;20;1.4;8.8;4.5;NaN;948.1;946.0;0.0;3.3;23;0.3;
g_1_O2J3XfQ5;Betis;0;2018-12-02;SEVILLA AEROPUERTO;SEVILLA;18.4;7.4;8.9;1023.2;1019.8;0.0;6.7;05;1.9;16.2;11.9;1.5;988.1;985.1;1.0;16.1;16;3.9;
g_1_r3QFUhAO;Levante;0;2018-12-03;VALENCIA AEROPUERTO;VALENCIA;22.7;9.1;8.2;1015.2;1012.3;0.0;7.2;26;2.8;17.8;11.7;0.2;1018.7;1014.5;1.9;11.4;25;1.4;
g_1_rREB0gfh;Leganes;1;2018-12-07;MADRID, RETIRO;MADRID;10.5;4.2;NaN;951.2;948.1;0.0;7.5;28;1.1;10.5;4.2;NaN;951.2;948.1;0.0;7.5;28;1.1;
g_1_z1B32FPu;Espanyol;0;2018-12-08;BARCELONA AEROPUERTO;BARCELONA;15.3;8.2;2.3;1027.1;1022.2;0.0;9.7;99;3.3;15.3;8.2;2.3;1027.1;1022.2;0.0;9.7;99;3.3;
g_1_l4F71Zvn;Villarreal;0;2018-12-08;CASTELLÓN - ALMASSORA;CASTELLON;18.0;8.5;8.2;1023.1;1018.5;0.0;5.0;15;1.4;13.0;5.4;5.1;1002.2;1000.4;0.7;5.0;22;1.9;
g_1_MHDFaD9b;Valencia;0;2018-12-08;VALENCIA AEROPUERTO;VALENCIA;19.6;6.1;8.4;1021.1;1016.6;0.0;5.8;99;1.9;19.1;8.1;9.4;NaN;NaN;0.0;NaN;NaN;1.9;
g_1_AwpcsWgU;Atl. Madrid;0;2018-12-08;MADRID, RETIRO;MADRID;13.0;5.4;NaN;952.3;949.0;0.0;7.8;31;0.8;13.7;0.1;7.7;970.7;967.9;0.0;6.7;99;1.7;
g_1_27ctoEf5;Betis;0;2018-12-09;SEVILLA AEROPUERTO;SEVILLA;20.9;8.7;9.1;1026.5;1023.3;0.0;9.2;99;3.3;14.6;4.4;NaN;953.8;951.6;0.0;3.1;22;0.3;
g_1_WnogrCvO;Real Sociedad;0;2018-12-09;DONOSTIA/SAN SEBASTIÁN, IGUELDO;GIPUZKOA;14.0;10.3;0.0;1002.9;997.3;0.4;15.8;28;8.6;15.1;1.7;7.7;947.3;944.6;0.0;3.9;20;0.8;
g_1_OMokqhPH;Huesca;0;2018-12-09;HUESCA, AEROPUERTO;HUESCA;15.1;6.2;6.8;963.7;959.7;0.0;14.2;31;3.3;14.6;4.4;NaN;953.8;951.6;0.0;3.1;22;0.3;
g_1_pWnopY9B;Eibar;1;2018-12-09;BILBAO AEROPUERTO;BIZKAIA;14.7;10.5;0.0;1030.8;1023.9;0.3;11.7;29;3.6;23.6;6.1;9.2;1020.5;1017.4;0.0;7.8;29;4.2;
g_1_l4gxnfua;Ath Bilbao;1;2018-12-10;BILBAO AEROPUERTO;BIZKAIA;15.3;5.1;4.0;1030.6;1022.4;0.0;7.2;08;1.9;15.3;3.2;3.5;1013.5;1009.8;0.0;5.8;32;0.8;
g_1_Iq7OcivB;Celta Vigo;0;2018-12-14;VIGO AEROPUERTO;PONTEVEDRA;10.8;5.7;0.0;995.5;991.1;19.2;10.3;99;4.2;10.5;3.0;NaN;947.4;937.8;0.0;9.7;30;2.2;
g_1_C66SdBgH;Eibar;1;2018-12-15;BILBAO AEROPUERTO;BIZKAIA;17.9;7.9;0.5;1017.8;1011.8;3.4;14.4;22;3.3;19.2;5.7;8.0;1016.7;1013.3;0.0;14.4;29;5.8;
g_1_40V5AUNG;Real Madrid;0;2018-12-15;MADRID, RETIRO;MADRID;9.0;2.7;NaN;949.5;945.5;0.2;7.2;26;1.4;9.0;2.7;NaN;949.5;945.5;0.2;7.2;26;1.4;
g_1_8Eo3j9Wp;Valladolid;0;2018-12-15;VALLADOLID;VALLADOLID;10.6;5.4;0.0;940.0;934.7;8.6;8.9;24;2.5;9.0;2.7;NaN;949.5;945.5;0.2;7.2;26;1.4;
g_1_OtAWeV8N;Getafe;1;2018-12-15;MADRID, RETIRO;MADRID;9.0;2.7;NaN;949.5;945.5;0.2;7.2;26;1.4;15.6;7.4;1.6;991.6;985.7;8.0;14.7;17;5.0;
g_1_dUvoFh9o;Levante;0;2018-12-16;VALENCIA AEROPUERTO;VALENCIA;19.3;10.9;5.3;1016.9;1009.5;0.0;18.1;27;7.2;15.2;10.5;0.1;1018.5;1014.0;0.0;13.3;99;2.2;
g_1_65ayekOT;Huesca;0;2018-12-16;HUESCA, AEROPUERTO;HUESCA;10.1;5.0;0.6;957.4;950.8;4.0;9.2;99;1.7;20.6;10.4;3.9;1018.0;1009.6;0.0;12.8;26;1.4;
g_1_zLwkECOi;Espanyol;0;2018-12-16;BARCELONA AEROPUERTO;BARCELONA;15.2;10.5;0.1;1018.5;1014.0;0.0;13.3;99;2.2;13.0;5.3;1.6;1026.1;1021.5;2.0;5.8;02;1.9;
g_1_WnXcCjg4;Sevilla;0;2018-12-16;SEVILLA AEROPUERTO;SEVILLA;13.0;5.3;1.6;1026.1;1021.5;2.0;5.8;02;1.9;11.8;5.6;0.1;1002.7;997.0;2.5;9.2;99;1.7;
g_1_vg8KbXO4;Alaves;0;2018-12-17;VITORIA GASTEIZ AEROPUERTO;ARABA/ALAVA;9.4;-1.9;3.9;969.5;964.7;0.0;7.8;25;1.7;13.8;3.2;2.8;1025.1;1017.7;0.0;16.1;16;3.1;
g_1_MiUOQk8c;Real Sociedad;0;2018-12-21;DONOSTIA/SAN SEBASTIÁN, IGUELDO;GIPUZKOA;17.2;12.3;2.4;996.5;992.5;0.0;16.9;18;9.2;12.9;8.7;2.0;969.5;965.8;0.0;15.0;22;7.2;
g_1_jRYSP9N3;Girona;1;2018-12-21;GIRONA AEROPUERTO;GIRONA;16.1;-0.4;7.1;1012.2;1009.9;0.0;6.1;99;2.2;8.7;5.3;NaN;955.0;952.0;0.0;4.2;29;0.3;
g_1_WM129lwN;Ath Bilbao;1;2018-12-22;BILBAO AEROPUERTO;BIZKAIA;19.8;10.0;4.1;1026.5;1023.2;0.0;5.8;99;1.9;10.9;6.1;0.0;947.2;945.3;0.0;3.1;16;0.8;
g_1_ShmY3S0p;Barcelona;0;2018-12-22;BARCELONA AEROPUERTO;BARCELONA;20.3;9.1;4.8;1029.4;1027.2;0.0;8.9;99;2.8;14.3;10.3;0.6;1001.1;998.2;NA;8.9;17;3.1;
g_1_AD0688hT;Atl. Madrid;0;2018-12-22;MADRID, RETIRO;MADRID;9.0;6.2;NaN;955.7;953.7;0.0;4.2;06;0.8;20.3;9.1;4.8;1029.4;1027.2;0.0;8.9;99;2.8;
g_1_tdix3nGj;Betis;0;2018-12-22;SEVILLA AEROPUERTO;SEVILLA;18.9;7.3;9.2;1028.0;1024.9;0.0;11.4;08;4.2;19.8;10.0;4.1;1026.5;1023.2;0.0;5.8;99;1.9;
g_1_CtNyOmhG;Rayo Vallecano;0;2018-12-23;MADRID, RETIRO;MADRID;9.5;4.6;NaN;954.6;951.7;0.0;4.7;06;0.6;20.7;5.4;8.7;1024.4;1020.7;0.0;4.7;99;1.4;
g_1_r1VKRVhi;Leganes;1;2018-12-23;MADRID, RETIRO;MADRID;9.5;4.6;NaN;954.6;951.7;0.0;4.7;06;0.6;19.3;6.0;8.9;1027.2;1024.7;0.0;6.7;99;1.9;
g_1_UHXWOTxA;Valencia;0;2018-12-23;VALENCIA AEROPUERTO;VALENCIA;20.7;5.4;8.7;1024.4;1020.7;0.0;4.7;99;1.4;9.1;4.7;4.5;966.5;963.5;0.0;3.1;28;0.6;
g_1_Mkk56LMr;Villarreal;0;2019-01-03;CASTELLÓN - ALMASSORA;CASTELLON;14.7;4.4;8.1;1026.0;1022.3;0.0;5.8;16;1.7;11.8;2.8;NaN;951.4;949.0;0.0;7.8;05;0.6;
g_1_CvrI3J61;Espanyol;0;2019-01-04;BARCELONA AEROPUERTO;BARCELONA;12.9;2.2;3.6;1032.8;1027.8;0.0;8.9;36;3.6;11.4;0.4;NaN;952.9;949.9;0.0;3.6;06;0.3;
g_1_AZ9rKvir;Levante;0;2019-01-04;VALENCIA AEROPUERTO;VALENCIA;15.5;-0.1;9.0;1025.2;1020.8;0.0;6.7;07;1.7;11.9;-3.2;8.0;1016.3;1012.2;0.0;5.0;07;1.9;
g_1_viNGOKrR;Huesca;0;2019-01-05;HUESCA, AEROPUERTO;HUESCA;7.2;-3.4;7.1;966.6;962.9;0.0;5.6;26;1.7;17.2;3.4;9.4;1030.5;1027.3;0.0;8.9;99;1.9;
g_1_GCl95uxk;Alaves;0;2019-01-05;VITORIA GASTEIZ AEROPUERTO;ARABA/ALAVA;12.1;-8.6;8.6;976.1;973.8;0.0;4.2;02;0.8;19.1;1.6;9.1;1025.5;1020.0;0.0;6.1;99;2.8;
g_1_lQ8nJb6l;Valladolid;0;2019-01-05;VALLADOLID;VALLADOLID;10.2;-5.5;6.1;949.3;946.8;0.0;2.8;05;0.8;10.8;-0.1;NaN;955.2;952.5;0.0;3.1;09;0.6;
g_1_00OCP0TK;Getafe;1;2019-01-06;MADRID, RETIRO;MADRID;13.8;-0.5;NaN;953.3;950.2;0.0;3.3;02;1.1;16.8;6.6;5.6;1026.4;1023.9;0.0;14.4;35;7.8;
g_1_jVtM2wM7;Real Madrid;0;2019-01-06;MADRID, RETIRO;MADRID;13.8;-0.5;NaN;953.3;950.2;0.0;3.3;02;1.1;6.2;1.6;0.0;1005.5;1004.4;0.0;5.0;02;1.7;
g_1_IyZ7QtEE;Sevilla;0;2019-01-06;SEVILLA AEROPUERTO;SEVILLA;18.7;0.5;9.4;1027.9;1024.4;0.0;5.0;36;1.1;13.8;-0.5;NaN;953.3;950.2;0.0;3.3;02;1.1;
g_1_f3mD4aie;Eibar;1;2019-01-06;BILBAO AEROPUERTO;BIZKAIA;9.5;-1.0;1.9;1034.1;1032.3;0.0;8.3;04;1.4;19.5;7.0;9.1;1023.2;1020.7;0.0;6.4;29;2.2;
g_1_4YU3RMb8;Celta Vigo;0;2019-01-07;VIGO AEROPUERTO;PONTEVEDRA;12.2;1.2;8.3;1001.5;999.2;0.0;7.8;18;3.1;7.3;5.6;0.0;1035.1;1032.4;0.0;7.8;06;1.7;
g_1_SzrfxvDQ;Rayo Vallecano;0;2019-01-11;MADRID, RETIRO;MADRID;7.4;-1.8;NaN;949.6;944.7;0.0;6.1;04;0.6;11.9;1.6;8.4;999.7;993.2;0.0;6.7;18;2.5;
g_1_W2wQWHzl;Villarreal;0;2019-01-12;CASTELLÓN - ALMASSORA;CASTELLON;14.7;3.1;9.2;1024.0;1020.7;0.0;6.7;16;1.9;9.5;-0.8;NaN;952.0;948.9;0.0;4.2;11;0.8;
g_1_YDrjwKcK;Girona;1;2019-01-12;GIRONA AEROPUERTO;GIRONA;14.1;-4.5;8.7;1011.1;1008.4;0.0;5.8;05;1.1;7.7;3.0;0.3;972.4;970.6;0.9;8.3;01;3.1;
g_1_fNqnv0rE;Valencia;0;2019-01-12;VALENCIA AEROPUERTO;VALENCIA;15.9;-1.5;9.3;1022.5;1018.4;0.0;5.8;26;2.2;8.3;-0.9;5.9;945.5;943.6;0.0;7.5;06;1.4;
g_1_AgxUVyjf;Leganes;1;2019-01-12;MADRID, RETIRO;MADRID;9.5;-0.8;NaN;952.0;948.9;0.0;4.2;11;0.8;10.8;-3.3;7.4;962.3;959.2;0.0;6.4;30;1.4;
g_1_I503FG5D;Betis;0;2019-01-13;SEVILLA AEROPUERTO;SEVILLA;17.4;1.0;9.5;1026.1;1021.9;0.0;8.9;05;2.8;10.8;-0.7;NaN;950.0;945.5;0.0;3.6;99;0.8;
g_1_vF1aGdj7;Barcelona;0;2019-01-13;BARCELONA AEROPUERTO;BARCELONA;16.0;3.3;3.6;1024.7;1018.1;0.0;9.2;35;3.3;12.4;6.4;0.1;1029.1;1024.4;0.0;7.8;32;2.2;
g_1_WlbiIILf;Ath Bilbao;1;2019-01-13;BILBAO AEROPUERTO;BIZKAIA;12.4;6.4;0.1;1029.1;1024.4;0.0;7.8;32;2.2;17.4;1.0;9.5;1026.1;1021.9;0.0;8.9;05;2.8;
g_1_ph2eHxy1;Atl. Madrid;0;2019-01-13;MADRID, RETIRO;MADRID;10.8;-0.7;NaN;950.0;945.5;0.0;3.6;99;0.8;17.1;0.1;9.4;1019.4;1014.3;0.0;6.1;20;1.9;
g_1_lvlLXcLs;Real Sociedad;0;2019-01-14;DONOSTIA/SAN SEBASTIÁN, IGUELDO;GIPUZKOA;10.0;8.1;0.0;997.2;994.7;9.2;10.8;26;5.3;16.6;7.5;0.5;1020.4;1015.9;0.0;10.8;99;3.6;
g_1_l0Pepy5m;Getafe;1;2019-01-18;MADRID, RETIRO;MADRID;7.6;-0.3;NaN;942.5;940.0;0.0;6.1;24;1.1;6.1;-0.2;0.0;961.6;956.2;0.3;6.7;21;1.7;
g_1_0rVtTZZC;Celta Vigo;0;2019-01-19;VIGO AEROPUERTO;PONTEVEDRA;11.9;5.8;0.0;987.7;976.0;40.5;15.3;36;4.4;15.4;1.0;7.0;1010.0;1002.8;NA;8.3;25;3.1;
g_1_dQS3rFZa;Huesca;0;2019-01-19;HUESCA, AEROPUERTO;HUESCA;4.8;-2.0;3.0;951.0;945.0;2.4;5.8;08;1.4;4.4;-0.5;NaN;939.8;931.9;5.9;5.3;24;0.6;
g_1_A9QioHks;Real Madrid;0;2019-01-19;MADRID, RETIRO;MADRID;4.4;-0.5;NaN;939.8;931.9;5.9;5.3;24;0.6;13.1;8.2;0.0;1017.1;1009.0;3.0;11.7;21;2.8;
g_1_vTtYUe50;Barcelona;0;2019-01-20;BARCELONA AEROPUERTO;BARCELONA;10.4;5.3;0.0;1014.7;1007.3;13.2;14.4;07;4.4;9.5;3.3;NaN;941.1;930.4;0.0;11.7;36;2.2;
g_1_SlNSjwSJ;Levante;0;2019-01-20;VALENCIA AEROPUERTO;VALENCIA;15.9;6.6;3.4;1008.3;999.6;0.1;11.4;32;1.7;8.8;0.3;7.1;935.1;923.3;0.0;7.8;34;2.2;
g_1_6uMWkcsQ;Rayo Vallecano;0;2019-01-20;MADRID, RETIRO;MADRID;9.5;3.3;NaN;941.1;930.4;0.0;11.7;36;2.2;10.0;5.9;2.6;988.5;976.4;13.4;15.8;32;5.6;
g_1_rNOaqeKg;Villarreal;0;2019-01-20;CASTELLÓN - ALMASSORA;CASTELLON;15.3;6.5;3.0;1010.0;1001.6;0.0;10.6;04;1.9;11.0;6.0;0.4;1016.8;1005.2;31.8;15.3;31;3.1;
g_1_IJuxUFK6;Betis;0;2019-01-20;SEVILLA AEROPUERTO;SEVILLA;17.0;6.6;4.8;1016.8;1007.8;0.0;11.7;34;5.6;8.6;2.3;0.0;999.0;992.9;5.5;10.8;04;4.4;
g_1_EoZpSgkJ;Eibar;1;2019-01-21;BILBAO AEROPUERTO;BIZKAIA;10.5;3.4;1.7;1021.1;1016.6;0.1;9.7;03;2.5;13.4;3.8;6.2;1017.1;1014.4;0.0;8.9;35;3.1;
g_1_SAb33GBP;Valencia;0;2019-01-26;VALENCIA AEROPUERTO;VALENCIA;21.0;4.9;9.8;1012.2;1005.2;0.0;8.9;25;2.8;18.7;7.8;9.6;1013.8;1006.9;0.0;8.3;27;1.9;
g_1_zHmwcElg;Leganes;1;2019-01-26;MADRID, RETIRO;MADRID;12.6;2.2;NaN;943.9;939.3;0.0;5.0;22;1.1;15.3;3.9;5.8;1020.3;1009.3;1.4;5.8;99;0.8;
g_1_nFLGuDJI;Atl. Madrid;0;2019-01-26;MADRID, RETIRO;MADRID;12.6;2.2;NaN;943.9;939.3;0.0;5.0;22;1.1;12.6;2.2;NaN;943.9;939.3;0.0;5.0;22;1.1;
g_1_WrsnehJ5;Sevilla;0;2019-01-26;SEVILLA AEROPUERTO;SEVILLA;21.2;4.4;9.8;1018.1;1014.9;0.0;8.9;06;3.3;21.0;4.9;9.8;1012.2;1005.2;0.0;8.9;25;2.8;
g_1_Q5KKvXYO;Espanyol;0;2019-01-27;BARCELONA AEROPUERTO;BARCELONA;17.2;6.0;4.8;1011.0;1003.9;0.0;16.9;31;5.6;11.4;2.4;NaN;940.0;936.0;0.0;14.7;32;2.2;
g_1_IuHCtg4C;Ath Bilbao;1;2019-01-27;BILBAO AEROPUERTO;BIZKAIA;11.2;4.4;1.4;1014.5;1007.9;14.5;25.8;29;9.4;17.2;6.0;8.8;1019.0;1014.4;0.0;11.7;32;2.8;
g_1_hhrrdY3a;Real Sociedad;0;2019-01-27;DONOSTIA/SAN SEBASTIÁN, IGUELDO;GIPUZKOA;10.2;6.0;0.0;986.7;979.3;18.5;28.1;28;12.5;9.5;3.1;7.2;947.5;943.7;NA;17.8;34;4.4;
g_1_23kVbzKt;Girona;1;2019-01-27;GIRONA AEROPUERTO;GIRONA;14.0;0.8;3.2;995.4;988.8;0.5;7.8;03;2.2;17.2;6.0;4.8;1011.0;1003.9;0.0;16.9;31;5.6;
g_1_dQlZcfZn;Valladolid;0;2019-01-27;VALLADOLID;VALLADOLID;10.4;2.6;8.9;934.9;929.5;0.0;11.1;36;4.2;11.0;5.1;4.5;994.6;989.1;2.9;10.3;34;3.9;
g_1_vkI8sZl6;Alaves;0;2019-01-28;VITORIA GASTEIZ AEROPUERTO;ARABA/ALAVA;8.1;3.7;1.1;958.6;952.5;14.6;13.1;32;6.1;13.0;3.7;NaN;940.7;935.7;0.0;15.3;26;3.9;
g_1_bccSzOXj;Huesca;0;2019-02-01;HUESCA, AEROPUERTO;HUESCA;11.4;3.1;5.0;930.0;925.1;0.4;8.9;20;2.2;7.5;1.7;2.3;914.6;905.7;0.2;20.0;29;6.9;
g_1_v9pfgWmI;Celta Vigo;0;2019-02-02;VIGO AEROPUERTO;PONTEVEDRA;9.8;1.6;7.6;995.8;977.5;0.0;10.3;99;3.6;15.3;4.8;9.9;1020.1;1006.1;0.0;12.8;99;6.4;
g_1_Q5tjfCYB;Barcelona;0;2019-02-02;BARCELONA AEROPUERTO;BARCELONA;13.5;7.6;2.2;1006.7;990.4;0.0;14.4;34;5.3;16.2;8.2;8.2;1006.7;988.7;0.0;18.9;26;8.6;
g_1_j5aDbRPc;Real Sociedad;0;2019-02-02;DONOSTIA/SAN SEBASTIÁN, IGUELDO;GIPUZKOA;8.0;3.5;2.1;989.3;962.2;6.4;26.7;30;13.9;10.1;5.0;1.6;1017.5;990.0;5.9;26.4;32;9.7;
g_1_tfhQeP9G;Levante;0;2019-02-02;VALENCIA AEROPUERTO;VALENCIA;16.2;8.2;8.2;1006.7;988.7;0.0;18.9;26;8.6;7.5;1.6;NaN;940.1;920.7;0.0;14.2;32;3.9;
g_1_CE09a7Ai;Real Madrid;0;2019-02-03;MADRID, RETIRO;MADRID;8.2;-0.3;NaN;949.8;941.3;0.0;12.2;05;1.4;4.4;-0.2;2.6;970.1;960.0;3.0;13.9;36;2.8;
g_1_K6bOy4Ip;Eibar;1;2019-02-03;BILBAO AEROPUERTO;BIZKAIA;10.4;1.7;3.1;1027.6;1017.5;2.4;13.3;02;2.2;13.3;-2.1;8.8;1005.5;990.8;NA;11.7;99;3.1;
g_1_YTlIcou4;Betis;0;2019-02-03;SEVILLA AEROPUERTO;SEVILLA;14.4;1.4;10.1;1026.6;1020.1;0.0;6.7;04;1.4;8.2;-0.3;NaN;949.8;941.3;0.0;12.2;05;1.4;
g_1_nXhMd5fA;Villarreal;0;2019-02-03;CASTELLÓN - ALMASSORA;CASTELLON;12.9;7.4;9.9;1019.2;1005.1;0.0;18.6;25;4.2;14.6;5.0;7.7;1021.4;1006.6;0.0;13.3;34;3.9;
g_1_KpiUfqPM;Rayo Vallecano;0;2019-02-04;MADRID, RETIRO;MADRID;10.9;-1.4;NaN;951.0;949.0;0.0;3.6;23;0.8;10.9;-1.4;NaN;951.0;949.0;0.0;3.6;23;0.8;
g_1_Sj0geDz3;Valladolid;0;2019-02-08;VALLADOLID;VALLADOLID;12.9;-1.2;8.3;938.0;934.7;0.0;7.2;26;1.9;16.8;7.6;9.0;1019.3;1014.9;0.0;5.8;19;1.9;
g_1_l01kdgLd;Girona;1;2019-02-09;GIRONA AEROPUERTO;GIRONA;18.6;2.0;8.2;1007.1;1001.9;0.0;7.2;99;2.2;13.9;3.8;8.6;957.9;954.9;0.0;4.7;12;1.7;
g_1_pSz9m1Hd;Espanyol;0;2019-02-09;BARCELONA AEROPUERTO;BARCELONA;15.9;6.8;6.7;1022.8;1019.3;0.0;7.8;01;3.1;11.8;2.9;NaN;946.0;943.0;0.0;6.1;24;1.1;
g_1_xMoZg3vT;Atl. Madrid;0;2019-02-09;MADRID, RETIRO;MADRID;11.8;2.9;NaN;946.0;943.0;0.0;6.1;24;1.1;11.8;2.9;NaN;946.0;943.0;0.0;6.1;24;1.1;
g_1_zH31gi5F;Getafe;1;2019-02-09;MADRID, RETIRO;MADRID;11.8;2.9;NaN;946.0;943.0;0.0;6.1;24;1.1;12.0;9.1;0.0;991.4;987.1;14.3;11.9;20;6.4;
g_1_YiX4ls2j;Ath Bilbao;1;2019-02-10;BILBAO AEROPUERTO;BIZKAIA;15.4;5.9;0.0;1022.8;1006.8;5.4;24.2;24;6.1;19.3;6.6;5.3;1019.5;1014.4;0.0;15.0;99;6.9;
g_1_Iug6hBKL;Sevilla;0;2019-02-10;SEVILLA AEROPUERTO;SEVILLA;18.8;6.0;5.8;1024.8;1020.9;0.0;6.7;23;2.2;15.4;5.9;0.0;1022.8;1006.8;5.4;24.2;24;6.1;
g_1_WrcAiVZR;Valencia;0;2019-02-10;VALENCIA AEROPUERTO;VALENCIA;19.0;4.9;4.6;1015.3;1010.4;0.0;16.9;27;6.9;14.4;8.0;0.0;994.8;981.0;9.4;22.2;18;8.9;
g_1_dQ4cfXk9;Leganes;1;2019-02-10;MADRID, RETIRO;MADRID;11.2;4.1;NaN;946.0;943.0;0.0;10.8;24;2.5;18.8;6.0;5.8;1024.8;1020.9;0.0;6.7;23;2.2;
g_1_vVX0kNnp;Alaves;0;2019-02-11;VITORIA GASTEIZ AEROPUERTO;ARABA/ALAVA;8.3;2.3;1.1;973.4;966.1;0.5;8.3;99;3.9;18.6;4.5;8.8;1023.5;1014.3;0.0;8.9;12;3.6;
g_1_8QawoTCe;Eibar;1;2019-02-15;BILBAO AEROPUERTO;BIZKAIA;21.5;7.5;9.6;1022.7;1020.3;0.0;10.3;16;3.6;14.6;3.4;NaN;950.4;947.0;0.0;4.4;10;0.8;
g_1_lOqxmkrq;Barcelona;0;2019-02-16;BARCELONA AEROPUERTO;BARCELONA;16.6;3.6;9.7;1030.8;1028.1;0.0;11.4;02;3.1;16.8;0.7;9.7;940.7;936.4;0.0;4.4;35;0.8;
g_1_4Cqt5l4R;Real Sociedad;0;2019-02-16;DONOSTIA/SAN SEBASTIÁN, IGUELDO;GIPUZKOA;18.8;10.5;9.8;995.6;990.3;0.0;20.0;20;9.7;16.2;5.9;NaN;949.2;946.0;0.0;8.1;12;2.8;
g_1_ENjT7jK8;Rayo Vallecano;0;2019-02-16;MADRID, RETIRO;MADRID;16.2;5.9;NaN;949.2;946.0;0.0;8.1;12;2.8;16.2;5.9;NaN;949.2;946.0;0.0;8.1;12;2.8;
g_1_SErtn9ck;Celta Vigo;0;2019-02-16;VIGO AEROPUERTO;PONTEVEDRA;20.4;7.3;9.9;994.7;989.4;0.0;6.1;24;1.7;17.2;3.6;10.4;1023.9;1020.6;0.0;6.7;99;2.5;
g_1_nHbspmS1;Betis;0;2019-02-17;SEVILLA AEROPUERTO;SEVILLA;21.2;4.8;9.9;1019.5;1014.8;0.0;7.8;23;2.8;18.2;-1.9;10.0;964.1;958.7;0.0;7.8;14;1.4;
g_1_6LV708Cr;Villarreal;0;2019-02-17;CASTELLÓN - ALMASSORA;CASTELLON;16.2;3.4;9.3;1023.0;1019.0;0.0;5.6;28;1.7;21.2;4.8;9.9;1019.5;1014.8;0.0;7.8;23;2.8;
g_1_dntY6AZE;Valencia;0;2019-02-17;VALENCIA AEROPUERTO;VALENCIA;16.2;0.7;6.5;1021.1;1016.6;0.0;7.8;34;2.8;15.3;3.8;8.0;1028.3;1024.4;0.0;8.9;05;3.6;
g_1_zwux6UlL;Real Madrid;0;2019-02-17;MADRID, RETIRO;MADRID;15.0;4.0;NaN;948.3;940.4;0.0;6.7;05;1.7;15.9;-1.2;8.6;1012.2;1008.3;0.0;10.8;19;4.4;
g_1_0KnP8W42;Huesca;0;2019-02-18;HUESCA, AEROPUERTO;HUESCA;13.8;1.5;9.4;957.4;954.1;0.0;8.6;12;3.6;17.3;8.3;4.8;1018.1;1012.5;1.1;10.8;32;1.9;
g_1_KrxOdQB7;Espanyol;0;2019-02-22;BARCELONA AEROPUERTO;BARCELONA;19.0;7.1;9.6;1030.3;1025.0;0.0;9.2;99;5.3;19.1;5.1;9.7;966.1;962.0;0.0;6.7;24;1.7;
g_1_nVwGbnse;Ath Bilbao;1;2019-02-23;BILBAO AEROPUERTO;BIZKAIA;20.8;4.1;8.7;1028.1;1023.1;0.0;8.9;99;2.8;20.8;4.1;8.7;1028.1;1023.1;0.0;8.9;99;2.8;
g_1_lpLCaSRl;Alaves;0;2019-02-23;VITORIA GASTEIZ AEROPUERTO;ARABA/ALAVA;20.1;-4.3;9.6;971.9;968.8;0.0;10.8;99;0.8;20.5;11.3;6.5;1000.1;997.5;0.0;7.2;20;3.1;
g_1_lb0oERtr;Sevilla;0;2019-02-23;SEVILLA AEROPUERTO;SEVILLA;23.4;6.3;9.3;1027.2;1022.5;0.0;6.7;08;2.2;19.3;8.8;9.5;1030.0;1024.7;0.0;10.3;99;5.0;
g_1_d0L6L9l8;Getafe;1;2019-02-23;MADRID, RETIRO;MADRID;18.1;3.7;NaN;952.3;948.7;0.0;5.6;04;0.6;18.1;3.7;NaN;952.3;948.7;0.0;5.6;04;0.6;
g_1_rHNII7YQ;Levante;0;2019-02-24;VALENCIA AEROPUERTO;VALENCIA;16.9;4.1;4.7;1026.9;1021.8;0.0;8.3;11;3.3;18.7;8.1;NaN;954.1;949.9;0.0;6.1;04;0.8;
g_1_SlakDodl;Valladolid;0;2019-02-24;VALLADOLID;VALLADOLID;19.1;2.7;10.0;945.9;943.3;0.0;3.9;33;0.6;23.7;5.9;10.5;1026.3;1022.1;0.0;7.8;99;1.7;
g_1_thwKc6d1;Atl. Madrid;0;2019-02-24;MADRID, RETIRO;MADRID;18.7;8.1;NaN;954.1;949.9;0.0;6.1;04;0.8;16.7;7.6;7.9;1028.8;1023.9;0.0;6.7;08;1.9;
g_1_UDJEJmJK;Leganes;1;2019-02-24;MADRID, RETIRO;MADRID;18.7;8.1;NaN;954.1;949.9;0.0;6.1;04;0.8;16.9;4.1;4.7;1026.9;1021.8;0.0;8.3;11;3.3;
g_1_ziKAKT3E;Girona;1;2019-02-25;GIRONA AEROPUERTO;GIRONA;19.5;1.0;10.1;1018.0;1014.2;0.0;7.8;19;2.2;16.1;9.4;9.7;999.8;998.2;0.0;6.4;15;1.7;
g_1_2PbYCx25;Rayo Vallecano;0;2019-03-01;MADRID, RETIRO;MADRID;19.5;6.8;NaN;946.8;944.1;0.0;7.2;06;1.7;18.3;2.0;10.2;1008.6;1004.0;0.0;7.8;99;1.9;
g_1_OzulYnYD;Real Madrid;0;2019-03-02;MADRID, RETIRO;MADRID;19.7;8.0;NaN;948.5;946.0;0.0;5.8;16;1.9;17.3;10.0;8.6;1023.4;1020.4;0.0;9.2;23;2.8;
g_1_dUn2Aqt7;Huesca;0;2019-03-02;HUESCA, AEROPUERTO;HUESCA;19.0;4.9;10.1;958.5;955.8;0.0;11.9;28;2.5;22.4;7.4;8.2;1023.9;1020.4;0.0;6.1;99;0.8;
g_1_002HGK2t;Villarreal;0;2019-03-02;CASTELLÓN - ALMASSORA;CASTELLON;23.0;9.6;10.8;1018.6;1015.6;0.0;7.5;21;2.2;18.3;1.9;10.3;966.5;963.3;0.0;9.7;99;3.1;
g_1_E5ccBPQ0;Espanyol;0;2019-03-02;BARCELONA AEROPUERTO;BARCELONA;17.3;10.0;8.6;1023.4;1020.4;0.0;9.2;23;2.8;19.2;3.3;10.5;942.2;938.8;0.0;5.8;27;1.4;
g_1_IycMFvIn;Valencia;0;2019-03-03;VALENCIA AEROPUERTO;VALENCIA;28.7;6.0;11.1;1016.8;1010.4;0.0;10.8;22;3.9;25.0;7.2;3.1;1017.6;1005.7;0.3;23.3;25;2.8;
g_1_dSeQEbXh;Real Sociedad;0;2019-03-03;DONOSTIA/SAN SEBASTIÁN, IGUELDO;GIPUZKOA;23.3;11.0;3.6;992.9;981.3;0.2;19.4;22;7.8;20.2;6.1;NaN;946.5;941.6;0.0;10.3;24;1.9;
g_1_zFbgC5Bf;Betis;0;2019-03-03;SEVILLA AEROPUERTO;SEVILLA;25.1;6.9;10.5;1022.3;1017.6;0.0;7.2;99;1.9;20.2;6.1;NaN;946.5;941.6;0.0;10.3;24;1.9;
g_1_jkeUDIna;Eibar;1;2019-03-03;BILBAO AEROPUERTO;BIZKAIA;25.0;7.2;3.1;1017.6;1005.7;0.3;23.3;25;2.8;14.7;10.3;0.2;993.7;985.2;13.0;18.6;25;8.3;
g_1_AXj693eD;Leganes;1;2019-03-04;MADRID, RETIRO;MADRID;15.5;8.5;NaN;942.4;940.5;0.0;11.1;26;3.6;23.7;14.4;1.8;1011.3;1007.2;0.0;15.0;26;6.4;
g_1_OvmsBGWH;Ath Bilbao;1;2019-03-08;BILBAO AEROPUERTO;BIZKAIA;14.0;8.8;2.6;1023.4;1011.6;1.6;10.8;31;1.7;18.8;6.8;10.8;1027.7;1016.5;0.0;7.2;99;3.9;
g_1_dSHeUwXu;Getafe;1;2019-03-09;MADRID, RETIRO;MADRID;18.0;5.0;NaN;954.8;950.7;0.0;4.7;13;0.6;19.6;4.1;9.0;965.2;961.8;0.0;7.8;28;1.4;
g_1_W4jk9f1U;Barcelona;0;2019-03-09;BARCELONA AEROPUERTO;BARCELONA;18.0;7.0;10.2;1030.1;1027.2;0.0;9.7;23;5.3;18.0;5.0;NaN;954.8;950.7;0.0;4.7;13;0.6;
g_1_hEioAznO;Atl. Madrid;0;2019-03-09;MADRID, RETIRO;MADRID;18.0;5.0;NaN;954.8;950.7;0.0;4.7;13;0.6;18.0;5.0;NaN;954.8;950.7;0.0;4.7;13;0.6;
g_1_pllwCdHB;Alaves;0;2019-03-09;VITORIA GASTEIZ AEROPUERTO;ARABA/ALAVA;19.0;1.1;8.3;971.7;967.9;0.0;6.1;03;2.5;20.5;8.0;4.6;1027.1;1023.1;0.0;6.7;99;2.5;
g_1_A5j4QeW4;Valladolid;0;2019-03-10;VALLADOLID;VALLADOLID;18.1;5.0;7.6;946.0;943.1;0.0;5.6;20;1.9;22.6;7.3;NaN;953.1;948.7;0.0;7.8;29;1.7;
g_1_4hL3SH1h;Levante;0;2019-03-10;VALENCIA AEROPUERTO;VALENCIA;26.0;7.2;11.3;1022.4;1016.9;0.0;7.8;18;3.1;24.1;10.9;11.2;1024.3;1019.7;0.0;6.1;30;2.2;
g_1_ldk8PFoB;Sevilla;0;2019-03-10;SEVILLA AEROPUERTO;SEVILLA;26.7;7.5;11.4;1027.4;1022.6;0.0;5.8;07;1.7;14.7;9.2;0.2;1001.3;996.9;2.1;11.4;27;4.2;
g_1_AVLaTcnn;Girona;1;2019-03-10;GIRONA AEROPUERTO;GIRONA;21.0;3.7;10.5;1012.2;1009.3;1.2;8.3;12;3.6;26.0;7.2;11.3;1022.4;1016.9;0.0;7.8;18;3.1;
g_1_rqK7RyHb;Celta Vigo;0;2019-03-10;VIGO AEROPUERTO;PONTEVEDRA;14.1;9.8;0.6;1003.2;1001.4;0.0;7.2;26;2.2;26.7;7.5;11.4;1027.4;1022.6;0.0;5.8;07;1.7;
g_1_dMEowZFA;Real Sociedad;0;2019-03-15;DONOSTIA/SAN SEBASTIÁN, IGUELDO;GIPUZKOA;12.8;6.7;3.1;999.8;995.9;0.0;8.3;26;3.3;24.5;5.1;11.5;1018.3;1014.9;0.0;8.9;99;3.6;
g_1_2aFsvF04;Leganes;1;2019-03-16;MADRID, RETIRO;MADRID;23.9;8.4;NaN;947.2;940.1;0.0;7.8;25;1.9;21.6;1.9;11.0;1008.8;998.7;0.0;6.7;99;2.2;
g_1_rJlCOZ0H;Ath Bilbao;1;2019-03-16;BILBAO AEROPUERTO;BIZKAIA;26.3;4.4;10.8;1022.2;1009.9;0.0;10.3;34;2.8;23.9;8.4;NaN;947.2;940.1;0.0;7.8;25;1.9;
g_1_80MYuyWi;Real Madrid;0;2019-03-16;MADRID, RETIRO;MADRID;23.9;8.4;NaN;947.2;940.1;0.0;7.8;25;1.9;14.6;6.9;9.6;992.9;989.5;3.7;10.8;27;4.4;
g_1_tfUnIXwo;Huesca;0;2019-03-16;HUESCA, AEROPUERTO;HUESCA;23.2;3.2;11.0;958.7;951.2;0.0;5.0;99;1.9;24.1;-0.8;8.2;966.5;956.1;NA;12.5;25;1.9;
g_1_U9NUtHGo;Betis;0;2019-03-17;SEVILLA AEROPUERTO;SEVILLA;25.7;9.9;9.3;1018.7;1013.8;0.0;11.7;30;3.1;16.8;9.4;8.1;1018.4;1012.7;0.0;14.4;08;3.9;
g_1_jPBwueob;Valencia;0;2019-03-17;VALENCIA AEROPUERTO;VALENCIA;29.6;7.0;11.4;1012.9;1003.4;0.0;15.0;30;5.6;19.7;7.8;NaN;943.0;939.5;0.0;12.5;99;2.5;
g_1_zDDkxgVG;Villarreal;0;2019-03-17;CASTELLÓN - ALMASSORA;CASTELLON;23.9;7.5;11.3;1015.0;1007.2;0.0;9.4;06;2.5;19.7;7.8;NaN;943.0;939.5;0.0;12.5;99;2.5;
g_1_vorLMDVT;Espanyol;0;2019-03-17;BARCELONA AEROPUERTO;BARCELONA;16.8;9.4;8.1;1018.4;1012.7;0.0;14.4;08;3.9;25.7;9.9;9.3;1018.7;1013.8;0.0;11.7;30;3.1;
g_1_dMhGNgGN;Eibar;1;2019-03-17;BILBAO AEROPUERTO;BIZKAIA;12.6;6.5;1.0;1023.3;1012.0;4.2;15.0;33;3.1;16.4;4.1;8.4;938.8;932.1;0.0;8.9;06;3.9;
g_1_rJzHhEFc;Girona;1;2019-03-29;GIRONA AEROPUERTO;GIRONA;NaN;NaN;0.3;1012.9;1010.0;0.0;NaN;NaN;2.8;23.0;3.4;10.8;1023.6;1014.5;0.0;8.3;99;3.3;
g_1_hl8fyDpN;Alaves;0;2019-03-30;VITORIA GASTEIZ AEROPUERTO;ARABA/ALAVA;19.7;2.3;12.0;962.1;957.2;0.0;7.8;08;2.2;18.2;6.5;NaN;944.8;938.9;0.0;6.1;14;1.4;
g_1_lKgQVj8p;Celta Vigo;0;2019-03-30;VIGO AEROPUERTO;PONTEVEDRA;20.5;8.3;11.4;988.9;985.3;0.0;9.7;26;2.8;17.1;7.2;10.9;1020.7;1014.4;0.2;8.1;10;2.8;
g_1_Wv7bzXaT;Barcelona;0;2019-03-30;BARCELONA AEROPUERTO;BARCELONA;16.6;6.7;10.3;1026.1;1019.9;0.0;8.3;99;5.0;16.6;6.7;10.3;1026.1;1019.9;0.0;8.3;99;5.0;
g_1_2NcUUANj;Getafe;1;2019-03-30;MADRID, RETIRO;MADRID;18.2;6.5;NaN;944.8;938.9;0.0;6.1;14;1.4;18.2;6.5;NaN;944.8;938.9;0.0;6.1;14;1.4;
g_1_CbOTkCaG;Real Madrid;0;2019-03-31;MADRID, RETIRO;MADRID;12.0;9.2;NaN;939.3;935.6;1.6;5.6;12;1.4;13.0;3.7;3.8;954.9;950.5;1.0;5.8;13;1.4;
g_1_Q1SXlWEM;Valladolid;0;2019-03-31;VALLADOLID;VALLADOLID;18.7;6.0;7.4;931.0;926.1;0.0;10.3;08;2.8;17.8;11.0;10.3;987.1;984.2;5.8;10.3;17;2.2;
g_1_4SyDgf0i;Sevilla;0;2019-03-31;SEVILLA AEROPUERTO;SEVILLA;22.7;11.5;7.6;1010.7;1005.8;0.0;9.7;34;1.9;12.5;10.0;0.0;1012.2;1005.6;20.1;12.8;05;4.4;
g_1_jqzLiYU3;Rayo Vallecano;0;2019-03-31;MADRID, RETIRO;MADRID;12.0;9.2;NaN;939.3;935.6;1.6;5.6;12;1.4;22.7;11.5;7.6;1010.7;1005.8;0.0;9.7;34;1.9;
g_1_UZYOjhpA;Levante;0;2019-03-31;VALENCIA AEROPUERTO;VALENCIA;12.5;10.0;0.0;1012.2;1005.6;20.1;12.8;05;4.4;22.7;6.1;9.6;1013.7;1008.2;0.0;11.7;99;3.1;
g_1_CC324BE9;Villarreal;0;2019-04-02;CASTELLÓN - ALMASSORA;CASTELLON;19.1;8.3;7.6;1011.0;1005.8;0.0;5.3;10;1.7;17.9;10.9;7.1;1015.3;1011.2;0.0;12.5;24;5.3;
g_1_Ia7Csl7d;Espanyol;0;2019-04-02;BARCELONA AEROPUERTO;BARCELONA;17.9;10.9;7.1;1015.3;1011.2;0.0;12.5;24;5.3;18.0;7.4;NaN;938.0;933.8;2.0;9.7;26;0.8;
g_1_MXD3qAxp;Atl. Madrid;0;2019-04-02;MADRID, RETIRO;MADRID;18.0;7.4;NaN;938.0;933.8;2.0;9.7;26;0.8;20.1;4.6;4.8;NaN;NaN;15.9;NaN;NaN;NaN;
g_1_d2UwoNDl;Valencia;0;2019-04-03;VALENCIA AEROPUERTO;VALENCIA;23.6;7.9;9.1;1004.5;992.1;0.3;14.4;06;6.4;15.1;6.5;NaN;933.9;927.4;0.0;11.9;34;3.1;
g_1_v988rUij;Eibar;1;2019-04-03;BILBAO AEROPUERTO;BIZKAIA;9.8;3.4;1.7;1009.6;1001.8;12.8;17.5;32;3.6;15.1;6.5;NaN;933.9;927.4;0.0;11.9;34;3.1;
g_1_IBVZo3br;Huesca;0;2019-04-03;HUESCA, AEROPUERTO;HUESCA;11.8;0.9;2.2;946.3;938.3;0.0;10.6;33;2.2;12.3;4.0;7.8;986.6;980.3;0.3;14.4;36;4.4;
g_1_KORyljUS;Ath Bilbao;1;2019-04-03;BILBAO AEROPUERTO;BIZKAIA;9.8;3.4;1.7;1009.6;1001.8;12.8;17.5;32;3.6;23.6;7.9;9.1;1004.5;992.1;0.3;14.4;06;6.4;
g_1_j3263VTF;Real Sociedad;0;2019-04-04;DONOSTIA/SAN SEBASTIÁN, IGUELDO;GIPUZKOA;13.5;2.3;7.7;974.7;968.1;0.0;13.6;26;3.3;20.3;7.1;12.4;1003.3;999.9;8.0;13.9;22;4.2;
g_1_W2ef6Xqc;Leganes;1;2019-04-04;MADRID, RETIRO;MADRID;14.0;2.5;NaN;928.7;923.4;1.3;11.1;26;1.7;12.5;-1.0;8.6;922.3;914.7;3.8;9.7;99;3.1;
g_1_UmEc5ia3;Sevilla;0;2019-04-04;SEVILLA AEROPUERTO;SEVILLA;20.3;7.1;12.4;1003.3;999.9;8.0;13.9;22;4.2;13.4;-0.1;7.3;946.3;940.0;0.0;15.3;21;4.4;
g_1_4QQZ4r5K;Barcelona;0;2019-04-06;BARCELONA AEROPUERTO;BARCELONA;18.7;8.5;9.6;1003.0;997.5;0.7;13.9;24;6.4;12.1;2.9;NaN;929.6;923.6;3.5;14.7;24;3.6;
g_1_QsMfsuDD;Rayo Vallecano;0;2019-04-06;MADRID, RETIRO;MADRID;12.1;2.9;NaN;929.6;923.6;3.5;14.7;24;3.6;16.4;7.7;7.1;999.1;993.9;0.9;17.5;26;5.6;
g_1_bmQw42KQ;Real Madrid;0;2019-04-06;MADRID, RETIRO;MADRID;12.1;2.9;NaN;929.6;923.6;3.5;14.7;24;3.6;17.7;5.8;6.8;999.7;992.5;6.1;12.5;20;2.5;
g_1_z9H5aMSs;Girona;1;2019-04-06;GIRONA AEROPUERTO;GIRONA;17.4;5.2;10.2;987.5;981.1;0.0;12.5;99;4.2;18.7;8.5;9.6;1003.0;997.5;0.7;13.9;24;6.4;
g_1_hUNnq1r1;Betis;0;2019-04-07;SEVILLA AEROPUERTO;SEVILLA;16.4;8.9;1.9;1013.7;1009.8;5.7;9.7;22;2.8;19.9;11.3;10.3;1008.5;998.5;NA;12.8;28;3.9;
g_1_niNjrLc7;Celta Vigo;0;2019-04-07;VIGO AEROPUERTO;PONTEVEDRA;12.1;5.1;0.0;979.5;976.6;32.6;12.5;99;5.3;12.5;6.2;3.6;980.5;972.8;8.3;10.6;25;3.6;
g_1_IX6Abtrl;Levante;0;2019-04-07;VALENCIA AEROPUERTO;VALENCIA;20.0;7.5;9.6;1007.1;998.0;0.0;14.4;99;5.6;15.2;3.9;11.7;947.9;939.0;NA;10.0;28;2.5;
g_1_dO5Ec0cf;Valladolid;0;2019-04-07;VALLADOLID;VALLADOLID;12.5;2.1;4.4;927.4;921.0;5.6;10.0;26;2.8;16.4;8.9;1.9;1013.7;1009.8;5.7;9.7;22;2.8;
g_1_QZRV5OkE;Getafe;1;2019-04-07;MADRID, RETIRO;MADRID;13.8;3.7;NaN;936.8;928.0;4.3;9.2;27;2.5;16.9;7.1;3.7;1006.6;999.7;0.1;11.4;23;2.5;
g_1_vRJrpsTf;Alaves;0;2019-04-07;VITORIA GASTEIZ AEROPUERTO;ARABA/ALAVA;14.4;3.4;3.0;952.1;944.5;0.2;12.8;99;3.6;13.8;3.7;NaN;936.8;928.0;4.3;9.2;27;2.5;
g_1_WzXqDucs;Sevilla;0;2019-04-13;SEVILLA AEROPUERTO;SEVILLA;25.1;8.0;12.5;1017.1;1014.0;0.0;8.9;25;2.5;25.1;8.0;12.5;1017.1;1014.0;0.0;8.9;25;2.5;
g_1_4l9MevS6;Atl. Madrid;0;2019-04-13;MADRID, RETIRO;MADRID;22.0;6.0;NaN;942.6;939.3;0.0;5.8;24;0.8;14.7;9.7;0.4;NaN;NaN;1.0;8.3;99;3.6;
g_1_jskHHLlQ;Huesca;0;2019-04-13;HUESCA, AEROPUERTO;HUESCA;21.1;3.2;12.2;953.9;950.4;0.0;8.6;24;1.9;19.5;10.0;11.7;1017.1;1015.0;0.0;8.9;36;4.4;
g_1_CjjDI1ZJ;Espanyol;0;2019-04-13;BARCELONA AEROPUERTO;BARCELONA;19.5;10.0;11.7;1017.1;1015.0;0.0;8.9;36;4.4;21.6;-4.8;12.6;961.2;956.6;0.0;8.3;99;3.1;
g_1_IiZeAws0;Valencia;0;2019-04-14;VALENCIA AEROPUERTO;VALENCIA;30.5;7.6;12.4;1009.5;1003.5;0.0;11.4;18;3.3;30.5;7.6;12.4;1009.5;1003.5;0.0;11.4;18;3.3;
g_1_nDbRfbsD;Girona;1;2019-04-14;GIRONA AEROPUERTO;GIRONA;18.6;4.2;9.8;1002.2;997.8;0.0;8.3;21;2.2;28.8;12.2;11.6;1011.1;1007.1;0.0;7.2;17;3.1;
g_1_ARVmCaCm;Real Sociedad;0;2019-04-14;DONOSTIA/SAN SEBASTIÁN, IGUELDO;GIPUZKOA;16.3;10.2;2.5;987.0;985.2;NA;5.8;35;1.7;20.6;10.2;2.2;1013.0;1010.1;0.0;6.1;31;2.5;
g_1_QcAIdKC0;Ath Bilbao;1;2019-04-14;BILBAO AEROPUERTO;BIZKAIA;20.6;10.2;2.2;1013.0;1010.1;0.0;6.1;31;2.5;24.0;10.0;NaN;940.6;936.7;0.0;11.1;22;1.4;
g_1_4lViBJRg;Valladolid;0;2019-04-14;VALLADOLID;VALLADOLID;22.2;10.8;6.3;933.6;930.4;0.0;6.4;24;1.7;24.0;10.0;NaN;940.6;936.7;0.0;11.1;22;1.4;
g_1_bm2VgIdJ;Leganes;1;2019-04-15;MADRID, RETIRO;MADRID;24.6;11.5;NaN;939.2;933.4;0.0;13.3;25;3.3;24.6;11.5;NaN;939.2;933.4;0.0;13.3;25;3.3;
g_1_0GO09cd6;Alaves;0;2019-04-19;VITORIA GASTEIZ AEROPUERTO;ARABA/ALAVA;19.5;7.1;4.7;964.4;957.0;0.0;12.8;13;3.9;14.9;8.0;2.5;936.6;927.9;NA;10.6;08;3.1;
g_1_v7N48HBC;Barcelona;0;2019-04-20;BARCELONA AEROPUERTO;BARCELONA;18.9;13.5;0.0;1021.5;1016.1;0.1;17.5;07;10.3;16.0;11.0;9.0;992.8;989.2;0.0;7.8;30;3.6;
g_1_rHoX75xa;Rayo Vallecano;0;2019-04-20;MADRID, RETIRO;MADRID;19.5;9.4;NaN;941.8;938.2;0.3;15.0;04;3.9;21.2;7.9;6.7;958.1;953.8;4.0;10.6;14;2.8;
g_1_nkhO9R7n;Eibar;1;2019-04-20;BILBAO AEROPUERTO;BIZKAIA;18.0;8.3;11.5;1019.8;1015.3;0.0;8.9;31;3.9;19.5;9.4;NaN;941.8;938.2;0.3;15.0;04;3.9;
g_1_CYzC6etP;Celta Vigo;0;2019-04-20;VIGO AEROPUERTO;PONTEVEDRA;26.9;10.8;10.9;990.5;985.0;0.0;13.9;99;3.9;18.9;10.3;1.8;1008.6;1002.0;2.7;12.5;99;5.0;
g_1_Ysx87yRI;Betis;0;2019-04-21;SEVILLA AEROPUERTO;SEVILLA;21.4;13.2;7.7;1008.8;1002.8;0.0;9.7;08;2.8;15.8;11.9;0.0;1008.0;998.1;2.0;18.1;36;8.6;
g_1_M7py7Pi5;Villarreal;0;2019-04-21;CASTELLÓN - ALMASSORA;CASTELLON;16.7;13.1;0.0;1010.7;1000.1;1.2;14.7;03;6.1;13.2;8.5;NaN;941.0;932.0;0.0;13.3;04;3.6;
g_1_hShKA7ht;Real Madrid;0;2019-04-21;MADRID, RETIRO;MADRID;13.2;8.5;NaN;941.0;932.0;0.0;13.3;04;3.6;16.8;7.4;1.1;1015.6;1005.7;0.0;8.9;31;3.6;
g_1_G61hFmpP;Getafe;1;2019-04-21;MADRID, RETIRO;MADRID;13.2;8.5;NaN;941.0;932.0;0.0;13.3;04;3.6;21.4;13.2;7.7;1008.8;1002.8;0.0;9.7;08;2.8;
g_1_QuiS8oNh;Levante;0;2019-04-21;VALENCIA AEROPUERTO;VALENCIA;15.8;11.9;0.0;1008.0;998.1;2.0;18.1;36;8.6;19.9;13.2;1.4;1016.1;1005.5;0.2;18.9;08;10.6;
g_1_GUqu6q7B;Alaves;0;2019-04-23;VITORIA GASTEIZ AEROPUERTO;ARABA/ALAVA;15.2;7.1;1.0;941.2;936.0;3.1;11.4;22;3.9;18.9;14.3;5.5;1001.9;996.1;0.1;9.7;24;3.9;
g_1_UX9EKrM4;Valladolid;0;2019-04-23;VALLADOLID;VALLADOLID;14.2;4.5;6.1;917.8;911.5;5.0;13.6;26;3.1;21.1;12.2;6.0;985.9;981.0;NA;13.9;19;5.6;
g_1_zBAALO6b;Huesca;0;2019-04-23;HUESCA, AEROPUERTO;HUESCA;17.8;6.4;3.3;937.8;932.7;15.2;10.0;19;3.1;18.3;9.1;0.0;995.9;988.5;7.1;15.3;32;2.8;
g_1_vqH1Npxn;Levante;0;2019-04-24;VALENCIA AEROPUERTO;VALENCIA;23.2;9.3;8.9;1002.9;997.4;0.0;14.4;25;4.4;17.3;8.8;2.1;1008.8;1004.9;15.4;18.9;22;9.2;
g_1_M766M4ih;Espanyol;0;2019-04-24;BARCELONA AEROPUERTO;BARCELONA;18.1;13.0;10.6;1011.5;1001.2;0.0;15.3;24;5.6;12.8;6.0;0.3;972.3;962.9;14.0;17.5;26;5.8;
g_1_0hIcOQMu;Leganes;1;2019-04-24;MADRID, RETIRO;MADRID;11.4;5.4;NaN;929.8;926.7;28.5;14.4;24;3.1;17.3;7.5;1.2;996.9;991.0;2.3;17.5;19;6.4;
g_1_S4mq53MH;Atl. Madrid;0;2019-04-24;MADRID, RETIRO;MADRID;11.4;5.4;NaN;929.8;926.7;28.5;14.4;24;3.1;23.2;9.3;8.9;1002.9;997.4;0.0;14.4;25;4.4;
g_1_ATxl4NyO;Getafe;1;2019-04-25;MADRID, RETIRO;MADRID;13.7;6.4;NaN;941.1;928.6;0.0;16.7;25;5.6;13.7;6.4;NaN;941.1;928.6;0.0;16.7;25;5.6;
g_1_lKyh3siU;Real Sociedad;0;2019-04-25;DONOSTIA/SAN SEBASTIÁN, IGUELDO;GIPUZKOA;18.9;9.4;10.5;983.3;970.7;4.8;17.5;17;7.8;22.7;13.6;3.5;1012.4;1002.3;0.0;15.8;26;4.2;
g_1_8O8IJ2yB;Sevilla;0;2019-04-25;SEVILLA AEROPUERTO;SEVILLA;20.8;10.2;8.5;1019.7;1008.1;0.0;11.7;99;6.4;13.7;6.4;NaN;941.1;928.6;0.0;16.7;25;5.6;
g_1_Qamq1fLq;Barcelona;0;2019-04-27;BARCELONA AEROPUERTO;BARCELONA;19.5;10.3;12.2;1025.1;1022.9;0.0;8.3;99;4.7;22.4;10.0;13.3;1019.2;1015.8;0.0;9.2;99;3.3;
g_1_reYsMec9;Leganes;1;2019-04-27;MADRID, RETIRO;MADRID;21.5;6.3;NaN;949.5;945.6;0.0;7.2;05;0.6;18.4;8.7;9.9;999.0;995.0;0.0;8.3;27;3.1;
g_1_lzQFIMjH;Atl. Madrid;0;2019-04-27;MADRID, RETIRO;MADRID;21.5;6.3;NaN;949.5;945.6;0.0;7.2;05;0.6;19.8;4.1;12.1;942.4;939.9;0.0;4.4;32;1.9;
g_1_ELTwNyr3;Ath Bilbao;1;2019-04-27;BILBAO AEROPUERTO;BIZKAIA;15.1;8.4;0.0;1026.1;1023.0;0.0;9.7;34;3.1;16.4;3.5;3.6;969.7;967.1;0.0;9.7;99;3.6;
g_1_zVUZNHSd;Rayo Vallecano;0;2019-04-28;MADRID, RETIRO;MADRID;24.0;11.0;NaN;946.9;940.8;0.0;8.3;05;1.7;24.0;11.0;NaN;946.9;940.8;0.0;8.3;05;1.7;
g_1_2eufJgsS;Villarreal;0;2019-04-28;CASTELLÓN - ALMASSORA;CASTELLON;21.4;12.0;13.3;1019.1;1014.8;0.0;7.2;12;2.2;21.2;5.2;12.7;959.2;953.3;0.0;8.1;26;2.2;
g_1_4AMjKZRL;Real Sociedad;0;2019-04-28;DONOSTIA/SAN SEBASTIÁN, IGUELDO;GIPUZKOA;13.5;7.5;9.0;998.4;993.6;0.0;6.4;34;2.5;24.0;11.0;NaN;946.9;940.8;0.0;8.3;05;1.7;
g_1_YPjiaYkd;Girona;1;2019-04-28;GIRONA AEROPUERTO;GIRONA;18.4;6.9;4.8;1008.6;1004.5;0.0;10.3;21;5.0;28.6;11.2;12.7;1018.2;1012.0;0.0;11.7;08;5.0;
g_1_MoXoLFCF;Valencia;0;2019-04-28;VALENCIA AEROPUERTO;VALENCIA;21.8;10.1;12.8;1016.9;1012.4;0.0;10.3;09;3.6;18.1;7.6;8.9;1025.5;1019.7;0.0;9.2;05;2.8;
g_1_KMnm0Ezj;Betis;0;2019-04-29;SEVILLA AEROPUERTO;SEVILLA;30.3;11.6;12.8;1014.5;1010.0;0.0;6.7;99;1.4;18.5;14.3;5.4;1021.2;1017.0;0.3;11.4;25;4.2;
g_1_hlnaSWJr;Sevilla;0;2019-05-03;SEVILLA AEROPUERTO;SEVILLA;28.1;14.1;13.0;1008.1;1004.3;0.0;13.3;22;4.2;21.6;10.1;NaN;937.5;933.4;0.0;12.2;03;2.5;
g_1_rF0TXhdL;Celta Vigo;0;2019-05-04;VIGO AEROPUERTO;PONTEVEDRA;23.5;7.8;NaN;985.3;983.1;0.0;9.2;01;3.3;20.3;9.2;12.5;1011.7;1008.6;0.0;13.3;99;5.6;
g_1_KzSLEDkq;Alaves;0;2019-05-04;VITORIA GASTEIZ AEROPUERTO;ARABA/ALAVA;16.2;4.6;3.6;961.4;956.5;0.3;10.3;01;3.9;15.3;6.6;6.6;991.5;975.1;1.5;16.4;34;5.8;
g_1_4O1PYYtF;Espanyol;0;2019-05-04;BARCELONA AEROPUERTO;BARCELONA;20.3;9.2;12.5;1011.7;1008.6;0.0;13.3;99;5.6;22.3;7.2;NaN;938.3;935.7;0.0;10.8;04;1.4;
g_1_fgKYBBZ1;Levante;0;2019-05-04;VALENCIA AEROPUERTO;VALENCIA;22.1;6.9;13.6;1006.6;1003.2;0.0;10.3;12;4.2;22.3;7.2;NaN;938.3;935.7;0.0;10.8;04;1.4;
g_1_G2LUCiKe;Huesca;0;2019-05-05;HUESCA, AEROPUERTO;HUESCA;19.7;3.4;12.7;952.5;948.9;0.0;11.9;27;3.1;20.5;10.5;13.5;1010.1;1005.5;0.0;11.4;11;4.4;
g_1_MaCKZER8;Valladolid;0;2019-05-05;VALLADOLID;VALLADOLID;17.9;5.3;11.4;934.7;932.7;0.0;9.2;12;1.4;14.8;3.5;11.4;1020.3;1017.6;0.0;12.5;04;3.1;
g_1_8d8GzeC2;Real Madrid;0;2019-05-05;MADRID, RETIRO;MADRID;22.7;8.7;NaN;940.0;937.5;0.0;9.7;10;1.9;21.6;11.4;13.5;1012.4;1007.6;0.0;8.3;10;2.8;
g_1_ju0XWCBR;Eibar;1;2019-05-05;BILBAO AEROPUERTO;BIZKAIA;14.8;3.5;11.4;1020.3;1017.6;0.0;12.5;04;3.1;23.0;14.9;7.3;1015.0;1011.4;0.0;9.7;23;4.4;
g_1_bRQPDX4k;Getafe;1;2019-05-05;MADRID, RETIRO;MADRID;22.7;8.7;NaN;940.0;937.5;0.0;9.7;10;1.9;20.2;5.6;13.2;1002.3;995.3;0.0;13.3;99;3.6;
g_1_zDy4RjZl;Ath Bilbao;1;2019-05-12;BILBAO AEROPUERTO;BIZKAIA;19.4;7.9;11.2;1026.9;1024.3;0.0;11.4;06;4.2;29.3;11.3;13.4;992.5;990.4;0.0;8.3;21;3.3;
g_1_lGu8QAle;Atl. Madrid;0;2019-05-12;MADRID, RETIRO;MADRID;26.9;10.0;NaN;948.5;943.5;0.0;11.7;06;1.7;34.4;18.0;13.7;1015.4;1012.0;0.0;10.3;10;5.0;
g_1_rwuCPU31;Barcelona;0;2019-05-12;BARCELONA AEROPUERTO;BARCELONA;21.7;12.8;12.9;1023.6;1019.8;0.0;9.7;99;4.2;26.9;10.0;NaN;948.5;943.5;0.0;11.7;06;1.7;
g_1_MTwGOlJ7;Betis;0;2019-05-12;SEVILLA AEROPUERTO;SEVILLA;34.4;18.0;13.7;1015.4;1012.0;0.0;10.3;10;5.0;25.9;4.6;13.0;960.3;954.6;0.0;9.4;26;2.2;
g_1_boNbmYe8;Girona;1;2019-05-12;GIRONA AEROPUERTO;GIRONA;24.5;7.0;12.6;1008.0;1002.8;0.0;15.3;04;4.4;23.6;12.5;13.2;1017.5;1012.0;0.0;9.2;12;3.3;
g_1_lG1wtjlr;Leganes;1;2019-05-12;MADRID, RETIRO;MADRID;26.9;10.0;NaN;948.5;943.5;0.0;11.7;06;1.7;21.7;12.8;12.9;1023.6;1019.8;0.0;9.7;99;4.2;
g_1_xxM2nhBE;Rayo Vallecano;0;2019-05-12;MADRID, RETIRO;MADRID;26.9;10.0;NaN;948.5;943.5;0.0;11.7;06;1.7;24.0;5.5;11.4;942.3;938.8;0.0;6.9;36;1.7;
g_1_S60suA3l;Real Sociedad;0;2019-05-12;DONOSTIA/SAN SEBASTIÁN, IGUELDO;GIPUZKOA;15.5;10.0;11.2;999.2;997.5;0.0;7.2;31;2.5;26.9;10.0;NaN;948.5;943.5;0.0;11.7;06;1.7;
g_1_WbL6oCQK;Valencia;0;2019-05-12;VALENCIA AEROPUERTO;VALENCIA;23.6;12.5;13.2;1017.5;1012.0;0.0;9.2;12;3.3;18.7;2.3;13.4;970.2;967.4;0.0;9.7;99;3.9;
g_1_rZOApWuR;Villarreal;0;2019-05-12;CASTELLÓN - ALMASSORA;CASTELLON;24.1;12.9;13.9;1019.5;1014.1;0.0;7.8;19;2.5;19.4;7.9;11.2;1026.9;1024.3;0.0;11.4;06;4.2;
g_1_dt5ovUIf;Alaves;0;2019-05-18;VITORIA GASTEIZ AEROPUERTO;ARABA/ALAVA;11.6;1.4;1.0;953.5;951.0;5.1;10.8;26;2.5;16.3;10.0;1.1;993.7;990.7;10.0;9.7;19;1.7;
g_1_zX3kwlY0;Celta Vigo;0;2019-05-18;VIGO AEROPUERTO;PONTEVEDRA;14.7;6.4;8.6;986.5;984.9;0.0;10.3;99;3.9;18.7;8.0;NaN;933.1;932.1;0.0;9.2;28;2.2;
g_1_p2ot0BuE;Huesca;0;2019-05-18;HUESCA, AEROPUERTO;HUESCA;17.0;5.5;12.3;946.0;943.2;0.0;12.5;28;3.1;18.7;8.0;NaN;933.1;932.1;0.0;9.2;28;2.2;
g_1_Iegfx8m7;Espanyol;0;2019-05-18;BARCELONA AEROPUERTO;BARCELONA;19.9;12.5;6.1;1009.5;1005.7;NA;13.3;99;5.6;11.1;8.3;0.0;980.7;979.5;84.8;16.4;26;6.1;
g_1_WbcbyS2D;Getafe;1;2019-05-18;MADRID, RETIRO;MADRID;18.7;8.0;NaN;933.1;932.1;0.0;9.2;28;2.2;21.4;11.9;7.1;1006.3;1002.8;0.8;6.4;99;2.2;
g_1_OhppaVfK;Sevilla;0;2019-05-18;SEVILLA AEROPUERTO;SEVILLA;25.8;11.4;13.5;1010.6;1007.9;0.0;15.3;27;5.6;12.5;8.1;0.0;1008.6;1006.0;15.5;10.8;28;2.8;
g_1_0l6Gimmf;Valladolid;0;2019-05-18;VALLADOLID;VALLADOLID;16.8;3.9;6.8;928.9;926.7;NA;10.8;26;3.6;20.3;11.9;2.0;1003.9;1000.9;4.9;8.3;99;3.1;
g_1_jFGtbkAQ;Levante;0;2019-05-18;VALENCIA AEROPUERTO;VALENCIA;20.3;11.9;2.0;1003.9;1000.9;4.9;8.3;99;3.1;18.7;8.0;NaN;933.1;932.1;0.0;9.2;28;2.2;
g_1_no2ChTXm;Real Madrid;0;2019-05-19;MADRID, RETIRO;MADRID;20.5;10.0;NaN;935.8;933.4;0.0;7.2;28;1.4;26.8;15.1;11.3;1011.1;1007.1;0.0;13.3;24;4.7;
