ID;aemet_equipo_loc;aemet_lej;aemet_fecha;aemet_lugar;aemet_provincia;aemet_aemet_tmax;aemet_tmin;aemet_sol;aemet_presMax;aemet_presMin;aemet_prec;aemet_racha;aemet_dir;aemet_velmedia;aemet_aemet_tmax_vis;aemet_tmin_vis;aemet_sol_vis;aemet_presMax_vis;aemet_presMin_vis;aemet_prec_vis;aemet_racha_vis;aemet_dir_vis;aemet_velmedia_vis;
g_1_GYL3uryn;Valencia;0;2017-08-18;VALENCIA AEROPUERTO;VALENCIA;32.5;21.9;12.0;1011.3;1005.9;0.0;9.7;04;3.9;32.5;24.4;NaN;1011.6;1008.9;0.0;16.9;01;9.4;
g_1_hKlsOt6B;Leganes;1;2017-08-18;MADRID, RETIRO;MADRID;36.6;23.6;NaN;942.4;938.1;0.0;8.1;05;1.9;24.9;15.3;2.7;964.4;960.2;0.0;10.8;04;4.2;
g_1_WAmoN0LH;Sevilla;0;2017-08-19;SEVILLA AEROPUERTO;SEVILLA;40.4;22.4;12.1;1011.4;1008.4;0.0;10.3;21;3.3;28.8;24.9;4.8;1019.9;1016.1;0.0;9.2;20;3.9;
g_1_2VeUQrMh;Girona;1;2017-08-19;GIRONA AEROPUERTO;GIRONA;30.1;20.0;5.4;1004.8;1001.2;0.0;8.3;20;2.5;35.3;21.6;NaN;942.5;940.0;0.0;10.6;99;1.1;
g_1_SxsfLvjU;Celta de Vigo;0;2017-08-19;VIGO AEROPUERTO;PONTEVEDRA;31.8;14.1;NaN;991.3;989.3;0.0;11.7;35;3.6;20.4;16.5;11.3;995.2;992.0;0.0;7.5;05;3.1;
g_1_OvcQRO6n;Deportivo de La Coruna;0;2017-08-20;A CORUÑA;A CORUÑA;24.4;16.6;13.1;1016.0;1009.7;0.0;7.5;35;2.2;35.7;22.0;NaN;944.7;940.8;0.0;8.3;04;0.8;
g_1_lnrjMKzO;Barcelona;0;2017-08-20;BARCELONA AEROPUERTO;BARCELONA;28.2;23.7;3.6;1021.4;1018.9;0.5;8.3;21;3.6;39.7;22.8;12.3;1012.6;1008.9;0.0;8.3;22;1.9;
g_1_bckwPMj5;Athletic Club;1;2017-08-20;BILBAO AEROPUERTO;BIZKAIA;26.1;12.7;12.2;1022.0;1018.4;0.0;8.9;04;2.8;35.7;22.0;NaN;944.7;940.8;0.0;8.3;04;0.8;
g_1_pfoZP2ya;Malaga;0;2017-08-21;MÁLAGA, CENTRO METEOROLÓGICO;MALAGA;30.9;24.3;NaN;1012.9;1010.3;0.0;7.2;18;2.5;34.3;13.0;12.6;1018.4;1007.6;0.0;8.6;28;2.5;
g_1_4bIatOLu;Levante;0;2017-08-21;VALENCIA AEROPUERTO;VALENCIA;30.5;21.8;11.2;1013.6;1010.3;0.0;9.7;11;3.6;31.6;23.2;12.5;1015.4;1012.7;0.0;8.1;14;2.8;
g_1_vBk3Hyl3;Real Betis;0;2017-08-25;SEVILLA AEROPUERTO;SEVILLA;37.0;21.7;10.0;1012.0;1008.5;0.0;8.3;99;2.2;25.5;14.3;NaN;987.6;984.9;0.0;9.7;99;3.1;
g_1_Q7oaIHYd;Real Sociedad;0;2017-08-25;DONOSTIA/SAN SEBASTIÁN, IGUELDO;GIPUZKOA;21.4;17.4;0.7;987.5;985.7;1.0;5.3;04;1.9;31.6;21.1;10.6;1012.8;1010.4;0.0;7.2;99;2.2;
g_1_bXNjeoX0;Las Palmas;0;2017-08-26;GRAN CANARIA AEROPUERTO;LAS PALMAS;28.8;22.6;NaN;1009.3;1007.0;0.0;16.4;02;8.6;30.8;21.1;NaN;940.7;939.0;0.8;6.7;10;0.8;
g_1_0n5mdRHf;Girona;1;2017-08-26;GIRONA AEROPUERTO;GIRONA;32.5;19.2;10.0;1002.0;999.9;NA;9.7;20;3.3;31.4;23.6;NaN;1010.0;1006.8;0.0;8.3;17;2.5;
g_1_O27GgYed;Levante;0;2017-08-26;VALENCIA AEROPUERTO;VALENCIA;31.1;22.2;9.1;1011.2;1007.4;0.0;10.8;99;2.8;23.5;17.8;6.9;1007.0;1003.9;0.1;7.5;35;3.1;
g_1_YXl7Ge39;Alaves;0;2017-08-26;VITORIA GASTEIZ AEROPUERTO;ARABA/ALAVA;34.4;18.0;9.2;957.6;955.1;0.0;11.7;25;2.8;29.9;23.6;4.0;1016.8;1014.5;0.0;7.8;99;3.6;
g_1_pC8CfEtj;Real Madrid;0;2017-08-27;MADRID, RETIRO;MADRID;28.0;20.8;NaN;941.5;938.2;0.3;11.1;25;1.9;30.0;22.4;2.7;1010.3;1007.4;0.0;7.8;08;1.4;
g_1_SY6ubmmr;Getafe;1;2017-08-27;MADRID, RETIRO;MADRID;28.0;20.8;NaN;941.5;938.2;0.3;11.1;25;1.9;32.6;23.0;6.8;1010.6;1007.4;0.3;9.7;21;3.3;
g_1_6P5qc72l;Eibar;1;2017-08-27;BILBAO AEROPUERTO;BIZKAIA;28.5;18.5;0.4;1013.4;1007.9;2.9;10.8;11;4.2;28.5;18.5;0.4;1013.4;1007.9;2.9;10.8;11;4.2;
g_1_COmBFFIF;Espanyol;0;2017-08-27;BARCELONA AEROPUERTO;BARCELONA;29.3;24.0;0.6;1016.5;1013.3;0.0;8.9;99;4.2;28.0;20.8;NaN;941.5;938.2;0.3;11.1;25;1.9;
g_1_6woIB6Hs;Leganes;1;2017-09-08;MADRID, RETIRO;MADRID;30.6;17.0;NaN;940.8;934.4;0.0;8.1;26;1.1;30.6;17.0;NaN;940.8;934.4;0.0;8.1;26;1.1;
g_1_UHgjGn9Q;Barcelona;0;2017-09-09;BARCELONA AEROPUERTO;BARCELONA;27.0;16.9;1.0;1008.8;1002.9;3.1;15.0;99;4.7;27.0;16.9;1.0;1008.8;1002.9;3.1;15.0;99;4.7;
g_1_00pMAQWm;Sevilla;0;2017-09-09;SEVILLA AEROPUERTO;SEVILLA;31.8;15.0;8.2;1009.7;1005.2;0.0;13.3;28;5.0;20.5;13.8;2.6;1009.1;1004.9;27.8;18.1;32;4.4;
g_1_bgaR7OG6;Valencia;0;2017-09-09;VALENCIA AEROPUERTO;VALENCIA;26.4;15.0;0.6;1001.4;996.5;6.4;12.5;26;3.9;23.5;16.1;NaN;934.6;932.3;0.0;13.1;34;3.3;
g_1_tdDef5n7;Real Madrid;0;2017-09-09;MADRID, RETIRO;MADRID;23.5;16.1;NaN;934.6;932.3;0.0;13.1;34;3.3;26.4;15.0;0.6;1001.4;996.5;6.4;12.5;26;3.9;
g_1_825sI8vE;Villarreal;0;2017-09-10;CASTELLÓN - ALMASSORA;CASTELLON;28.5;16.3;12.1;1007.1;1002.5;0.0;10.3;02;2.8;30.6;16.1;12.2;1012.4;1009.3;0.0;7.8;32;1.7;
g_1_ng4oHSgK;Celta de Vigo;0;2017-09-10;VIGO AEROPUERTO;PONTEVEDRA;20.4;10.8;NaN;990.1;987.5;2.3;NaN;NaN;2.5;20.3;11.0;4.2;957.5;954.0;1.4;11.4;30;2.5;
g_1_viqQ9pnf;Athletic Club;1;2017-09-10;BILBAO AEROPUERTO;BIZKAIA;21.5;13.7;1.9;1012.2;1008.5;8.6;13.3;99;3.1;24.7;10.5;11.2;994.7;989.9;0.0;8.9;20;1.7;
g_1_KnCagP1D;Deportivo de La Coruna;0;2017-09-10;A CORUÑA;A CORUÑA;20.2;15.3;3.2;1011.4;1008.8;2.3;10.0;24;3.3;18.6;13.2;3.5;985.3;981.1;6.7;19.2;01;7.5;
g_1_K20N8410;Malaga;0;2017-09-11;MÁLAGA, CENTRO METEOROLÓGICO;MALAGA;30.8;17.8;NaN;1009.2;1006.3;0.0;5.8;14;2.2;27.3;20.1;NaN;1011.4;1009.2;0.1;15.3;02;7.5;
g_1_0MLdN3Gg;Eibar;1;2017-09-15;BILBAO AEROPUERTO;BIZKAIA;17.1;10.3;2.3;1016.7;1013.1;20.0;8.9;99;1.1;22.8;14.0;NaN;938.3;936.3;0.0;11.9;04;3.1;
g_1_pAN8K10C;Atletico de Madrid;0;2017-09-16;MADRID, RETIRO;MADRID;21.2;10.7;NaN;940.4;937.5;0.0;7.8;28;1.7;31.2;18.9;NaN;1009.8;1004.8;0.0;7.5;30;1.4;
g_1_8OtIUoOJ;Real Betis;0;2017-09-16;SEVILLA AEROPUERTO;SEVILLA;27.9;13.5;11.9;1013.2;1008.5;0.0;10.3;99;4.2;19.4;12.0;8.2;1013.0;1011.1;NA;6.7;08;2.2;
g_1_IcWiOq1m;Getafe;1;2017-09-16;MADRID, RETIRO;MADRID;21.2;10.7;NaN;940.4;937.5;0.0;7.8;28;1.7;21.8;12.0;9.1;1016.3;1012.3;0.0;9.2;99;3.9;
g_1_hGbV6rWC;Levante;0;2017-09-16;VALENCIA AEROPUERTO;VALENCIA;23.3;13.0;7.0;1010.5;1005.8;NA;8.9;12;3.6;23.3;13.0;7.0;1010.5;1005.8;NA;8.9;12;3.6;
g_1_6J2Z52oJ;Real Sociedad;0;2017-09-17;DONOSTIA/SAN SEBASTIÁN, IGUELDO;GIPUZKOA;17.6;11.9;3.0;989.0;986.6;8.7;12.5;36;3.9;24.0;11.0;NaN;941.3;939.1;0.0;7.5;20;1.4;
g_1_6JO4Lso6;Las Palmas;0;2017-09-17;GRAN CANARIA AEROPUERTO;LAS PALMAS;26.0;21.5;NaN;1015.7;1011.3;0.0;15.3;02;8.6;20.7;10.0;2.5;1015.2;1012.7;5.2;10.8;33;3.3;
g_1_CdP0MNVa;Girona;1;2017-09-17;GIRONA AEROPUERTO;GIRONA;26.0;8.0;10.3;1003.2;999.4;0.0;11.4;24;4.2;29.9;13.2;11.9;1015.8;1012.9;0.0;11.4;99;3.1;
g_1_nFuMT5wQ;Alaves;0;2017-09-17;VITORIA GASTEIZ AEROPUERTO;ARABA/ALAVA;20.1;2.3;7.1;960.4;958.2;5.2;9.2;04;2.2;25.7;14.3;10.6;1014.1;1010.3;0.0;8.3;16;2.8;
g_1_v7XmPPos;Espanyol;0;2017-09-18;BARCELONA AEROPUERTO;BARCELONA;22.0;18.3;3.0;1019.4;1015.3;4.9;12.5;03;6.4;19.4;12.8;NaN;994.6;988.6;1.0;8.9;25;3.9;
g_1_hGpzyNpg;Barcelona;0;2017-09-19;BARCELONA AEROPUERTO;BARCELONA;23.5;16.2;10.1;1020.9;1018.1;0.0;8.3;35;3.6;20.8;10.6;7.9;1021.9;1020.0;0.0;7.2;34;1.7;
g_1_M9ijXvpI;Valencia;0;2017-09-19;VALENCIA AEROPUERTO;VALENCIA;28.0;14.8;11.6;1014.2;1011.2;0.0;10.8;11;3.9;29.9;20.0;NaN;1015.0;1012.4;0.0;8.6;12;2.8;
g_1_txHHIuVO;Real Madrid;0;2017-09-20;MADRID, RETIRO;MADRID;27.2;13.1;NaN;944.9;940.3;0.0;6.7;04;0.8;32.9;15.5;11.1;1015.9;1011.4;0.0;7.8;22;1.1;
g_1_QsbsZ0F5;Sevilla;0;2017-09-20;SEVILLA AEROPUERTO;SEVILLA;32.9;15.5;11.1;1015.9;1011.4;0.0;7.8;22;1.1;25.7;21.4;NaN;1015.8;1012.6;0.0;18.9;03;8.9;
g_1_fu5asP7P;Deportivo de La Coruna;0;2017-09-20;A CORUÑA;A CORUÑA;21.5;12.9;11.0;1015.6;1009.9;2.4;5.8;30;1.1;26.0;2.9;8.4;965.0;958.2;NA;5.0;99;1.4;
g_1_86mnYKUB;Athletic Club;1;2017-09-20;BILBAO AEROPUERTO;BIZKAIA;25.5;8.6;10.6;1020.2;1012.5;0.0;6.1;99;2.5;27.2;13.1;NaN;944.9;940.3;0.0;6.7;04;0.8;
g_1_niawzs0a;Leganes;1;2017-09-20;MADRID, RETIRO;MADRID;27.2;13.1;NaN;944.9;940.3;0.0;6.7;04;0.8;24.2;10.3;NaN;1005.9;1002.5;0.0;10.8;99;4.2;
g_1_2oIDJLFI;Levante;0;2017-09-21;VALENCIA AEROPUERTO;VALENCIA;27.1;15.4;10.8;1011.4;1008.5;0.0;9.7;08;3.1;19.3;13.9;8.1;991.0;986.3;0.0;6.9;34;3.1;
g_1_EPoWy3Vn;Celta de Vigo;0;2017-09-21;VIGO AEROPUERTO;PONTEVEDRA;19.4;13.4;NaN;990.6;987.2;4.3;10.8;01;3.9;29.0;15.4;NaN;941.1;938.5;0.0;6.1;24;0.8;
g_1_W0dRxqGt;Villarreal;0;2017-09-21;CASTELLÓN - ALMASSORA;CASTELLON;27.7;17.6;9.9;1013.5;1011.0;0.0;6.7;14;2.5;26.2;16.5;8.1;1018.9;1016.2;0.0;10.8;23;5.6;
g_1_M9DLnKq5;Girona;1;2017-09-23;GIRONA AEROPUERTO;GIRONA;25.5;12.9;5.0;1005.9;1003.3;0.0;11.4;23;2.5;25.4;17.2;2.0;1021.0;1018.4;0.0;8.3;22;4.2;
g_1_6avcTVrp;Malaga;0;2017-09-23;MÁLAGA, CENTRO METEOROLÓGICO;MALAGA;29.1;21.3;NaN;1015.5;1011.9;0.0;8.3;15;3.1;30.7;13.7;10.5;1017.0;1011.5;0.0;9.7;99;3.3;
g_1_fcM4j2pt;Alaves;0;2017-09-23;VITORIA GASTEIZ AEROPUERTO;ARABA/ALAVA;27.8;7.7;10.9;962.2;958.6;NA;8.3;21;2.2;26.8;15.7;NaN;944.3;941.6;0.0;6.7;23;1.1;
g_1_UZGTpbEH;Atletico de Madrid;0;2017-09-23;MADRID, RETIRO;MADRID;26.8;15.7;NaN;944.3;941.6;0.0;6.7;23;1.1;32.3;18.0;11.3;1015.6;1012.5;0.0;7.2;27;1.9;
g_1_GWjfWbaO;Real Sociedad;0;2017-09-24;DONOSTIA/SAN SEBASTIÁN, IGUELDO;GIPUZKOA;23.0;14.8;9.5;990.8;987.1;2.5;13.1;35;1.9;31.0;15.1;11.4;1013.6;1009.6;0.0;8.9;11;3.9;
g_1_voOGm0Ub;Eibar;1;2017-09-24;BILBAO AEROPUERTO;BIZKAIA;26.5;13.6;9.8;1016.9;1012.5;0.5;10.8;31;3.3;17.7;10.4;NaN;992.8;989.0;1.7;8.3;19;1.4;
g_1_00CPovaB;Las Palmas;0;2017-09-24;GRAN CANARIA AEROPUERTO;LAS PALMAS;26.8;20.5;NaN;1016.8;1009.9;0.0;12.8;02;5.0;29.0;16.6;NaN;945.6;942.0;0.0;8.3;23;1.4;
g_1_SAKCltFh;Getafe;1;2017-09-24;MADRID, RETIRO;MADRID;29.0;16.6;NaN;945.6;942.0;0.0;8.3;23;1.4;28.4;17.2;11.3;1015.2;1012.7;0.0;6.1;11;1.7;
g_1_YmL8kMan;Espanyol;0;2017-09-24;BARCELONA AEROPUERTO;BARCELONA;26.0;18.6;3.5;1019.7;1017.7;0.0;10.8;99;5.3;19.9;15.6;1.6;1014.1;1010.3;2.8;10.0;23;3.1;
g_1_fNkbVIEU;Real Betis;0;2017-09-25;SEVILLA AEROPUERTO;SEVILLA;34.0;17.0;11.4;1017.6;1013.0;0.0;10.8;18;2.5;35.4;15.9;10.8;1012.4;1006.7;0.0;13.9;04;5.6;
g_1_ENzgmizG;Celta de Vigo;0;2017-09-29;VIGO AEROPUERTO;PONTEVEDRA;21.3;14.1;NaN;993.7;991.5;0.5;9.7;28;1.9;26.5;13.8;9.5;1007.9;1004.7;0.1;8.9;99;2.8;
g_1_Mmv1oV4S;Leganes;1;2017-09-30;MADRID, RETIRO;MADRID;27.4;17.0;NaN;944.1;940.6;0.0;8.9;04;1.1;27.4;17.0;NaN;944.1;940.6;0.0;8.9;04;1.1;
g_1_2RX5R9Dd;Levante;0;2017-09-30;VALENCIA AEROPUERTO;VALENCIA;26.0;15.2;4.2;1014.0;1010.0;0.0;9.2;06;2.8;17.5;10.5;0.0;964.7;961.9;0.9;8.3;02;1.4;
g_1_SUGTtkDq;Sevilla;0;2017-09-30;SEVILLA AEROPUERTO;SEVILLA;33.5;17.8;10.8;1017.3;1012.0;0.0;7.2;23;1.7;27.0;18.3;NaN;1015.9;1012.0;0.0;6.9;14;2.5;
g_1_fLKikD53;Deportivo de La Coruna;0;2017-09-30;A CORUÑA;A CORUÑA;20.8;14.3;4.6;1017.1;1015.3;1.0;6.9;28;1.7;27.4;17.0;NaN;944.1;940.6;0.0;8.9;04;1.1;
g_1_GULmjgjc;Real Madrid;0;2017-10-01;MADRID, RETIRO;MADRID;26.0;17.4;NaN;946.4;942.6;0.0;6.7;05;0.8;21.6;18.4;0.0;1022.1;1018.9;0.7;11.7;04;2.8;
g_1_6LFXu9Sk;Valencia;0;2017-10-01;VALENCIA AEROPUERTO;VALENCIA;26.4;18.0;2.6;1015.3;1012.1;0.0;6.7;05;1.9;19.8;13.9;0.0;1020.9;1017.9;3.3;4.2;99;1.1;
g_1_zXyklXK9;Villarreal;0;2017-10-01;CASTELLÓN - ALMASSORA;CASTELLON;26.1;19.0;3.5;1017.4;1014.1;0.0;5.0;11;1.4;19.8;13.9;0.0;1020.9;1017.9;3.3;4.2;99;1.1;
g_1_8pzcnBkM;Barcelona;0;2017-10-01;BARCELONA AEROPUERTO;BARCELONA;21.6;18.4;0.0;1022.1;1018.9;0.7;11.7;04;2.8;27.3;22.1;NaN;1013.2;1010.3;0.0;17.5;99;8.3;
g_1_lOT1Skbj;Real Sociedad;0;2017-10-01;DONOSTIA/SAN SEBASTIÁN, IGUELDO;GIPUZKOA;17.8;13.2;0.0;994.4;992.2;17.5;10.8;35;3.9;35.1;18.1;10.1;1016.0;1012.6;0.0;9.2;99;0.6;
g_1_IJqMnu12;Espanyol;0;2017-10-13;BARCELONA AEROPUERTO;BARCELONA;25.3;18.2;9.5;1026.2;1024.6;0.0;6.1;99;2.8;26.5;14.7;9.6;1019.2;1016.2;0.0;7.8;06;2.2;
g_1_82s4vH8r;Atletico de Madrid;0;2017-10-14;MADRID, RETIRO;MADRID;26.5;14.5;NaN;949.7;946.2;0.0;4.7;20;1.1;24.9;18.5;5.6;1027.4;1025.2;0.0;9.2;05;4.2;
g_1_EoJuvmc2;Alaves;0;2017-10-14;VITORIA GASTEIZ AEROPUERTO;ARABA/ALAVA;26.8;8.3;10.2;966.1;963.5;NA;8.9;99;2.2;26.5;15.9;8.3;994.6;991.4;0.0;13.3;22;3.6;
g_1_G42PoaG8;Getafe;1;2017-10-14;MADRID, RETIRO;MADRID;26.5;14.5;NaN;949.7;946.2;0.0;4.7;20;1.1;26.5;14.5;NaN;949.7;946.2;0.0;4.7;20;1.1;
g_1_GSpCxewe;Athletic Club;1;2017-10-14;BILBAO AEROPUERTO;BIZKAIA;31.7;15.5;9.5;1020.8;1015.4;0.0;8.9;99;2.8;34.5;18.4;4.3;1020.3;1017.2;0.0;7.8;36;1.7;
g_1_zeKyuTsd;Real Betis;0;2017-10-15;SEVILLA AEROPUERTO;SEVILLA;35.7;16.9;10.4;1018.9;1014.8;0.0;8.3;22;1.7;25.6;16.4;8.6;1020.8;1018.0;0.0;7.2;99;1.9;
g_1_2Pt8wyOl;Malaga;0;2017-10-15;MÁLAGA, CENTRO METEOROLÓGICO;MALAGA;NaN;NaN;NaN;NaN;NaN;0.0;7.2;15;2.2;27.1;16.8;NaN;949.6;944.7;0.0;7.2;10;1.1;
g_1_lI0XqwoL;Girona;1;2017-10-15;GIRONA AEROPUERTO;GIRONA;26.6;11.4;10.0;1012.1;1009.7;NA;10.8;99;4.4;26.6;17.5;9.3;1022.8;1020.4;0.0;6.4;15;1.9;
g_1_AR1TpJVE;Eibar;1;2017-10-15;BILBAO AEROPUERTO;BIZKAIA;31.5;22.2;6.0;1018.0;1014.4;0.0;12.8;99;4.2;31.0;20.1;2.6;1010.5;1004.0;0.4;18.1;20;5.0;
g_1_6gexqc0R;Las Palmas;0;2017-10-16;GRAN CANARIA AEROPUERTO;LAS PALMAS;30.5;22.9;NaN;1016.8;1013.4;0.0;8.3;04;3.6;20.9;13.6;NaN;992.4;987.4;13.3;10.3;99;1.4;
g_1_zw1oifhl;Barcelona;0;2017-10-21;BARCELONA AEROPUERTO;BARCELONA;24.1;15.0;9.1;1022.3;1018.6;0.1;7.8;99;3.9;27.6;17.4;NaN;NaN;NaN;0.0;5.8;13;2.2;
g_1_W4ffkYM0;Valencia;0;2017-10-21;VALENCIA AEROPUERTO;VALENCIA;29.5;11.9;9.5;1015.1;1011.4;0.0;8.9;99;1.9;28.5;17.9;8.6;1021.0;1017.5;0.0;6.7;99;1.1;
g_1_bizHyFh1;Real Betis;0;2017-10-21;SEVILLA AEROPUERTO;SEVILLA;28.5;17.9;8.6;1021.0;1017.5;0.0;6.7;99;1.1;18.6;10.5;0.0;968.6;959.5;3.3;9.2;03;1.9;
g_1_4lN2aIp8;Levante;0;2017-10-21;VALENCIA AEROPUERTO;VALENCIA;29.5;11.9;9.5;1015.1;1011.4;0.0;8.9;99;1.9;21.8;12.3;NaN;948.3;944.9;0.0;6.7;32;1.1;
g_1_ruM6bx0E;Real Madrid;0;2017-10-22;MADRID, RETIRO;MADRID;17.9;10.8;NaN;950.5;947.3;0.0;6.4;04;0.8;16.4;10.4;0.2;1026.0;1023.5;1.9;11.7;32;2.2;
g_1_hEejjE7f;Leganes;1;2017-10-22;MADRID, RETIRO;MADRID;17.9;10.8;NaN;950.5;947.3;0.0;6.4;04;0.8;16.4;10.4;0.2;1026.0;1023.5;1.9;11.7;32;2.2;
g_1_dn2shzwr;Celta de Vigo;0;2017-10-22;VIGO AEROPUERTO;PONTEVEDRA;18.5;7.6;NaN;999.9;996.3;0.0;5.8;31;1.4;17.9;10.8;NaN;950.5;947.3;0.0;6.4;04;0.8;
g_1_v7FFdGUQ;Villarreal;0;2017-10-22;CASTELLÓN - ALMASSORA;CASTELLON;23.3;15.1;7.7;1020.5;1017.1;0.0;7.8;34;1.9;25.4;20.6;NaN;1017.1;1013.9;NA;13.3;03;7.2;
g_1_Q3BBcdFK;Deportivo de La Coruna;0;2017-10-23;A CORUÑA;A CORUÑA;19.5;9.1;9.9;1020.1;1015.9;0.0;3.9;17;2.2;21.7;8.4;9.8;1009.7;1007.1;0.0;5.0;07;0.6;
g_1_xrZKzZ77;Real Sociedad;0;2017-10-23;DONOSTIA/SAN SEBASTIÁN, IGUELDO;GIPUZKOA;17.1;9.5;9.1;997.6;995.7;0.0;6.7;07;3.1;21.3;13.1;6.6;1025.2;1022.0;0.0;15.0;36;4.7;
g_1_ILIy2B66;Sevilla;0;2017-10-28;SEVILLA AEROPUERTO;SEVILLA;31.6;12.9;10.3;1018.5;1015.0;0.0;10.3;07;3.3;22.0;12.0;NaN;949.5;946.0;0.0;6.7;04;1.4;
g_1_vVJX2ii0;Athletic Club;1;2017-10-28;BILBAO AEROPUERTO;BIZKAIA;19.2;9.1;0.2;1028.2;1024.8;NA;6.7;99;1.1;23.2;15.0;6.4;1024.5;1021.1;0.0;8.3;99;3.9;
g_1_W4GP4DMm;Atletico de Madrid;0;2017-10-28;MADRID, RETIRO;MADRID;22.0;12.0;NaN;949.5;946.0;0.0;6.7;04;1.4;24.2;15.0;10.1;1020.2;1017.5;0.0;5.8;28;1.9;
g_1_QRgblhx7;Alaves;0;2017-10-28;VITORIA GASTEIZ AEROPUERTO;ARABA/ALAVA;16.4;3.5;0.8;972.2;968.7;0.0;8.9;35;3.1;25.1;12.9;8.9;1018.4;1015.2;0.0;8.3;99;2.2;
g_1_p8KT3Xyf;Malaga;0;2017-10-29;MÁLAGA, CENTRO METEOROLÓGICO;MALAGA;25.7;16.2;NaN;1017.4;1012.2;0.0;5.0;14;1.9;25.3;12.0;NaN;995.3;991.1;0.0;5.8;04;1.4;
g_1_IczkBFqK;Eibar;1;2017-10-29;BILBAO AEROPUERTO;BIZKAIA;15.6;8.1;0.1;1025.1;1020.2;10.8;5.8;02;0.6;23.1;11.6;9.9;1015.5;1010.0;0.0;7.2;05;1.4;
g_1_nXvgAZbQ;Girona;1;2017-10-29;GIRONA AEROPUERTO;GIRONA;25.2;7.6;9.6;1006.3;1000.3;0.0;NaN;NaN;2.2;21.5;10.0;NaN;947.0;942.2;0.0;8.3;99;0.8;
g_1_v7yoCeUD;Getafe;1;2017-10-29;MADRID, RETIRO;MADRID;21.5;10.0;NaN;947.0;942.2;0.0;8.3;99;0.8;15.5;10.6;2.3;998.3;993.3;7.4;9.2;35;2.8;
g_1_x2c2mCiD;Espanyol;0;2017-10-30;BARCELONA AEROPUERTO;BARCELONA;21.3;12.4;8.8;1019.8;1015.3;4.4;10.8;99;3.9;26.7;10.9;7.2;1013.4;1009.9;0.0;5.0;34;1.1;
g_1_ltRK5g7s;Las Palmas;0;2017-10-30;GRAN CANARIA AEROPUERTO;LAS PALMAS;25.0;18.1;NaN;1011.7;1009.2;0.0;11.4;02;6.1;18.1;14.3;3.4;1018.0;1013.4;0.0;12.2;05;4.7;
g_1_OYmx0kyJ;Real Betis;0;2017-11-03;SEVILLA AEROPUERTO;SEVILLA;19.2;16.2;0.9;1011.7;1008.9;17.0;5.8;23;1.4;18.6;11.8;NaN;938.9;935.0;3.7;6.1;17;0.8;
g_1_0Io92rcH;Barcelona;0;2017-11-04;BARCELONA AEROPUERTO;BARCELONA;23.2;15.6;3.6;1013.1;1008.6;4.9;10.8;01;4.4;22.0;15.2;6.6;1015.6;1008.1;4.1;11.4;26;3.3;
g_1_prkY0VLC;Alaves;0;2017-11-04;VITORIA GASTEIZ AEROPUERTO;ARABA/ALAVA;14.5;2.4;0.1;958.5;951.5;3.8;7.8;34;1.1;23.2;15.6;3.6;1013.1;1008.6;4.9;10.8;01;4.4;
g_1_AThd5pDb;Deportivo de La Coruna;0;2017-11-04;A CORUÑA;A CORUÑA;17.4;13.3;1.9;1017.2;1002.6;0.4;14.2;36;3.6;14.6;11.0;NaN;939.6;934.0;0.2;6.1;20;0.8;
g_1_ChkD12CN;Valencia;0;2017-11-04;VALENCIA AEROPUERTO;VALENCIA;22.5;12.7;4.9;1006.4;1002.8;0.0;10.3;26;3.6;14.6;11.0;NaN;939.6;934.0;0.2;6.1;20;0.8;
g_1_Wxfh6Qch;Real Madrid;0;2017-11-05;MADRID, RETIRO;MADRID;14.9;9.0;NaN;946.4;939.6;0.0;7.5;06;1.7;24.9;19.7;NaN;1015.4;1012.2;0.0;13.3;02;6.7;
g_1_zB0q8nTu;Real Sociedad;0;2017-11-05;DONOSTIA/SAN SEBASTIÁN, IGUELDO;GIPUZKOA;13.9;9.6;1.2;994.3;986.0;12.2;22.8;02;6.9;14.5;10.1;0.7;1022.7;1014.3;24.7;14.4;35;2.2;
g_1_v3c044S4;Villarreal;0;2017-11-05;CASTELLÓN - ALMASSORA;CASTELLON;23.6;13.1;10.0;1015.8;1007.6;0.0;11.7;01;1.7;22.9;15.0;NaN;1015.5;1012.9;0.0;8.1;30;2.5;
g_1_Igd43OsB;Celta de Vigo;0;2017-11-05;VIGO AEROPUERTO;PONTEVEDRA;14.9;7.5;NaN;999.3;993.5;0.0;9.7;36;2.5;14.5;10.1;0.7;1022.7;1014.3;24.7;14.4;35;2.2;
g_1_lE4m76rn;Levante;0;2017-11-05;VALENCIA AEROPUERTO;VALENCIA;22.9;10.9;10.0;1014.6;1006.3;0.0;14.4;34;5.3;19.5;6.2;6.2;1001.5;993.6;0.0;9.2;02;1.9;
g_1_OWIVJqSi;Girona;1;2017-11-17;GIRONA AEROPUERTO;GIRONA;21.1;-0.2;8.9;1004.8;1001.6;0.0;5.0;99;0.6;13.5;8.0;6.7;993.3;991.9;0.0;5.0;01;1.9;
g_1_WdMwINd4;Atletico de Madrid;0;2017-11-18;MADRID, RETIRO;MADRID;17.5;7.2;NaN;943.4;941.8;0.0;5.8;09;0.8;17.5;7.2;NaN;943.4;941.8;0.0;5.8;09;0.8;
g_1_0xAjFLtN;Sevilla;0;2017-11-18;SEVILLA AEROPUERTO;SEVILLA;23.4;5.4;9.7;1016.5;1013.7;0.0;5.8;06;1.1;18.9;6.1;NaN;990.9;989.0;0.0;6.7;99;2.2;
g_1_vT8fEudT;Leganes;1;2017-11-18;MADRID, RETIRO;MADRID;17.5;7.2;NaN;943.4;941.8;0.0;5.8;09;0.8;20.2;7.5;6.3;1020.7;1018.3;0.0;11.4;01;2.5;
g_1_8Ozqdtzo;Getafe;1;2017-11-18;MADRID, RETIRO;MADRID;17.5;7.2;NaN;943.4;941.8;0.0;5.8;09;0.8;13.6;0.0;3.2;965.0;963.1;0.0;8.3;02;1.4;
g_1_hCAnG1RG;Athletic Club;1;2017-11-19;BILBAO AEROPUERTO;BIZKAIA;16.5;3.9;7.0;1022.2;1019.8;NA;6.1;09;0.8;19.8;8.6;9.3;1017.9;1015.0;0.0;6.1;29;1.9;
g_1_IgIZI3sb;Las Palmas;0;2017-11-19;GRAN CANARIA AEROPUERTO;LAS PALMAS;22.8;18.6;8.9;1012.0;1009.8;0.0;9.7;02;4.4;19.6;4.7;9.1;1015.9;1012.3;0.0;6.7;03;1.7;
g_1_6FlH0MRT;Espanyol;0;2017-11-19;BARCELONA AEROPUERTO;BARCELONA;18.3;7.2;7.1;1022.4;1019.6;0.0;9.7;35;3.6;19.6;4.7;9.1;1015.9;1012.3;0.0;6.7;03;1.7;
g_1_ELBrHsCA;Malaga;0;2017-11-19;MÁLAGA, CENTRO METEOROLÓGICO;MALAGA;20.5;9.7;NaN;1017.9;1015.1;0.0;5.6;99;1.4;18.5;9.1;9.0;1015.1;1012.8;0.0;6.1;16;1.9;
g_1_ptKRKPCo;Eibar;1;2017-11-20;BILBAO AEROPUERTO;BIZKAIA;21.1;2.8;7.8;1021.0;1016.0;0.0;6.7;07;1.1;24.2;7.2;9.7;1019.5;1016.7;0.0;8.3;08;2.5;
g_1_M5wYRbQS;Celta de Vigo;0;2017-11-24;VIGO AEROPUERTO;PONTEVEDRA;14.1;11.0;NaN;988.6;983.5;22.6;9.2;99;1.1;16.1;10.0;NaN;944.0;942.0;0.0;6.4;24;0.8;
g_1_8rXHVtR3;Levante;0;2017-11-25;VALENCIA AEROPUERTO;VALENCIA;21.5;9.1;0.0;1015.7;1009.4;0.0;9.7;99;5.0;16.5;7.8;NaN;947.8;941.8;0.0;9.4;04;1.7;
g_1_CGw9X2di;Real Betis;0;2017-11-25;SEVILLA AEROPUERTO;SEVILLA;20.7;6.5;2.9;1019.6;1016.1;0.0;4.7;99;0.8;16.6;8.2;0.4;1006.7;997.6;0.1;9.2;14;2.2;
g_1_nZVLU0tA;Real Madrid;0;2017-11-25;MADRID, RETIRO;MADRID;16.5;7.8;NaN;947.8;941.8;0.0;9.4;04;1.7;23.1;9.2;NaN;1016.7;1013.7;0.0;4.7;30;1.9;
g_1_bDkR8JJj;Alaves;0;2017-11-25;VITORIA GASTEIZ AEROPUERTO;ARABA/ALAVA;11.1;2.8;0.5;969.3;957.1;0.5;11.7;02;3.6;13.3;6.3;0.1;1026.4;1013.5;8.2;9.2;99;1.9;
g_1_OEPaNIYq;Valencia;0;2017-11-26;VALENCIA AEROPUERTO;VALENCIA;17.1;5.8;7.5;1023.0;1015.7;0.0;9.7;99;2.8;15.8;7.1;3.9;1029.4;1022.1;0.0;11.7;99;3.1;
g_1_vslTSvBM;Villarreal;0;2017-11-26;CASTELLÓN - ALMASSORA;CASTELLON;17.4;8.0;9.1;1025.2;1018.3;0.0;7.2;28;2.2;22.1;12.0;7.8;1023.1;1019.1;0.0;9.7;99;2.5;
g_1_j7xDWMBc;Real Sociedad;0;2017-11-26;DONOSTIA/SAN SEBASTIÁN, IGUELDO;GIPUZKOA;10.0;6.2;2.5;1001.1;998.0;2.4;13.3;36;2.2;27.2;20.0;8.3;1015.0;1011.2;0.1;11.4;99;4.7;
g_1_tdVPTKeG;Deportivo de La Coruna;0;2017-11-26;A CORUÑA;A CORUÑA;14.5;6.1;8.8;1024.6;1021.8;0.0;8.9;06;2.5;12.5;5.3;2.8;1029.5;1026.1;1.8;4.2;99;0.6;
g_1_pAoN9a4p;Espanyol;0;2017-11-27;BARCELONA AEROPUERTO;BARCELONA;14.5;4.9;5.9;1030.2;1022.4;0.0;8.9;99;4.2;9.9;1.4;NaN;950.8;945.4;0.0;4.2;03;0.3;
g_1_K092svQF;Malaga;0;2017-12-01;MÁLAGA, CENTRO METEOROLÓGICO;MALAGA;16.1;6.2;NaN;1017.3;1012.3;0.0;10.0;32;2.5;15.2;0.9;6.5;1012.0;1003.9;0.0;19.7;99;6.7;
g_1_0CQatbuM;Athletic Club;1;2017-12-02;BILBAO AEROPUERTO;BIZKAIA;9.4;2.8;1.3;1025.4;1019.2;6.0;15.3;02;1.4;6.5;-0.5;NaN;945.8;944.2;0.0;11.4;02;1.1;
g_1_v3P3uIfS;Sevilla;0;2017-12-02;SEVILLA AEROPUERTO;SEVILLA;13.8;3.4;9.6;1022.9;1019.6;0.0;8.9;04;3.3;11.8;6.0;5.7;1023.4;1021.3;0.2;8.3;03;2.5;
g_1_tAAbrKA9;Atletico de Madrid;0;2017-12-02;MADRID, RETIRO;MADRID;6.5;-0.5;NaN;945.8;944.2;0.0;11.4;02;1.1;3.4;0.3;0.2;997.8;991.2;9.2;6.7;10;3.6;
g_1_AoGZZeIk;Barcelona;0;2017-12-02;BARCELONA AEROPUERTO;BARCELONA;11.6;1.9;3.9;1018.0;1010.3;0.0;12.5;99;5.3;11.6;0.9;NaN;998.9;996.3;0.0;11.4;05;1.9;
g_1_nmBfq0e3;Las Palmas;0;2017-12-03;GRAN CANARIA AEROPUERTO;LAS PALMAS;20.9;18.2;0.9;1016.9;1014.1;0.0;10.3;02;5.0;13.3;2.4;9.5;1027.4;1021.9;0.0;11.4;99;4.2;
g_1_WvT7Ld3d;Eibar;1;2017-12-03;BILBAO AEROPUERTO;BIZKAIA;6.6;0.7;0.0;1029.2;1025.4;3.5;5.0;10;1.9;13.5;3.2;6.4;1029.1;1017.6;0.0;11.4;35;5.6;
g_1_hlU3Mxlj;Getafe;1;2017-12-03;MADRID, RETIRO;MADRID;8.5;0.0;NaN;952.4;945.8;0.0;7.5;02;0.6;15.6;-0.7;9.1;1023.0;1013.8;0.0;10.3;32;3.3;
g_1_drCVzx3q;Leganes;1;2017-12-03;MADRID, RETIRO;MADRID;8.5;0.0;NaN;952.4;945.8;0.0;7.5;02;0.6;15.0;5.1;8.9;1025.0;1015.3;0.0;8.3;28;3.3;
g_1_Yq7jpttc;Girona;1;2017-12-04;GIRONA AEROPUERTO;GIRONA;14.5;-5.2;8.6;1019.0;1013.0;0.0;5.0;35;0.6;5.5;-0.1;0.0;976.6;972.0;0.2;5.0;99;0.8;
g_1_KGcQdJP2;Alaves;0;2017-12-08;VITORIA GASTEIZ AEROPUERTO;ARABA/ALAVA;9.1;2.1;0.0;967.6;965.4;1.8;8.3;36;1.7;20.8;15.3;9.6;1023.6;1020.6;0.0;8.9;99;3.1;
g_1_KK5JZnO6;Valencia;0;2017-12-09;VALENCIA AEROPUERTO;VALENCIA;15.5;6.3;1.7;1016.6;1012.6;0.0;7.2;24;2.8;13.8;10.9;NaN;997.4;991.2;4.4;12.5;26;3.6;
g_1_OhCAy9gf;Deportivo de La Coruna;0;2017-12-09;A CORUÑA;A CORUÑA;15.7;10.6;0.0;1020.9;1009.9;6.6;15.3;24;5.0;13.2;4.7;NaN;947.2;944.5;0.0;6.4;26;0.3;
g_1_p2D6xkvl;Real Madrid;0;2017-12-09;MADRID, RETIRO;MADRID;13.2;4.7;NaN;947.2;944.5;0.0;6.4;26;0.3;17.1;6.7;0.6;1024.9;1021.9;0.0;5.0;99;1.4;
g_1_hA5vZFXe;Getafe;1;2017-12-09;MADRID, RETIRO;MADRID;13.2;4.7;NaN;947.2;944.5;0.0;6.4;26;0.3;14.1;7.1;0.1;1023.9;1010.1;7.3;12.5;21;1.4;
g_1_tU6FzT80;Villarreal;0;2017-12-10;CASTELLÓN - ALMASSORA;CASTELLON;20.0;8.3;1.6;1014.1;992.6;0.0;12.8;21;3.3;18.2;8.4;0.3;1018.4;995.1;0.7;12.5;99;5.3;
g_1_juE2wVOs;Levante;0;2017-12-10;VALENCIA AEROPUERTO;VALENCIA;18.5;7.4;1.8;1012.6;992.5;0.0;17.5;26;5.8;19.8;10.7;0.0;1010.2;975.8;31.2;24.2;23;5.6;
g_1_b7dUewu9;Real Betis;0;2017-12-10;SEVILLA AEROPUERTO;SEVILLA;18.5;7.3;4.0;1023.3;1003.7;22.8;14.4;99;4.2;11.5;8.7;NaN;945.6;919.6;11.9;14.4;23;4.2;
g_1_tWoZfcfF;Real Sociedad;0;2017-12-10;DONOSTIA/SAN SEBASTIÁN, IGUELDO;GIPUZKOA;18.2;10.0;0.0;984.2;952.6;33.9;28.9;28;6.7;20.6;15.0;NaN;1020.5;1004.5;0.5;10.3;32;2.5;
g_1_W04rYZn2;Espanyol;0;2017-12-11;BARCELONA AEROPUERTO;BARCELONA;17.0;8.0;0.0;1003.7;988.5;1.1;18.9;25;6.4;15.2;2.8;0.8;987.9;972.2;0.2;18.6;21;4.2;
g_1_nkxlkSNg;Sevilla;0;2017-12-15;SEVILLA AEROPUERTO;SEVILLA;19.3;10.7;3.0;1016.9;1009.9;0.2;10.8;26;5.0;18.0;5.3;4.3;1006.0;1000.8;0.1;14.4;26;5.6;
g_1_8tnEeUpQ;Atletico de Madrid;0;2017-12-16;MADRID, RETIRO;MADRID;9.7;2.0;NaN;948.3;938.2;0.0;10.3;04;2.2;6.2;1.6;1.4;968.7;956.4;9.4;10.3;32;1.4;
g_1_Es5NY6wD;Eibar;1;2017-12-16;BILBAO AEROPUERTO;BIZKAIA;10.1;4.4;0.5;1026.1;1012.4;9.2;11.4;99;2.8;16.1;1.6;8.8;1017.1;1005.7;0.0;12.8;33;4.2;
g_1_4Qnqj88m;Athletic Club;1;2017-12-16;BILBAO AEROPUERTO;BIZKAIA;10.1;4.4;0.5;1026.1;1012.4;9.2;11.4;99;2.8;9.5;5.4;1.2;997.5;984.6;14.2;19.2;36;4.4;
g_1_fFudm6h6;Barcelona;0;2017-12-17;BARCELONA AEROPUERTO;BARCELONA;15.3;4.1;6.1;1029.2;1022.5;0.0;8.9;01;3.6;12.7;4.9;7.6;1027.8;1024.2;0.0;4.7;15;1.1;
g_1_UkmAdAVJ;Las Palmas;0;2017-12-17;GRAN CANARIA AEROPUERTO;LAS PALMAS;19.8;16.7;1.5;1018.9;1016.1;0.1;16.1;02;7.8;15.3;4.1;6.1;1029.2;1022.5;0.0;8.9;01;3.6;
g_1_Y5v0nQ7C;Celta de Vigo;0;2017-12-17;VIGO AEROPUERTO;PONTEVEDRA;11.6;1.0;7.8;1004.2;999.7;0.0;7.8;99;0.8;14.1;4.7;8.7;1025.7;1019.2;0.0;7.5;36;1.7;
g_1_Sp9RXQhJ;Girona;1;2017-12-17;GIRONA AEROPUERTO;GIRONA;12.9;-4.6;8.2;1013.6;1006.6;0.0;6.7;26;1.1;9.7;1.5;NaN;954.0;948.3;0.0;8.3;04;1.7;
g_1_QZmuilgs;Malaga;0;2017-12-18;MÁLAGA, CENTRO METEOROLÓGICO;MALAGA;17.5;5.5;NaN;1027.1;1020.4;0.0;7.5;28;1.4;15.2;4.2;9.1;1028.6;1024.6;0.0;10.3;06;3.9;
g_1_8I5V157a;Levante;0;2017-12-19;VALENCIA AEROPUERTO;VALENCIA;14.2;7.3;4.1;1025.8;1015.0;NA;12.5;99;2.2;11.6;4.3;NaN;953.0;946.7;0.0;8.6;02;0.8;
g_1_vq1R2ohg;Real Sociedad;0;2017-12-20;DONOSTIA/SAN SEBASTIÁN, IGUELDO;GIPUZKOA;7.6;4.0;2.2;1007.3;1004.2;0.0;4.2;07;1.9;17.4;4.1;9.3;1030.5;1027.2;0.0;5.0;99;1.1;
g_1_UXX8p4xP;Getafe;1;2017-12-20;MADRID, RETIRO;MADRID;11.7;1.8;NaN;954.2;951.6;0.0;5.8;36;1.1;21.4;16.2;8.2;1021.9;1018.0;0.0;11.7;03;5.8;
g_1_ITCI47Nt;Alaves;0;2017-12-21;VITORIA GASTEIZ AEROPUERTO;ARABA/ALAVA;12.5;0.5;7.7;979.5;976.4;0.0;7.8;99;2.8;18.5;5.9;NaN;1033.7;1026.4;0.0;5.0;15;2.2;
g_1_jsZ4opNI;Eibar;1;2017-12-21;BILBAO AEROPUERTO;BIZKAIA;14.5;4.6;7.6;1037.3;1034.5;0.0;4.7;99;0.8;15.0;2.1;8.1;1019.9;1016.8;0.0;5.8;99;0.8;
g_1_ryMj9mFP;Espanyol;0;2017-12-22;BARCELONA AEROPUERTO;BARCELONA;16.1;7.2;4.2;1033.8;1029.8;0.0;9.7;99;4.2;12.7;2.3;NaN;958.8;954.8;0.0;5.6;36;1.1;
g_1_0h2N3Rxm;Real Betis;0;2017-12-22;SEVILLA AEROPUERTO;SEVILLA;17.3;3.3;9.1;1035.1;1029.2;0.0;4.7;05;1.1;10.4;5.9;0.0;1037.2;1034.9;0.2;3.6;99;0.6;
g_1_UXgv0qxC;Deportivo de La Coruna;0;2017-12-23;A CORUÑA;A CORUÑA;13.6;8.0;7.9;1031.1;1024.6;0.0;6.7;08;2.2;13.7;4.3;NaN;1004.7;1000.8;0.0;7.2;99;1.7;
g_1_rybra3iI;Valencia;0;2017-12-23;VALENCIA AEROPUERTO;VALENCIA;15.1;2.8;1.9;1028.8;1025.5;0.0;7.2;30;0.6;16.0;7.0;6.0;1030.8;1027.5;0.0;6.4;32;1.9;
g_1_n94Z0PM5;Real Madrid;0;2017-12-23;MADRID, RETIRO;MADRID;12.7;2.5;NaN;955.7;953.8;0.0;8.3;36;2.8;14.9;6.4;5.7;1035.0;1031.7;0.0;11.4;01;3.9;
g_1_SrvaaX2b;Sevilla;0;2018-01-06;SEVILLA AEROPUERTO;SEVILLA;13.3;6.9;7.1;1001.4;996.8;0.6;15.0;26;3.3;13.3;6.9;7.1;1001.4;996.8;0.6;15.0;26;3.3;
g_1_GldjcsMU;Las Palmas;0;2018-01-06;GRAN CANARIA AEROPUERTO;LAS PALMAS;20.5;14.5;4.7;1015.1;1009.7;4.2;16.1;34;5.3;8.3;4.5;0.0;1002.1;998.4;40.0;6.1;09;0.6;
g_1_xbcnbN6O;Valencia;0;2018-01-06;VALENCIA AEROPUERTO;VALENCIA;13.5;4.7;0.0;998.8;987.3;6.8;15.3;22;5.6;15.8;0.4;2.9;989.0;984.3;7.3;9.2;06;1.4;
g_1_tSym2ZIu;Atletico de Madrid;0;2018-01-06;MADRID, RETIRO;MADRID;6.1;2.0;NaN;926.1;920.0;20.6;10.8;03;2.5;6.1;2.0;NaN;926.1;920.0;20.6;10.8;03;2.5;
g_1_IXWBdVnH;Celta de Vigo;0;2018-01-07;VIGO AEROPUERTO;PONTEVEDRA;9.5;1.5;NaN;977.0;975.1;0.0;12.8;36;4.7;5.0;1.6;NaN;929.5;919.5;3.1;7.5;12;2.8;
g_1_Euze0Dmh;Athletic Club;1;2018-01-07;BILBAO AEROPUERTO;BIZKAIA;9.9;4.5;0.0;1004.7;995.0;0.2;10.3;04;1.9;5.9;0.1;0.0;949.3;939.9;0.5;7.2;99;0.8;
g_1_dOVFek2N;Villarreal;0;2018-01-07;CASTELLÓN - ALMASSORA;CASTELLON;13.5;5.3;6.7;1003.0;990.7;0.2;5.3;99;1.1;11.6;6.7;2.1;1001.7;999.5;4.4;17.8;02;8.9;
g_1_lbS7cBXA;Barcelona;0;2018-01-07;BARCELONA AEROPUERTO;BARCELONA;15.8;6.7;0.0;1007.8;998.5;6.8;13.3;19;3.3;13.7;3.0;8.4;1000.2;989.6;0.0;7.2;99;0.8;
g_1_A7T3biI4;Leganes;1;2018-01-07;MADRID, RETIRO;MADRID;5.0;1.6;NaN;929.5;919.5;3.1;7.5;12;2.8;8.2;2.8;0.0;977.4;969.4;0.2;7.5;02;1.7;
g_1_KIzi1gYo;Malaga;0;2018-01-08;MÁLAGA, CENTRO METEOROLÓGICO;MALAGA;9.6;6.1;NaN;1012.8;1002.5;20.0;9.2;28;1.9;13.9;5.5;4.3;1013.0;1007.8;0.0;11.4;35;5.3;
g_1_EgFTEC2o;Getafe;1;2018-01-12;MADRID, RETIRO;MADRID;7.9;-0.3;NaN;947.8;944.3;0.0;6.4;28;1.7;17.9;7.3;NaN;1022.4;1018.8;0.0;9.4;28;2.2;
g_1_GQNMit1k;Deportivo de La Coruna;0;2018-01-13;A CORUÑA;A CORUÑA;11.5;7.8;1.4;1010.7;1006.1;14.4;11.7;24;2.5;13.8;2.5;4.4;1015.9;1009.0;0.0;10.3;22;1.1;
g_1_0jRojTPp;Eibar;1;2018-01-13;BILBAO AEROPUERTO;BIZKAIA;11.6;5.9;0.0;1013.9;1009.7;19.2;16.9;20;3.9;5.6;2.4;NaN;944.5;939.0;6.0;7.2;26;1.1;
g_1_xzPIhMoq;Real Madrid;0;2018-01-13;MADRID, RETIRO;MADRID;5.6;2.4;NaN;944.5;939.0;6.0;7.2;26;1.1;13.7;6.1;2.8;1018.1;1010.2;0.0;6.4;30;2.2;
g_1_vmLKf9HT;Girona;1;2018-01-13;GIRONA AEROPUERTO;GIRONA;12.9;-3.4;2.6;1006.8;998.9;4.3;12.8;99;4.4;20.5;16.8;5.0;1020.4;1017.5;1.4;12.5;02;5.8;
g_1_rZ6pBU1A;Real Sociedad;0;2018-01-14;DONOSTIA/SAN SEBASTIÁN, IGUELDO;GIPUZKOA;8.0;4.9;0.0;991.9;984.6;14.2;12.8;32;5.8;12.2;6.5;6.0;1020.5;1012.9;0.0;10.8;22;3.3;
g_1_hpEXDWHi;Espanyol;0;2018-01-14;BARCELONA AEROPUERTO;BARCELONA;12.2;6.5;6.0;1020.5;1012.9;0.0;10.8;22;3.3;9.9;6.1;0.0;1019.8;1011.4;23.8;10.8;32;0.8;
g_1_AL8xDjXc;Alaves;0;2018-01-14;VITORIA GASTEIZ AEROPUERTO;ARABA/ALAVA;6.9;2.0;0.9;963.3;955.9;0.9;7.2;99;3.6;12.5;5.1;4.2;1019.8;1015.1;0.8;6.1;03;0.6;
g_1_dxBlAlHG;Levante;0;2018-01-14;VALENCIA AEROPUERTO;VALENCIA;13.6;3.7;2.3;1014.2;1009.1;0.0;10.3;99;3.6;10.6;3.0;NaN;995.0;988.1;0.1;4.7;99;2.5;
g_1_lC7tCAn4;Real Betis;0;2018-01-15;SEVILLA AEROPUERTO;SEVILLA;14.2;2.9;9.7;1027.7;1018.7;NA;8.9;09;2.5;8.5;0.0;NaN;949.9;944.4;0.0;6.4;22;1.1;
g_1_8vcUAL7R;Getafe;1;2018-01-19;MADRID, RETIRO;MADRID;14.8;3.0;NaN;947.4;942.0;0.0;5.3;04;1.4;12.0;9.5;0.0;1022.4;1017.4;14.0;11.4;32;3.9;
g_1_Gpn44Jpe;Las Palmas;0;2018-01-20;GRAN CANARIA AEROPUERTO;LAS PALMAS;21.2;16.5;8.8;1022.9;1018.8;0.0;13.9;99;6.9;21.0;7.7;6.9;1017.4;1012.5;0.0;10.3;29;4.7;
g_1_2sMUkKV1;Villarreal;0;2018-01-20;CASTELLÓN - ALMASSORA;CASTELLON;18.8;9.1;0.8;1018.7;1013.7;0.0;9.7;30;3.1;21.0;7.7;6.9;1017.4;1012.5;0.0;10.3;29;4.7;
g_1_4Ar05aVl;Atletico de Madrid;0;2018-01-20;MADRID, RETIRO;MADRID;12.0;3.8;NaN;949.6;947.2;0.0;7.8;28;1.9;15.0;2.6;4.0;1005.5;999.6;0.0;7.8;24;1.7;
g_1_j32PB1hL;Espanyol;0;2018-01-20;BARCELONA AEROPUERTO;BARCELONA;16.6;5.9;6.9;1022.0;1015.2;0.0;13.3;99;6.7;17.3;4.0;8.3;1027.2;1022.2;NA;6.1;21;0.6;
g_1_Ik4HDNN8;Real Betis;0;2018-01-21;SEVILLA AEROPUERTO;SEVILLA;18.3;4.1;7.1;1028.7;1025.3;NA;4.7;99;0.8;23.8;15.0;6.0;1020.6;1014.9;0.0;14.4;99;7.8;
g_1_4n0DE382;Real Sociedad;0;2018-01-21;DONOSTIA/SAN SEBASTIÁN, IGUELDO;GIPUZKOA;12.6;10.9;0.0;998.1;994.0;1.5;18.3;35;8.3;12.2;9.8;NaN;1002.3;1000.2;3.8;9.2;27;1.1;
g_1_OjNQj0Ge;Real Madrid;0;2018-01-21;MADRID, RETIRO;MADRID;16.2;5.8;NaN;951.8;949.6;0.0;8.3;33;1.1;14.7;12.3;0.0;1024.2;1022.1;1.8;8.6;20;2.2;
g_1_CC3LCswF;Alaves;0;2018-01-21;VITORIA GASTEIZ AEROPUERTO;ARABA/ALAVA;14.9;3.3;3.6;969.2;965.4;0.1;8.9;32;2.5;16.2;5.8;NaN;951.8;949.6;0.0;8.3;33;1.1;
g_1_Amqd6uGr;Eibar;1;2018-01-22;BILBAO AEROPUERTO;BIZKAIA;15.4;7.9;0.4;1025.5;1023.4;7.2;8.3;99;2.2;24.8;12.2;NaN;1022.8;1019.1;0.0;9.7;30;1.7;
g_1_d47wJIal;Athletic Club;1;2018-01-26;BILBAO AEROPUERTO;BIZKAIA;11.9;6.4;0.7;1026.2;1016.0;22.3;16.1;35;1.9;11.9;6.4;0.7;1026.2;1016.0;22.3;16.1;35;1.9;
g_1_QFTfRth8;Villarreal;0;2018-01-27;CASTELLÓN - ALMASSORA;CASTELLON;15.3;9.1;7.5;1025.9;1017.4;1.2;14.7;02;2.5;8.7;5.1;3.5;1005.6;997.3;3.7;16.1;01;3.1;
g_1_OQwzIxFf;Malaga;0;2018-01-27;MÁLAGA, CENTRO METEOROLÓGICO;MALAGA;16.1;7.2;NaN;1022.6;1019.6;4.9;11.4;01;3.1;12.3;4.3;1.4;1017.8;1004.8;0.0;13.3;99;4.4;
g_1_b9y93w01;Valencia;0;2018-01-27;VALENCIA AEROPUERTO;VALENCIA;14.8;4.1;7.9;1022.5;1015.3;3.6;15.3;03;3.3;10.0;3.8;NaN;953.6;948.4;0.0;12.5;04;3.3;
g_1_x0zD2cF7;Deportivo de La Coruna;0;2018-01-27;A CORUÑA;A CORUÑA;12.3;8.3;0.0;1029.0;1026.7;0.8;7.8;36;0.8;14.8;4.1;7.9;1022.5;1015.3;3.6;15.3;03;3.3;
g_1_nVH3PKMK;Barcelona;0;2018-01-28;BARCELONA AEROPUERTO;BARCELONA;15.7;8.2;7.7;1037.0;1032.0;0.0;7.2;99;3.1;9.5;-2.2;3.6;979.5;975.7;0.0;3.1;99;0.6;
g_1_ID8ZJbpr;Sevilla;0;2018-01-28;SEVILLA AEROPUERTO;SEVILLA;16.4;3.4;6.1;1026.4;1022.3;0.0;16.4;08;6.4;13.4;3.5;NaN;958.0;952.3;0.0;15.0;04;4.7;
g_1_2HxvHdU0;Atletico de Madrid;0;2018-01-28;MADRID, RETIRO;MADRID;13.4;3.5;NaN;958.0;952.3;0.0;15.0;04;4.7;19.1;13.9;5.7;1018.9;1014.0;0.6;18.6;99;8.1;
g_1_0YL7OvxR;Leganes;1;2018-01-28;MADRID, RETIRO;MADRID;13.4;3.5;NaN;958.0;952.3;0.0;15.0;04;4.7;15.7;8.2;7.7;1037.0;1032.0;0.0;7.2;99;3.1;
g_1_46SbQ07E;Celta de Vigo;0;2018-01-29;VIGO AEROPUERTO;PONTEVEDRA;18.1;6.4;NaN;1004.1;999.4;0.0;9.7;10;0.8;19.3;9.2;3.6;1025.2;1021.9;0.0;15.0;07;7.5;
g_1_CnKUwKyE;Real Sociedad;0;2018-02-02;DONOSTIA/SAN SEBASTIÁN, IGUELDO;GIPUZKOA;6.0;1.8;2.0;986.6;980.8;14.9;16.1;01;3.6;10.3;6.0;5.8;1015.9;1011.6;2.8;14.7;34;2.8;
g_1_AstnFzaD;Levante;0;2018-02-03;VALENCIA AEROPUERTO;VALENCIA;16.0;2.3;9.8;1009.4;1004.8;1.9;13.9;99;2.8;10.3;0.2;NaN;942.0;935.1;2.3;11.1;28;3.1;
g_1_KCNxxb6Q;Alaves;0;2018-02-03;VITORIA GASTEIZ AEROPUERTO;ARABA/ALAVA;5.6;0.8;0.1;958.0;952.9;4.0;9.2;23;3.6;8.3;2.3;0.0;993.1;988.5;2.8;9.2;99;3.1;
g_1_jwJYxviK;Real Betis;0;2018-02-03;SEVILLA AEROPUERTO;SEVILLA;15.1;1.1;10.0;1020.0;1014.9;0.2;7.2;99;1.9;15.9;4.9;8.8;1010.4;1006.2;NA;11.4;35;2.2;
g_1_GK2DVeqf;Eibar;1;2018-02-03;BILBAO AEROPUERTO;BIZKAIA;9.7;2.4;0.0;1015.0;1008.8;32.1;20.6;30;1.1;15.1;1.1;10.0;1020.0;1014.9;0.2;7.2;99;1.9;
g_1_69eQSgTC;Atletico de Madrid;0;2018-02-04;MADRID, RETIRO;MADRID;5.8;1.5;NaN;935.1;929.9;17.3;10.8;04;3.6;9.5;4.7;0.0;1005.0;1000.3;12.9;10.8;23;3.9;
g_1_As2HUFb0;Girona;1;2018-02-04;GIRONA AEROPUERTO;GIRONA;7.5;-0.2;0.2;997.4;994.5;24.1;8.3;01;1.4;10.0;3.8;3.4;1010.5;1007.9;6.4;8.9;99;1.4;
g_1_ML94XHEs;Espanyol;0;2018-02-04;BARCELONA AEROPUERTO;BARCELONA;10.6;6.5;0.0;1011.9;1009.6;51.9;21.1;36;6.4;10.6;6.5;0.0;1011.9;1009.6;51.9;21.1;36;6.4;
g_1_4pa9WyUm;Getafe;1;2018-02-04;MADRID, RETIRO;MADRID;5.8;1.5;NaN;935.1;929.9;17.3;10.8;04;3.6;5.8;1.5;NaN;935.1;929.9;17.3;10.8;04;3.6;
g_1_lY0LTZD6;Las Palmas;0;2018-02-05;GRAN CANARIA AEROPUERTO;LAS PALMAS;18.7;13.5;5.9;1016.2;1012.5;2.6;14.4;35;7.5;13.7;3.5;NaN;1003.5;1000.9;0.0;7.8;01;2.8;
g_1_vNF3tDcC;Athletic Club;1;2018-02-09;BILBAO AEROPUERTO;BIZKAIA;8.9;-0.5;0.0;1021.9;1013.4;5.8;19.7;35;2.8;18.7;13.9;6.9;1022.2;1019.3;0.5;17.5;02;8.9;
g_1_b3rCjcLJ;Real Madrid;0;2018-02-10;MADRID, RETIRO;MADRID;9.1;2.3;NaN;944.8;942.2;0.0;10.8;02;2.2;7.7;3.2;0.0;993.3;989.6;8.5;16.7;03;2.2;
g_1_reMfrZSa;Leganes;1;2018-02-10;MADRID, RETIRO;MADRID;9.1;2.3;NaN;944.8;942.2;0.0;10.8;02;2.2;9.0;3.7;0.0;1021.9;1016.3;16.5;8.9;99;1.4;
g_1_YqF7uXCI;Malaga;0;2018-02-10;MÁLAGA, CENTRO METEOROLÓGICO;MALAGA;17.5;8.5;NaN;1018.4;1013.8;0.0;10.0;30;3.9;9.1;2.3;NaN;944.8;942.2;0.0;10.8;02;2.2;
g_1_ImProyqs;Villarreal;0;2018-02-10;CASTELLÓN - ALMASSORA;CASTELLON;13.1;5.6;7.1;1014.8;1011.9;0.0;12.5;01;2.2;5.1;1.0;0.5;964.1;960.6;2.5;9.2;34;2.5;
g_1_p0fURDrJ;Valencia;0;2018-02-11;VALENCIA AEROPUERTO;VALENCIA;20.7;2.3;8.3;1013.1;1007.7;0.0;12.5;24;4.4;20.7;2.3;8.3;1013.1;1007.7;0.0;12.5;24;4.4;
g_1_dvOnpebm;Celta de Vigo;0;2018-02-11;VIGO AEROPUERTO;PONTEVEDRA;11.4;5.0;0.0;994.5;991.2;9.2;10.3;99;3.6;14.8;2.4;6.4;1017.6;1012.8;1.4;11.7;25;6.9;
g_1_44NjqFDg;Barcelona;0;2018-02-11;BARCELONA AEROPUERTO;BARCELONA;14.8;2.4;6.4;1017.6;1012.8;1.4;11.7;25;6.9;14.3;0.7;NaN;944.7;940.6;0.1;11.7;28;3.1;
g_1_QJBasgr6;Sevilla;0;2018-02-11;SEVILLA AEROPUERTO;SEVILLA;17.5;2.5;9.8;1023.0;1019.1;0.0;10.8;23;2.2;13.8;-3.7;3.1;1002.0;996.6;0.2;6.1;99;0.8;
g_1_C6nGkHzQ;Deportivo de La Coruna;0;2018-02-12;A CORUÑA;A CORUÑA;10.0;5.5;5.2;1019.1;1011.1;6.0;8.9;22;2.8;18.6;5.5;5.4;1020.4;1016.8;0.0;11.7;30;4.2;
g_1_vuRwrQYG;Girona;1;2018-02-16;GIRONA AEROPUERTO;GIRONA;15.7;3.3;0.0;1008.3;1004.5;0.1;3.6;99;0.6;14.6;6.8;NaN;948.0;943.4;0.0;5.0;24;1.7;
g_1_hn7EyOBp;Malaga;0;2018-02-17;MÁLAGA, CENTRO METEOROLÓGICO;MALAGA;22.4;10.7;NaN;1017.7;1013.6;0.0;8.6;28;2.5;22.7;5.8;8.3;1016.7;1011.6;3.4;6.1;99;2.5;
g_1_QHKNo8Zi;Alaves;0;2018-02-17;VITORIA GASTEIZ AEROPUERTO;ARABA/ALAVA;11.4;2.8;2.1;967.9;961.3;1.5;10.8;35;2.5;13.2;7.5;9.1;1022.8;1018.3;0.0;7.8;36;2.8;
g_1_0lSZr6JA;Eibar;1;2018-02-17;BILBAO AEROPUERTO;BIZKAIA;13.0;6.0;2.6;1025.0;1017.7;4.2;12.8;30;3.9;15.7;8.6;1.6;1022.6;1018.7;0.3;10.8;03;3.3;
g_1_8EVssplN;Las Palmas;0;2018-02-17;GRAN CANARIA AEROPUERTO;LAS PALMAS;20.7;14.6;10.5;1019.3;1015.8;0.0;14.4;02;7.8;17.3;8.9;6.0;1021.3;1018.0;0.0;6.7;22;2.2;
g_1_nRLJnlKo;Real Betis;0;2018-02-18;SEVILLA AEROPUERTO;SEVILLA;20.4;6.2;9.2;1018.8;1014.4;0.0;8.9;03;2.5;13.4;2.6;NaN;946.4;942.5;0.0;8.3;99;2.8;
g_1_KvKRpSlb;Espanyol;0;2018-02-18;BARCELONA AEROPUERTO;BARCELONA;15.2;7.0;7.3;1022.4;1018.0;0.0;9.2;36;4.2;17.6;8.8;8.5;1018.7;1013.9;0.0;7.5;30;3.1;
g_1_n5Uot43T;Atletico de Madrid;0;2018-02-18;MADRID, RETIRO;MADRID;13.4;2.6;NaN;946.4;942.5;0.0;8.3;99;2.8;11.5;4.7;0.0;1024.9;1018.2;24.6;8.3;99;2.5;
g_1_A9xyO4so;Real Sociedad;0;2018-02-18;DONOSTIA/SAN SEBASTIÁN, IGUELDO;GIPUZKOA;10.2;6.9;0.0;996.8;991.1;19.6;13.9;35;5.6;16.7;6.9;7.0;1016.6;1012.2;0.0;9.2;32;2.8;
g_1_IPxVqn44;Getafe;1;2018-02-19;MADRID, RETIRO;MADRID;15.0;6.5;NaN;943.1;940.3;0.0;10.0;03;2.2;14.4;7.1;4.5;993.2;991.3;0.0;10.3;99;3.9;
g_1_0hthlnw0;Leganes;1;2018-02-21;MADRID, RETIRO;MADRID;12.0;3.2;NaN;937.6;931.6;0.0;13.9;02;4.2;12.0;3.2;NaN;937.6;931.6;0.0;13.9;02;4.2;
g_1_IoE5dPmA;Deportivo de La Coruna;0;2018-02-23;A CORUÑA;A CORUÑA;13.7;4.4;10.1;1002.5;998.0;0.0;7.2;15;3.1;11.0;4.7;5.9;1007.6;1005.6;0.0;11.4;01;4.2;
g_1_8z7IgNXS;Barcelona;0;2018-02-24;BARCELONA AEROPUERTO;BARCELONA;12.6;2.3;9.6;1009.9;1007.0;0.0;9.7;22;4.4;13.1;-3.6;2.7;993.9;991.1;0.0;7.8;13;1.4;
g_1_Aqgpkstp;Leganes;1;2018-02-24;MADRID, RETIRO;MADRID;11.0;-0.3;NaN;931.6;928.4;0.0;5.8;17;1.4;20.6;12.3;8.8;1001.7;996.8;0.0;8.3;99;2.5;
g_1_veF1c5Y3;Real Madrid;0;2018-02-24;MADRID, RETIRO;MADRID;11.0;-0.3;NaN;931.6;928.4;0.0;5.8;17;1.4;9.7;-2.9;7.4;951.5;947.2;0.0;7.2;04;2.2;
g_1_QBHDf3IM;Celta de Vigo;0;2018-02-24;VIGO AEROPUERTO;PONTEVEDRA;14.6;1.7;NaN;978.9;974.4;0.0;7.8;28;3.1;10.4;0.9;4.5;1008.4;1004.1;0.0;6.7;35;1.7;
g_1_vJcll1ej;Sevilla;0;2018-02-25;SEVILLA AEROPUERTO;SEVILLA;18.8;8.4;5.6;1009.4;1006.2;0.0;5.8;20;1.9;13.5;0.0;NaN;935.8;931.4;0.0;5.6;23;1.4;
g_1_Kha0aR3i;Valencia;0;2018-02-25;VALENCIA AEROPUERTO;VALENCIA;17.6;0.9;10.5;1004.3;1001.2;0.0;8.9;12;2.8;8.8;1.5;4.5;984.6;981.0;0.0;7.5;03;3.1;
g_1_I9dhmLAd;Athletic Club;1;2018-02-25;BILBAO AEROPUERTO;BIZKAIA;12.1;-1.1;7.4;1011.8;1008.4;0.0;8.9;36;2.2;16.9;9.1;NaN;1008.1;1006.0;0.0;4.4;25;1.1;
g_1_C8D9eq3G;Villarreal;0;2018-02-25;CASTELLÓN - ALMASSORA;CASTELLON;15.8;4.2;10.0;1006.0;1003.2;0.0;6.1;29;2.2;13.5;0.0;NaN;935.8;931.4;0.0;5.6;23;1.4;
g_1_bqb4boJc;Levante;0;2018-02-26;VALENCIA AEROPUERTO;VALENCIA;15.2;1.6;10.3;1002.1;996.6;0.0;8.3;08;3.6;20.6;6.2;5.8;1007.2;999.7;1.9;10.8;27;3.3;
g_1_0UVe7t2S;Girona;1;2018-02-27;GIRONA AEROPUERTO;GIRONA;5.5;-1.3;0.9;995.0;992.1;0.0;11.7;05;2.5;10.4;2.8;1.3;972.7;964.3;4.0;8.9;04;3.3;
g_1_QBwqArI9;Espanyol;0;2018-02-27;BARCELONA AEROPUERTO;BARCELONA;5.1;1.7;0.0;1010.3;1008.5;3.7;13.3;07;2.5;5.6;1.5;NaN;927.6;924.4;19.9;11.1;04;1.7;
g_1_WCMR1KPk;Atletico de Madrid;0;2018-02-28;MADRID, RETIRO;MADRID;12.0;3.6;NaN;924.4;915.0;19.2;14.2;21;1.9;12.0;3.6;NaN;924.4;915.0;19.2;14.2;21;1.9;
g_1_MwXi8MnM;Eibar;1;2018-02-28;BILBAO AEROPUERTO;BIZKAIA;10.4;-2.7;0.1;1002.6;983.8;4.6;12.5;16;2.8;9.7;5.3;0.0;1002.6;991.2;0.6;6.1;30;1.7;
g_1_hSAz0bf2;Athletic Club;1;2018-02-28;BILBAO AEROPUERTO;BIZKAIA;10.4;-2.7;0.1;1002.6;983.8;4.6;12.5;16;2.8;9.6;4.6;0.0;1000.3;988.7;NA;6.1;02;1.4;
g_1_42xm92XF;Getafe;1;2018-02-28;MADRID, RETIRO;MADRID;12.0;3.6;NaN;924.4;915.0;19.2;14.2;21;1.9;6.9;1.9;0.0;991.8;975.1;23.2;13.1;09;2.8;
g_1_EyCW0vud;Malaga;0;2018-02-28;MÁLAGA, CENTRO METEOROLÓGICO;MALAGA;16.6;13.5;NaN;1000.7;993.4;33.5;12.8;24;3.1;16.4;13.5;0.0;1000.0;990.2;16.3;21.7;21;8.6;
g_1_WlvuBO23;Alaves;0;2018-03-01;VITORIA GASTEIZ AEROPUERTO;ARABA/ALAVA;14.6;1.5;6.1;932.5;919.9;1.6;23.3;23;5.8;13.6;5.8;0.3;990.0;980.9;6.6;24.2;26;1.4;
g_1_I9IN20Aq;Las Palmas;0;2018-03-01;GRAN CANARIA AEROPUERTO;LAS PALMAS;25.6;18.1;10.0;1006.3;997.5;0.0;19.7;22;5.0;15.3;6.8;0.6;997.4;987.4;1.1;12.8;25;4.7;
g_1_KEzyC4mc;Real Betis;0;2018-03-01;SEVILLA AEROPUERTO;SEVILLA;19.0;12.3;4.7;1000.4;983.2;18.0;25.3;23;10.3;16.9;6.0;3.1;959.1;947.7;4.8;28.3;22;14.7;
g_1_t26ULuHL;Real Madrid;0;2018-03-03;MADRID, RETIRO;MADRID;13.4;5.3;NaN;NaN;NaN;13.8;13.6;26;3.6;13.4;5.3;NaN;NaN;NaN;13.8;13.6;26;3.6;
g_1_zP5YKaWR;Deportivo de La Coruna;0;2018-03-03;A CORUÑA;A CORUÑA;14.5;8.0;6.5;985.4;981.4;1.0;18.9;22;6.1;18.6;11.4;7.1;992.0;985.0;0.4;17.5;99;6.7;
g_1_SMpDDHO1;Leganes;1;2018-03-03;MADRID, RETIRO;MADRID;13.4;5.3;NaN;NaN;NaN;13.8;13.6;26;3.6;15.6;10.8;NaN;1002.1;998.9;8.9;8.3;20;1.9;
g_1_vclHCyv8;Sevilla;0;2018-03-03;SEVILLA AEROPUERTO;SEVILLA;17.0;11.9;0.0;1002.1;997.9;12.4;15.3;22;5.8;18.6;11.4;7.1;992.0;985.0;0.4;17.5;99;6.7;
g_1_xYi0GJvq;Villarreal;0;2018-03-03;CASTELLÓN - ALMASSORA;CASTELLON;20.6;8.4;6.3;996.0;991.2;0.0;15.8;29;4.4;19.2;5.9;5.3;985.4;976.0;0.0;11.4;14;4.2;
g_1_6qEHOsX2;Valencia;0;2018-03-04;VALENCIA AEROPUERTO;VALENCIA;17.2;8.4;4.3;992.8;989.9;1.4;12.5;24;2.8;17.9;11.1;6.6;999.4;994.0;3.7;16.4;23;6.1;
g_1_pzDLN1n9;Real Sociedad;0;2018-03-04;DONOSTIA/SAN SEBASTIÁN, IGUELDO;GIPUZKOA;14.0;7.7;6.2;966.9;962.3;0.8;13.9;28;3.6;13.0;3.3;7.0;938.9;934.5;NA;10.3;99;3.9;
g_1_Yao9Ec9e;Barcelona;0;2018-03-04;BARCELONA AEROPUERTO;BARCELONA;16.2;9.1;2.0;999.0;995.0;0.0;9.7;08;2.8;13.0;5.4;NaN;NaN;NaN;4.9;10.6;17;2.5;
g_1_Sb2QML1F;Levante;0;2018-03-04;VALENCIA AEROPUERTO;VALENCIA;17.2;8.4;4.3;992.8;989.9;1.4;12.5;24;2.8;16.2;9.1;2.0;999.0;995.0;0.0;9.7;08;2.8;
g_1_f9n5Fwfk;Celta de Vigo;0;2018-03-05;VIGO AEROPUERTO;PONTEVEDRA;10.8;5.8;NaN;968.4;958.6;10.1;11.7;21;3.1;21.4;15.8;11.1;1013.1;1010.1;0.0;8.9;15;3.1;
g_1_AqVw1adg;Girona;1;2018-03-09;GIRONA AEROPUERTO;GIRONA;18.2;2.0;7.7;996.8;992.6;NA;16.1;99;5.6;18.7;13.2;1.4;995.2;983.7;6.8;19.2;22;4.2;
g_1_d0XkbctC;Malaga;0;2018-03-10;MÁLAGA, CENTRO METEOROLÓGICO;MALAGA;20.1;14.7;NaN;1009.2;1003.3;7.0;10.0;26;1.4;18.2;11.4;8.6;1009.1;1002.0;0.8;10.3;22;5.3;
g_1_lUtV2LRt;Getafe;1;2018-03-10;MADRID, RETIRO;MADRID;11.9;7.5;NaN;NaN;NaN;23.7;11.9;23;2.8;25.3;12.4;5.8;1002.5;995.1;1.3;16.9;29;3.9;
g_1_G2midyBO;Sevilla;0;2018-03-10;SEVILLA AEROPUERTO;SEVILLA;18.9;11.5;5.4;1007.4;1003.3;10.5;18.9;25;7.8;25.3;12.4;5.8;1002.5;995.1;1.3;16.9;29;3.9;
g_1_SKuZ1usm;Eibar;1;2018-03-10;BILBAO AEROPUERTO;BIZKAIA;20.7;15.7;0.8;995.8;990.6;0.0;16.1;99;5.0;11.9;7.5;NaN;NaN;NaN;23.7;11.9;23;2.8;
g_1_xClmcHeI;Athletic Club;1;2018-03-11;BILBAO AEROPUERTO;BIZKAIA;18.6;9.3;3.2;998.2;988.4;0.1;23.3;22;9.4;10.5;6.0;NaN;NaN;NaN;1.1;17.5;28;5.0;
g_1_OnZs0JBa;Las Palmas;0;2018-03-11;GRAN CANARIA AEROPUERTO;LAS PALMAS;NaN;NaN;8.7;NaN;NaN;0.0;14.4;03;6.7;19.5;12.5;6.8;1001.1;996.3;0.0;15.8;26;NaN;
g_1_I9YoawR5;Atletico de Madrid;0;2018-03-11;MADRID, RETIRO;MADRID;10.5;6.0;NaN;NaN;NaN;1.1;17.5;28;5.0;11.2;8.0;0.2;976.9;959.7;16.2;23.3;22;8.6;
g_1_MLD1KmcE;Espanyol;0;2018-03-11;BARCELONA AEROPUERTO;BARCELONA;17.9;10.8;5.2;1002.3;998.5;0.2;16.4;26;6.9;15.8;10.0;1.0;971.4;963.6;NA;22.5;26;10.3;
g_1_rVEcLTs8;Alaves;0;2018-03-12;VITORIA GASTEIZ AEROPUERTO;ARABA/ALAVA;13.1;5.2;3.8;956.5;944.0;1.8;13.3;29;3.3;18.4;9.1;9.3;1018.7;1014.9;0.7;9.2;99;3.9;
g_1_StH9EIQh;Levante;0;2018-03-16;VALENCIA AEROPUERTO;VALENCIA;18.9;9.0;10.3;998.8;995.2;0.0;16.1;26;7.5;16.4;3.8;8.0;999.8;996.9;0.0;10.8;99;3.1;
g_1_6RS0Gvdt;Real Betis;0;2018-03-17;SEVILLA AEROPUERTO;SEVILLA;15.7;7.7;0.1;1008.9;997.1;19.9;18.1;23;7.2;15.4;6.7;5.2;1002.2;995.5;2.0;13.9;25;4.4;
g_1_ljI5FbBn;Real Sociedad;0;2018-03-17;DONOSTIA/SAN SEBASTIÁN, IGUELDO;GIPUZKOA;10.4;4.8;4.1;971.2;968.3;8.8;14.4;03;4.7;9.5;3.0;NaN;NaN;NaN;7.3;11.1;36;2.8;
g_1_U5yZKKmP;Valencia;0;2018-03-17;VALENCIA AEROPUERTO;VALENCIA;14.4;7.6;3.5;998.7;989.7;0.2;15.0;25;5.6;10.1;2.5;4.4;943.5;938.9;5.1;11.7;99;3.1;
g_1_z7KHCde5;Deportivo de La Coruna;0;2018-03-17;A CORUÑA;A CORUÑA;12.8;6.8;7.7;996.4;993.4;0.2;10.0;28;4.4;21.0;14.5;9.7;1017.1;1013.9;0.0;15.0;02;5.8;
g_1_dGLDDxta;Real Madrid;0;2018-03-18;MADRID, RETIRO;MADRID;12.8;4.0;NaN;NaN;NaN;0.0;10.3;88;3.3;15.3;0.8;2.0;989.7;980.1;0.8;11.4;18;1.9;
g_1_GGSPAzQH;Celta de Vigo;0;2018-03-18;VIGO AEROPUERTO;PONTEVEDRA;11.6;4.7;3.9;982.2;973.7;15.9;10.8;99;4.2;17.1;11.4;NaN;1010.7;996.7;0.7;11.1;31;2.8;
g_1_IV9MBGAB;Villarreal;0;2018-03-18;CASTELLÓN - ALMASSORA;CASTELLON;19.0;7.5;7.2;1003.3;993.4;0.0;9.7;28;2.2;12.8;4.0;NaN;NaN;NaN;0.0;10.3;88;3.3;
g_1_AwST9fuO;Barcelona;0;2018-03-18;BARCELONA AEROPUERTO;BARCELONA;15.0;5.4;11.0;1005.3;996.5;0.0;10.8;36;5.3;11.8;5.9;0.7;1005.8;996.1;6.4;12.8;31;3.9;
g_1_lUQX8EfU;Leganes;1;2018-03-18;MADRID, RETIRO;MADRID;12.8;4.0;NaN;NaN;NaN;0.0;10.3;88;3.3;16.1;9.8;4.8;1012.7;1000.6;0.2;9.7;99;3.6;
g_1_QFyCMXOT;Sevilla;0;2018-03-31;SEVILLA AEROPUERTO;SEVILLA;19.9;8.5;11.6;1016.6;1011.4;0.0;9.2;22;3.3;18.6;10.1;8.7;1014.9;999.3;0.0;18.6;99;8.9;
g_1_IqkeQFP4;Las Palmas;0;2018-03-31;GRAN CANARIA AEROPUERTO;LAS PALMAS;21.2;15.5;11.2;1015.6;1010.1;0.0;13.3;99;7.2;14.5;3.2;NaN;NaN;NaN;0.0;12.2;26;2.8;
g_1_rin7ND9N;Athletic Club;1;2018-03-31;BILBAO AEROPUERTO;BIZKAIA;13.5;5.2;3.0;1013.5;994.7;1.8;21.1;31;9.2;11.9;4.9;3.4;986.8;977.7;0.0;9.2;18;3.3;
g_1_zLajReAb;Girona;1;2018-03-31;GIRONA AEROPUERTO;GIRONA;16.4;3.4;5.5;998.6;982.0;NA;12.5;01;2.5;20.0;8.9;12.0;1010.8;997.0;0.0;22.2;99;9.2;
g_1_dzlaPZvB;Atletico de Madrid;0;2018-04-01;MADRID, RETIRO;MADRID;17.5;5.4;NaN;940.8;933.9;0.0;7.5;12;1.4;18.4;10.8;2.2;1006.3;996.0;9.8;15.0;15;5.3;
g_1_MHenSyeh;Eibar;1;2018-04-01;BILBAO AEROPUERTO;BIZKAIA;20.2;4.6;2.4;1013.4;1002.3;0.0;14.4;18;3.1;19.2;5.9;7.0;986.6;975.8;0.0;23.1;24;5.3;
g_1_40m3OgfH;Malaga;0;2018-04-01;MÁLAGA, CENTRO METEOROLÓGICO;MALAGA;19.5;7.8;NaN;1013.2;1006.3;0.0;9.7;13;2.5;18.9;7.7;11.0;1014.3;1009.1;0.0;6.9;14;1.7;
g_1_2yTwIiXp;Leganes;1;2018-04-01;MADRID, RETIRO;MADRID;17.5;5.4;NaN;940.8;933.9;0.0;7.5;12;1.4;19.3;6.7;11.4;1012.4;1006.5;0.0;9.7;12;3.1;
g_1_l4cvUcQu;Espanyol;0;2018-04-01;BARCELONA AEROPUERTO;BARCELONA;17.0;7.5;11.1;1018.5;1014.4;0.0;9.2;23;4.7;15.8;-0.9;6.7;957.8;949.8;0.0;8.9;22;3.1;
g_1_SfdrTHun;Getafe;1;2018-04-02;MADRID, RETIRO;MADRID;19.4;9.4;NaN;933.9;928.8;5.3;11.7;24;3.3;20.4;8.6;10.4;1007.8;1004.9;0.2;11.7;23;5.0;
g_1_vJ1oyXwN;Deportivo de La Coruna;0;2018-04-06;A CORUÑA;A CORUÑA;13.9;9.0;0.2;998.5;995.7;4.0;13.6;16;4.2;22.1;13.3;NaN;1009.4;1002.3;0.0;7.2;15;2.2;
g_1_lhiLUUGj;Barcelona;0;2018-04-07;BARCELONA AEROPUERTO;BARCELONA;17.8;13.6;0.7;1012.8;1005.9;4.2;17.5;07;10.8;11.4;7.4;NaN;931.2;928.7;4.1;NaN;NaN;NaN;
g_1_C6AUvFvb;Real Betis;0;2018-04-07;SEVILLA AEROPUERTO;SEVILLA;17.2;10.7;4.4;1007.7;1005.2;3.7;12.8;27;4.4;15.0;9.5;0.0;1003.0;1000.7;1.8;8.3;14;2.2;
g_1_A1hHVA1p;Celta de Vigo;0;2018-04-07;VIGO AEROPUERTO;PONTEVEDRA;13.7;7.5;1.5;978.4;973.1;12.2;10.8;99;4.2;17.2;10.7;4.4;1007.7;1005.2;3.7;12.8;27;4.4;
g_1_fVFPuePi;Alaves;0;2018-04-07;VITORIA GASTEIZ AEROPUERTO;ARABA/ALAVA;12.1;6.2;0.0;948.3;946.6;5.8;11.4;17;3.1;11.4;7.4;NaN;931.2;928.7;4.1;NaN;NaN;NaN;
g_1_GvHLtyAo;Valencia;0;2018-04-08;VALENCIA AEROPUERTO;VALENCIA;21.7;8.3;10.0;1001.8;997.5;0.0;17.5;24;6.7;15.6;12.4;0.0;1005.9;1002.4;1.3;12.8;36;7.2;
g_1_jc9YwZg4;Real Sociedad;0;2018-04-08;DONOSTIA/SAN SEBASTIÁN, IGUELDO;GIPUZKOA;12.6;8.5;1.3;977.5;975.5;5.7;11.1;02;3.1;14.2;9.8;0.0;992.1;986.5;23.0;7.2;02;1.9;
g_1_dfCtxDOG;Real Madrid;0;2018-04-08;MADRID, RETIRO;MADRID;15.5;5.2;NaN;931.4;929.5;2.5;NaN;NaN;NaN;15.5;5.2;NaN;931.4;929.5;2.5;NaN;NaN;NaN;
g_1_pK8xwg9A;Levante;0;2018-04-08;VALENCIA AEROPUERTO;VALENCIA;21.7;8.3;10.0;1001.8;997.5;0.0;17.5;24;6.7;21.5;15.9;8.9;1016.2;1013.4;0.1;18.9;99;8.6;
g_1_I90kzigT;Villarreal;0;2018-04-09;CASTELLÓN - ALMASSORA;CASTELLON;20.5;10.1;11.5;1003.6;1000.7;0.0;14.4;24;4.4;14.0;7.8;0.0;1003.0;999.6;5.8;11.7;11;2.8;
g_1_bNYBihO3;Girona;1;2018-04-13;GIRONA AEROPUERTO;GIRONA;15.7;5.7;0.3;999.2;989.4;7.8;7.8;99;2.5;16.2;7.4;4.9;1010.9;1000.5;8.6;13.3;08;4.7;
g_1_zNQqXNxk;Athletic Club;1;2018-04-14;BILBAO AEROPUERTO;BIZKAIA;19.5;9.4;7.0;1013.6;1009.3;0.0;9.7;10;2.5;17.6;9.3;6.9;1009.2;1005.8;1.2;14.7;20;3.9;
g_1_xEXFjCwA;Las Palmas;0;2018-04-14;GRAN CANARIA AEROPUERTO;LAS PALMAS;21.7;15.8;8.2;1018.0;1015.4;0.0;16.4;02;6.4;15.2;9.2;9.2;986.7;983.2;0.0;10.6;23;2.5;
g_1_WlKhV171;Leganes;1;2018-04-14;MADRID, RETIRO;MADRID;16.5;5.2;NaN;939.5;935.4;0.2;NaN;NaN;NaN;16.4;6.5;2.4;987.1;984.7;2.0;12.8;18;4.4;
g_1_AuJdULM7;Barcelona;0;2018-04-14;BARCELONA AEROPUERTO;BARCELONA;15.0;12.8;0.0;1016.6;1013.4;8.1;14.4;34;4.2;18.6;7.6;8.6;1011.0;1005.3;0.0;12.5;09;5.6;
g_1_lQUmWshe;Sevilla;0;2018-04-14;SEVILLA AEROPUERTO;SEVILLA;20.6;5.8;11.9;1017.6;1010.9;0.0;9.7;26;2.8;19.0;9.8;7.3;1012.6;1007.6;0.0;10.8;09;2.8;
g_1_t0RuY3Nr;Malaga;0;2018-04-15;MÁLAGA, CENTRO METEOROLÓGICO;MALAGA;23.4;12.3;NaN;1015.0;1011.3;0.0;9.2;30;2.2;18.0;8.6;NaN;940.6;934.7;14.3;NaN;NaN;NaN;
g_1_jcV3gEgi;Getafe;1;2018-04-15;MADRID, RETIRO;MADRID;18.0;8.6;NaN;940.6;934.7;14.3;NaN;NaN;NaN;19.2;13.0;9.8;1014.9;1010.4;0.0;13.3;23;5.0;
g_1_4z4CkWhG;Atletico de Madrid;0;2018-04-15;MADRID, RETIRO;MADRID;18.0;8.6;NaN;940.6;934.7;14.3;NaN;NaN;NaN;27.1;7.9;12.0;1010.3;1003.7;0.2;16.4;23;7.2;
g_1_40Z7hY8c;Eibar;1;2018-04-15;BILBAO AEROPUERTO;BIZKAIA;17.0;11.2;1.3;1012.2;1008.2;5.5;8.9;18;2.2;16.5;6.5;4.1;956.3;954.7;11.7;10.8;22;4.4;
g_1_I5rzrui7;Villarreal;0;2018-04-17;CASTELLÓN - ALMASSORA;CASTELLON;24.4;11.7;12.8;1019.9;1015.7;0.0;6.9;16;2.5;21.6;7.6;NaN;947.2;944.7;0.0;NaN;NaN;NaN;
g_1_W8nvsa6D;Celta de Vigo;0;2018-04-17;VIGO AEROPUERTO;PONTEVEDRA;20.3;10.4;NaN;992.9;989.8;0.0;14.4;19;4.7;22.6;11.0;12.4;1024.1;1019.6;0.0;10.3;99;5.8;
g_1_OrqWrLy1;Deportivo de La Coruna;0;2018-04-17;A CORUÑA;A CORUÑA;21.6;12.9;9.2;1015.4;1010.0;0.0;15.3;19;5.0;25.7;9.5;12.7;1020.2;1016.9;0.0;8.9;05;3.1;
g_1_phpSq1Mf;Real Madrid;0;2018-04-18;MADRID, RETIRO;MADRID;24.7;12.2;NaN;947.0;944.5;0.0;NaN;NaN;1.9;30.5;9.8;11.9;1018.3;1014.3;0.0;9.2;13;3.9;
g_1_xnBrhPEE;Espanyol;0;2018-04-18;BARCELONA AEROPUERTO;BARCELONA;23.5;14.0;12.1;1025.9;1023.4;0.0;11.4;03;4.2;30.5;9.8;11.9;1018.3;1014.3;0.0;9.2;13;3.9;
g_1_beCvg5a8;Valencia;0;2018-04-18;VALENCIA AEROPUERTO;VALENCIA;25.1;9.4;12.7;1018.4;1016.8;0.0;8.9;07;2.8;24.7;12.2;NaN;947.0;944.5;0.0;NaN;NaN;1.9;
g_1_SGkNps7l;Levante;0;2018-04-19;VALENCIA AEROPUERTO;VALENCIA;19.7;9.8;11.9;1017.9;1015.8;0.0;10.8;99;5.0;21.8;12.1;NaN;1018.7;1014.0;0.0;8.3;14;3.1;
g_1_Wp4ij3qR;Real Betis;0;2018-04-19;SEVILLA AEROPUERTO;SEVILLA;26.7;11.3;12.1;1016.9;1010.9;0.0;12.5;99;6.1;25.3;16.6;11.5;1012.4;1009.0;0.4;18.1;36;7.8;
g_1_KA0miqUK;Alaves;0;2018-04-19;VITORIA GASTEIZ AEROPUERTO;ARABA/ALAVA;24.1;8.7;12.3;964.0;961.7;0.0;12.8;99;4.2;24.5;9.9;6.0;1010.3;1007.8;0.0;8.9;02;2.5;
g_1_lQjJoNir;Real Sociedad;0;2018-04-19;DONOSTIA/SAN SEBASTIÁN, IGUELDO;GIPUZKOA;26.8;19.4;12.4;991.3;989.7;0.0;22.5;24;5.3;24.0;12.2;NaN;946.8;942.6;0.0;9.2;15;2.8;
g_1_jJ2DebL6;Leganes;1;2018-04-20;MADRID, RETIRO;MADRID;22.5;12.3;NaN;944.3;940.8;0.0;12.2;16;3.3;16.1;12.5;6.1;1013.1;1008.3;0.0;9.2;35;3.9;
g_1_nodMgxjJ;Celta de Vigo;0;2018-04-21;VIGO AEROPUERTO;PONTEVEDRA;24.4;12.9;NaN;987.0;983.8;0.0;11.7;26;2.5;20.4;9.8;5.0;1014.4;1011.9;0.0;7.2;99;3.1;
g_1_YDQM5rqE;Eibar;1;2018-04-21;BILBAO AEROPUERTO;BIZKAIA;27.5;16.3;7.2;1013.8;1009.7;0.0;9.7;22;3.6;19.8;11.6;NaN;943.1;939.5;0.0;9.2;03;2.5;
g_1_MwBdatMs;Atletico de Madrid;0;2018-04-22;MADRID, RETIRO;MADRID;22.9;13.0;NaN;941.2;937.0;NA;7.8;10;1.9;24.7;15.1;8.6;1012.1;1007.7;10.3;8.9;99;2.8;
g_1_KUOU3MDQ;Las Palmas;0;2018-04-22;GRAN CANARIA AEROPUERTO;LAS PALMAS;21.1;15.5;2.2;1012.7;1009.1;1.1;8.9;99;2.8;24.5;9.5;10.2;960.0;955.5;1.2;12.5;16;2.2;
g_1_4201b0yl;Malaga;0;2018-04-22;MÁLAGA, CENTRO METEOROLÓGICO;MALAGA;24.1;14.1;NaN;1009.6;1005.3;3.4;6.4;07;2.2;20.3;13.0;8.3;988.9;985.4;2.5;12.5;23;2.8;
g_1_C4PQ42bK;Girona;1;2018-04-22;GIRONA AEROPUERTO;GIRONA;25.0;8.9;10.8;1002.4;999.9;0.0;11.4;99;3.9;22.5;14.4;9.0;1018.8;1016.2;0.0;10.3;99;4.4;
g_1_I545cKjf;Athletic Club;1;2018-04-23;BILBAO AEROPUERTO;BIZKAIA;17.4;13.6;0.0;1018.0;1015.1;0.3;6.7;04;1.4;24.8;13.6;6.0;1012.6;1010.8;0.0;7.8;99;2.8;
g_1_YeXj9Hk6;Levante;0;2018-04-27;VALENCIA AEROPUERTO;VALENCIA;24.4;12.7;9.9;1007.2;1001.4;1.7;8.9;99;3.9;25.2;14.3;10.9;1014.5;1008.9;0.0;9.7;23;3.6;
g_1_KCZ26FZO;Villarreal;0;2018-04-28;CASTELLÓN - ALMASSORA;CASTELLON;21.6;15.4;6.6;1007.3;1000.9;0.6;8.1;99;2.2;13.9;5.5;5.5;984.5;978.3;29.0;9.7;23;1.9;
g_1_naye8y5C;Real Madrid;0;2018-04-28;MADRID, RETIRO;MADRID;18.7;10.2;NaN;935.1;930.1;6.2;11.9;22;3.6;18.7;10.2;NaN;935.1;930.1;6.2;11.9;22;3.6;
g_1_jXsnAcz0;Real Sociedad;0;2018-04-28;DONOSTIA/SAN SEBASTIÁN, IGUELDO;GIPUZKOA;10.8;8.8;0.0;985.4;976.3;3.0;6.4;12;2.2;12.2;9.6;0.0;1011.6;1002.9;0.1;4.7;99;1.1;
g_1_4GuzDajs;Espanyol;0;2018-04-28;BARCELONA AEROPUERTO;BARCELONA;21.1;15.8;8.8;1012.1;1007.3;0.4;6.7;20;2.5;23.2;16.6;12.1;1016.2;1011.9;0.1;16.4;99;7.5;
g_1_tMza7eKI;Deportivo de La Coruna;0;2018-04-29;A CORUÑA;A CORUÑA;13.0;8.7;3.0;1005.6;998.9;5.8;11.9;25;4.4;20.1;12.8;6.0;1011.9;1003.8;0.2;22.8;30;7.5;
g_1_0lp4ILSJ;Valencia;0;2018-04-29;VALENCIA AEROPUERTO;VALENCIA;20.7;13.0;9.3;1007.6;998.1;0.0;21.1;26;9.4;15.7;9.1;2.3;1007.5;1001.3;4.1;12.5;34;3.1;
g_1_r7vvCJ5m;Alaves;0;2018-04-29;VITORIA GASTEIZ AEROPUERTO;ARABA/ALAVA;14.1;5.4;3.3;952.2;945.7;12.3;12.5;22;2.2;12.6;4.0;NaN;937.0;928.3;3.8;14.4;24;4.4;
g_1_bZ27HurQ;Getafe;1;2018-04-29;MADRID, RETIRO;MADRID;12.6;4.0;NaN;937.0;928.3;3.8;14.4;24;4.4;18.6;5.9;4.7;995.7;987.4;9.2;17.5;26;5.8;
g_1_CtqrBwLg;Real Betis;0;2018-04-30;SEVILLA AEROPUERTO;SEVILLA;17.8;6.9;8.5;1014.5;1011.6;3.5;11.4;33;3.3;21.2;10.7;NaN;1012.7;1008.3;0.0;8.6;34;1.9;
g_1_jgJMMzK5;Sevilla;0;2018-05-04;SEVILLA AEROPUERTO;SEVILLA;25.9;11.6;11.4;1011.4;1007.0;0.0;14.4;99;3.1;14.4;9.7;9.1;991.2;989.5;0.0;10.6;05;5.6;
g_1_jiv326Yj;Villarreal;0;2018-05-05;CASTELLÓN - ALMASSORA;CASTELLON;22.2;13.1;8.0;1013.1;1009.2;0.0;6.7;10;1.7;24.3;13.1;7.6;1011.2;1007.1;0.0;10.3;09;3.3;
g_1_vHza3nJp;Celta de Vigo;0;2018-05-05;VIGO AEROPUERTO;PONTEVEDRA;22.8;9.1;NaN;987.2;984.9;0.0;10.3;26;3.9;19.2;10.4;13.6;1012.7;1009.2;0.0;12.2;35;5.6;
g_1_C2KING4a;Athletic Club;1;2018-05-05;BILBAO AEROPUERTO;BIZKAIA;17.7;7.9;3.4;1017.9;1015.2;0.0;7.2;32;2.5;27.5;11.4;12.9;1012.4;1009.1;0.0;6.1;99;2.2;
g_1_K4uvVbCP;Girona;1;2018-05-05;GIRONA AEROPUERTO;GIRONA;22.4;11.8;1.4;1001.3;997.1;3.3;8.9;02;3.1;17.7;7.9;3.4;1017.9;1015.2;0.0;7.2;32;2.5;
g_1_bJMUKElI;Barcelona;0;2018-05-06;BARCELONA AEROPUERTO;BARCELONA;22.5;14.8;4.9;1018.6;1015.4;2.6;12.5;99;4.2;24.0;12.8;NaN;942.1;937.6;1.5;12.8;08;1.7;
g_1_MDR5QIKt;Las Palmas;0;2018-05-06;GRAN CANARIA AEROPUERTO;LAS PALMAS;20.0;15.0;0.6;1012.7;1009.6;0.0;10.3;34;3.3;24.0;12.8;NaN;942.1;937.6;1.5;12.8;08;1.7;
g_1_GzR9Pxzm;Atletico de Madrid;0;2018-05-06;MADRID, RETIRO;MADRID;24.0;12.8;NaN;942.1;937.6;1.5;12.8;08;1.7;22.5;14.8;4.9;1018.6;1015.4;2.6;12.5;99;4.2;
g_1_UwVDOdkg;Malaga;0;2018-05-06;MÁLAGA, CENTRO METEOROLÓGICO;MALAGA;22.3;12.7;NaN;1011.6;1008.6;0.0;7.8;13;2.8;25.4;2.7;13.2;960.9;956.1;0.0;9.2;02;2.8;
g_1_KSNQLfZB;Leganes;1;2018-05-07;MADRID, RETIRO;MADRID;22.7;12.4;NaN;940.6;936.4;13.5;16.7;09;1.4;23.8;11.4;13.1;1010.0;1006.0;0.0;9.2;05;2.5;
g_1_CS39dv60;Sevilla;0;2018-05-09;SEVILLA AEROPUERTO;SEVILLA;21.6;16.2;0.8;1011.5;1008.4;0.0;10.3;23;5.0;25.0;13.2;NaN;935.6;933.2;0.0;7.8;31;1.9;
g_1_8fcIfIzD;Barcelona;0;2018-05-09;BARCELONA AEROPUERTO;BARCELONA;21.9;14.7;3.9;1010.3;1008.2;NA;7.8;99;3.6;24.7;15.8;13.2;1006.0;1003.3;0.0;7.2;10;1.9;
g_1_QoEuGP2j;Real Madrid;0;2018-05-12;MADRID, RETIRO;MADRID;20.2;10.5;NaN;941.4;937.4;0.0;11.1;31;3.1;13.0;6.3;NaN;994.4;988.8;2.7;10.8;99;3.9;
g_1_YZJ1N7AG;Alaves;0;2018-05-12;VITORIA GASTEIZ AEROPUERTO;ARABA/ALAVA;10.3;2.0;0.5;961.8;955.6;3.1;15.0;99;2.5;12.9;5.8;0.0;1017.7;1011.3;5.6;17.5;33;5.6;
g_1_4xDqFqId;Deportivo de La Coruna;0;2018-05-12;A CORUÑA;A CORUÑA;14.3;9.5;9.6;1016.3;1010.4;5.6;13.6;28;6.7;23.7;15.2;10.1;1011.5;1004.2;0.0;14.4;36;2.5;
g_1_roRlQ9Qc;Eibar;1;2018-05-12;BILBAO AEROPUERTO;BIZKAIA;12.9;5.8;0.0;1017.7;1011.3;5.6;17.5;33;5.6;22.5;17.0;9.1;1016.2;1013.5;0.0;18.6;99;9.7;
g_1_0MLgPTu4;Getafe;1;2018-05-12;MADRID, RETIRO;MADRID;20.2;10.5;NaN;941.4;937.4;0.0;11.1;31;3.1;20.2;10.5;NaN;941.4;937.4;0.0;11.1;31;3.1;
g_1_4fSpRkBi;Girona;1;2018-05-12;GIRONA AEROPUERTO;GIRONA;23.7;8.7;6.1;1001.2;995.7;44.0;15.0;19;4.7;29.2;14.1;10.9;1008.9;1001.5;0.0;13.9;26;4.4;
g_1_nwO5MRPM;Real Betis;0;2018-05-12;SEVILLA AEROPUERTO;SEVILLA;24.2;12.2;11.1;1017.5;1013.3;0.0;12.5;31;5.0;24.2;12.2;11.1;1017.5;1013.3;0.0;12.5;31;5.0;
g_1_U1DALouT;Real Sociedad;0;2018-05-12;DONOSTIA/SAN SEBASTIÁN, IGUELDO;GIPUZKOA;12.8;6.7;0.0;991.5;984.9;13.9;18.3;36;5.6;20.2;10.5;NaN;941.4;937.4;0.0;11.1;31;3.1;
g_1_WAaxH5mp;Levante;0;2018-05-13;VALENCIA AEROPUERTO;VALENCIA;24.7;11.9;13.3;1012.2;1007.5;0.0;11.7;13;4.7;19.8;10.1;7.3;1016.7;1012.7;0.0;14.4;04;5.6;
g_1_vDKcOmeA;Espanyol;0;2018-05-13;BARCELONA AEROPUERTO;BARCELONA;19.8;10.1;7.3;1016.7;1012.7;0.0;14.4;04;5.6;24.9;13.6;NaN;1014.8;1012.8;0.0;9.4;27;4.2;
g_1_dzQX4sAe;Villarreal;0;2018-05-19;CASTELLÓN - ALMASSORA;CASTELLON;24.7;14.1;13.4;1012.2;1009.8;0.0;7.2;12;1.9;25.4;13.6;NaN;941.1;937.3;0.1;11.1;04;0.6;
g_1_2DlxG7Id;Las Palmas;0;2018-05-19;GRAN CANARIA AEROPUERTO;LAS PALMAS;23.9;17.6;6.4;1013.6;1010.6;0.0;15.3;02;7.5;25.6;9.5;5.7;1001.2;999.3;2.4;8.9;99;1.7;
g_1_AwhpEom9;Malaga;0;2018-05-19;MÁLAGA, CENTRO METEOROLÓGICO;MALAGA;23.3;15.0;NaN;1011.6;1009.5;0.0;6.7;13;2.8;25.4;13.6;NaN;941.1;937.3;0.1;11.1;04;0.6;
g_1_65ogCPHL;Sevilla;0;2018-05-19;SEVILLA AEROPUERTO;SEVILLA;28.2;15.1;8.6;1012.1;1009.1;11.4;12.8;08;3.1;21.4;5.9;10.2;960.8;958.0;0.0;10.8;02;4.2;
g_1_pdpcBqXR;Leganes;1;2018-05-19;MADRID, RETIRO;MADRID;25.4;13.6;NaN;941.1;937.3;0.1;11.1;04;0.6;28.2;15.1;8.6;1012.1;1009.1;11.4;12.8;08;3.1;
g_1_EBzT5Nfk;Celta de Vigo;0;2018-05-19;VIGO AEROPUERTO;PONTEVEDRA;24.4;14.7;NaN;987.4;985.2;0.0;10.8;25;4.4;24.6;12.2;13.3;1010.2;1007.5;0.0;9.2;99;3.9;
g_1_GGhtFRX2;Atletico de Madrid;0;2018-05-20;MADRID, RETIRO;MADRID;22.5;13.3;NaN;939.6;934.4;0.0;12.8;03;1.1;21.2;11.4;12.6;1015.1;1009.0;0.0;8.9;02;3.3;
g_1_lUjlD52F;Athletic Club;1;2018-05-20;BILBAO AEROPUERTO;BIZKAIA;21.2;11.4;12.6;1015.1;1009.0;0.0;8.9;02;3.3;24.3;16.6;11.7;1015.5;1012.4;0.0;8.3;99;4.2;
g_1_zROy41P1;Valencia;0;2018-05-20;VALENCIA AEROPUERTO;VALENCIA;24.7;11.8;12.8;1009.2;1005.3;0.0;9.2;99;3.3;19.7;11.5;14.1;1010.7;1003.8;0.0;9.4;35;3.6;
