g_1_QNH83JC5;38;21.05. 20:00;4 - 2;Barcelona;Eibar;
g_1_QNH83JC5;38;21.05. 20:00;4 - 2;Barcelona;Eibar;
g_1_ralZJvcn;38;21.05. 20:00;0 - 2;Málaga;Real Madrid;
g_1_48Ta5urg;38;21.05. 16:45;3 - 1;Atlético de Madrid;Athletic Club;
g_1_0zqvJbCh;38;21.05. 16:45;2 - 2;Celta de Vigo;Real Sociedad;
g_1_YmLG1csI;38;21.05. 16:45;1 - 3;Valencia;Villarreal;
g_1_48kVKKst;38;20.05. 21:00;5 - 0;Sevilla;Osasuna;
g_1_fcMC2wSB;38;20.05. 19:00;3 - 0;Deportivo de La Coruña;Las Palmas;
g_1_j5Pe6LSn;38;20.05. 19:00;1 - 1;Leganés;Alavés;
g_1_nXI44aca;38;20.05. 17:00;2 - 2;Sporting de Gijón;Real Betis;
g_1_IywQh2bm;37;14.05. 20:00;1 - 1;Athletic Club;Leganés;
g_1_Q1tYjtTa;37;14.05. 20:00;0 - 1;Eibar;Sporting de Gijón;
g_1_8QVxj0r6;37;14.05. 20:00;1 - 4;Las Palmas;Barcelona;
g_1_nBsUiMDg;37;14.05. 20:00;1 - 1;Real Betis;Atlético de Madrid;
g_1_fZwQBs5P;37;14.05. 20:00;4 - 1;Real Madrid;Sevilla;
g_1_drQi71Dt;37;14.05. 20:00;2 - 2;Real Sociedad;Málaga;
g_1_MTZtkKcC;37;14.05. 20:00;0 - 0;Villarreal;Deportivo de La Coruña;
g_1_vovMgrqs;37;14.05. 16:00;3 - 1;Alavés;Celta de Vigo;
g_1_fsYlmbSO;37;13.05. 18:30;2 - 1;Osasuna;Granada;
g_1_d89rtPEs;36;08.05. 20:45;4 - 0;Leganés;Real Betis;
g_1_Y31gbOzQ;36;07.05. 20:45;3 - 0;Málaga;Celta de Vigo;
g_1_Qm1axsE6;36;07.05. 18:30;1 - 2;Deportivo de La Coruña;Espanyol;
g_1_rPe4y1TC;36;07.05. 16:15;4 - 1;Valencia;Osasuna;
g_1_KrnFcipF;36;07.05. 12:00;1 - 0;Alavés;Athletic Club;
g_1_MFf8zLrJ;36;06.05. 20:45;0 - 4;Granada;Real Madrid;
g_1_nc2ewNb0;36;06.05. 18:30;4 - 1;Barcelona;Villarreal;
g_1_vXbmuqUm;36;06.05. 16:15;1 - 0;Atlético de Madrid;Eibar;
g_1_hz3iv3qf;36;06.05. 13:00;1 - 0;Sporting de Gijón;Las Palmas;
g_1_CInBbXU8;35;01.05. 21:00;4 - 2;Málaga;Sevilla;
g_1_KONXpE09;35;30.04. 20:45;0 - 3;Celta de Vigo;Athletic Club;
g_1_QLQuqhVL;35;30.04. 18:30;2 - 0;Eibar;Leganés;
g_1_WbRypYFF;35;30.04. 16:15;1 - 4;Real Betis;Alavés;
g_1_IJ5KyANe;35;30.04. 12:00;2 - 2;Osasuna;Deportivo de La Coruña;
g_1_Od6Gxj8k;35;29.04. 20:45;0 - 3;Espanyol;Barcelona;
g_1_4CPqrCpS;35;29.04. 18:30;0 - 5;Las Palmas;Atlético de Madrid;
g_1_WM9OzUx2;35;29.04. 16:15;2 - 1;Real Madrid;Valencia;
g_1_YRm7aDF2;35;29.04. 13:00;2 - 1;Real Sociedad;Granada;
g_1_dnfY8Kmh;34;27.04. 21:30;2 - 1;Athletic Club;Real Betis;
g_1_UaEBMwIi;34;27.04. 20:30;2 - 1;Sevilla;Celta de Vigo;
g_1_Akbx8v3b;34;27.04. 19:30;0 - 0;Alavés;Eibar;
g_1_0pzb3GHT;34;26.04. 21:30;2 - 6;Deportivo de La Coruña;Real Madrid;
g_1_hEms7bI4;34;26.04. 20:30;3 - 0;Leganés;Las Palmas;
g_1_x6RPbzQp;34;26.04. 20:30;2 - 3;Valencia;Real Sociedad;
g_1_ILpg4d2N;34;26.04. 19:30;7 - 1;Barcelona;Osasuna;
g_1_W4no6IXA;34;25.04. 21:30;0 - 1;Atlético de Madrid;Villarreal;
g_1_j9F7NJ2o;34;25.04. 20:30;0 - 2;Granada;Málaga;
g_1_OI5USKNQ;33;24.04. 20:45;0 - 1;Eibar;Athletic Club;
g_1_8O2GJGpD;33;23.04. 20:45;2 - 3;Real Madrid;Barcelona;
g_1_QRidOvWs;33;23.04. 18:30;1 - 1;Las Palmas;Alavés;
g_1_tfGPT08K;33;23.04. 16:15;0 - 1;Celta de Vigo;Real Betis;
g_1_nF1KIz0J;33;23.04. 12:00;1 - 0;Real Sociedad;Deportivo de La Coruña;
g_1_Yie4MI0f;33;22.04. 20:45;0 - 1;Espanyol;Atlético de Madrid;
g_1_E13CKdV6;33;22.04. 18:30;2 - 2;Osasuna;Sporting de Gijón;
g_1_f1d0Nbol;33;22.04. 16:15;2 - 1;Villarreal;Leganés;
g_1_OYeQAtJu;33;22.04. 13:00;2 - 0;Málaga;Valencia;
g_1_2mTcF1gR;32;17.04. 20:45;2 - 1;Alavés;Villarreal;
g_1_SjCLUtgE;32;16.04. 20:45;0 - 3;Granada;Celta de Vigo;
g_1_fNPkHNOE;32;16.04. 18:30;2 - 0;Real Betis;Eibar;
g_1_EmOw6cGD;32;16.04. 16:15;0 - 0;Valencia;Sevilla;
g_1_8U5QAL1r;32;16.04. 12:00;0 - 1;Leganés;Espanyol;
g_1_fo8x8Jo1;32;15.04. 20:45;3 - 2;Barcelona;Real Sociedad;
g_1_MX9U9uHl;32;15.04. 18:30;3 - 0;Atlético de Madrid;Osasuna;
g_1_Gf9Y8aWf;32;15.04. 16:15;2 - 3;Sporting de Gijón;Real Madrid;
g_1_zcPZ6w17;32;15.04. 13:00;2 - 0;Deportivo de La Coruña;Málaga;
g_1_8Uqeet2e;31;10.04. 20:45;3 - 1;Real Sociedad;Sporting de Gijón;
g_1_2T0C34fF;31;09.04. 20:45;4 - 1;Las Palmas;Real Betis;
g_1_C2jnc2Xr;31;09.04. 18:30;2 - 1;Osasuna;Leganés;
g_1_K4B74pu9;31;09.04. 16:15;0 - 2;Celta de Vigo;Eibar;
g_1_GWQoI398;31;09.04. 12:00;1 - 3;Granada;Valencia;
g_1_2iqaf0H1;31;08.04. 20:45;2 - 0;Málaga;Barcelona;
g_1_ERn3gKW7;31;08.04. 18:30;4 - 2;Sevilla;Deportivo de La Coruña;
g_1_UwoidMnk;31;08.04. 16:15;1 - 1;Real Madrid;Atlético de Madrid;
g_1_Ag4K1rPR;31;08.04. 13:00;1 - 0;Espanyol;Alavés;
g_1_tEC35QP2;30;06.04. 21:30;3 - 2;Valencia;Celta de Vigo;
g_1_fqZMhmtc;30;06.04. 19:30;3 - 1;Eibar;Las Palmas;
g_1_zaUslPfS;30;05.04. 21:30;2 - 4;Leganés;Real Madrid;
g_1_d8Vwk5uM;30;05.04. 20:30;0 - 1;Alavés;Osasuna;
g_1_Sd9Mtsm2;30;05.04. 20:30;0 - 0;Deportivo de La Coruña;Granada;
g_1_6sLDr3Ik;30;05.04. 20:30;0 - 1;Sporting de Gijón;Málaga;
g_1_l6AIsNXe;30;05.04. 19:30;3 - 0;Barcelona;Sevilla;
g_1_hvH9qq3q;30;04.04. 21:30;1 - 0;Atlético de Madrid;Real Sociedad;
g_1_6JxRi7e3;30;04.04. 21:30;0 - 1;Real Betis;Villarreal;
g_1_K6Mpgdzt;29;03.04. 20:45;3 - 1;Celta de Vigo;Las Palmas;
g_1_EmdzVqlj;29;02.04. 20:45;1 - 4;Granada;Barcelona;
g_1_hvevU33d;29;02.04. 18:30;3 - 0;Valencia;Deportivo de La Coruña;
g_1_CMzfkEZ4;29;02.04. 16:15;3 - 0;Real Madrid;Alavés;
g_1_pEiWVPYq;29;02.04. 12:00;0 - 0;Sevilla;Sporting de Gijón;
g_1_8lU2mh4H;29;01.04. 20:45;0 - 2;Málaga;Atlético de Madrid;
g_1_QPvblYlB;29;01.04. 18:30;1 - 1;Real Sociedad;Leganés;
g_1_IayjjfKb;29;01.04. 16:15;1 - 2;Osasuna;Athletic Club;
g_1_bcLlhGkn;29;01.04. 13:00;2 - 3;Villarreal;Eibar;
g_1_UssyZhkO;28;19.03. 20:45;4 - 2;Barcelona;Valencia;
g_1_roouYC4U;28;19.03. 18:30;0 - 1;Deportivo de La Coruña;Celta de Vigo;
g_1_nJiWZYZH;28;19.03. 18:30;3 - 1;Sporting de Gijón;Granada;
g_1_8ShSzFKB;28;19.03. 16:15;3 - 1;Atlético de Madrid;Sevilla;
g_1_vglOye55;28;19.03. 12:00;0 - 0;Leganés;Málaga;
g_1_KhsCvcLn;28;18.03. 20:45;2 - 0;Real Betis;Osasuna;
g_1_02kKxyja;28;18.03. 18:30;1 - 0;Alavés;Real Sociedad;
g_1_Iw0FwHzg;28;18.03. 16:15;1 - 2;Athletic Club;Real Madrid;
g_1_QVs8uw6t;28;18.03. 13:00;1 - 1;Eibar;Espanyol;
g_1_hINURJys;27;13.03. 20:45;1 - 1;Osasuna;Eibar;
g_1_W8MYQwim;27;12.03. 20:45;2 - 1;Real Madrid;Real Betis;
g_1_YXtbXuEJ;27;12.03. 18:30;0 - 1;Celta de Vigo;Villarreal;
g_1_n5CcLZKO;27;12.03. 16:15;2 - 1;Deportivo de La Coruña;Barcelona;
g_1_vZLxQc6g;27;12.03. 12:00;0 - 2;Real Sociedad;Athletic Club;
g_1_EiEkNejC;27;11.03. 20:45;0 - 1;Granada;Atlético de Madrid;
g_1_IPKtPHLa;27;11.03. 18:30;1 - 2;Málaga;Alavés;
g_1_0lAoOyy6;27;11.03. 16:15;1 - 1;Sevilla;Leganés;
g_1_8EDgMF5I;27;11.03. 13:00;1 - 1;Valencia;Sporting de Gijón;
g_1_jk1aCvxf;26;06.03. 20:45;1 - 1;Alavés;Sevilla;
g_1_vFceDKMm;26;05.03. 20:45;1 - 0;Athletic Club;Málaga;
g_1_Q7HKJMqK;26;05.03. 18:30;5 - 2;Las Palmas;Osasuna;
g_1_O2a7AI66;26;05.03. 16:15;3 - 0;Atlético de Madrid;Valencia;
g_1_tvfC9xMC;26;05.03. 12:00;0 - 1;Sporting de Gijón;Deportivo de La Coruña;
g_1_KUhG8dyJ;26;04.03. 20:45;5 - 0;Barcelona;Celta de Vigo;
g_1_nHIGK2UD;26;04.03. 18:30;2 - 0;Villarreal;Espanyol;
g_1_fsMOItaQ;26;04.03. 16:15;1 - 4;Eibar;Real Madrid;
g_1_pC03Bbi0;26;04.03. 13:00;1 - 0;Leganés;Granada;
g_1_WY5Pa1hl;25;02.03. 21:30;1 - 0;Sevilla;Athletic Club;
g_1_W8zUdax7;25;02.03. 20:45;1 - 1;Deportivo de La Coruña;Atlético de Madrid;
g_1_xEccdSod;25;01.03. 21:30;2 - 2;Celta de Vigo;Espanyol;
g_1_bexMbL7f;25;01.03. 21:30;2 - 1;Granada;Alavés;
g_1_4KkqKVw3;25;01.03. 21:30;3 - 3;Real Madrid;Las Palmas;
g_1_pCvYeJiD;25;01.03. 19:30;6 - 1;Barcelona;Sporting de Gijón;
g_1_QTjuLBOd;25;01.03. 19:30;1 - 4;Osasuna;Villarreal;
g_1_0nqhI98F;25;28.02. 21:30;1 - 2;Málaga;Real Betis;
g_1_xnyQcuN0;25;28.02. 21:30;1 - 0;Valencia;Leganés;
g_1_40Nc8Yvi;24;26.02. 20:45;2 - 3;Villarreal;Real Madrid;
g_1_8hKE4jvG;24;26.02. 18:30;3 - 1;Athletic Club;Granada;
g_1_bNbgc8Wk;24;26.02. 18:30;1 - 1;Sporting de Gijón;Celta de Vigo;
g_1_Gb9lblHq;24;26.02. 16:15;1 - 2;Atlético de Madrid;Barcelona;
g_1_0SdHatyi;24;26.02. 12:00;3 - 0;Espanyol;Osasuna;
g_1_CQQ56C93;24;25.02. 20:45;3 - 0;Eibar;Málaga;
g_1_t6IM2U8S;24;25.02. 18:30;4 - 0;Leganés;Deportivo de La Coruña;
g_1_jHP95WO9;24;25.02. 16:15;1 - 2;Real Betis;Sevilla;
g_1_nqJI3AgM;24;25.02. 13:00;2 - 1;Alavés;Valencia;
g_1_rNKQ9Qbb;23;20.02. 20:45;2 - 1;Málaga;Las Palmas;
g_1_jgBo52DT;23;19.02. 20:45;2 - 1;Barcelona;Leganés;
g_1_Yiwzm3io;23;19.02. 18:30;3 - 0;Celta de Vigo;Osasuna;
g_1_UwNx7OrH;23;19.02. 16:15;2 - 0;Valencia;Athletic Club;
g_1_QoQLA6qh;23;19.02. 12:00;0 - 1;Real Sociedad;Villarreal;
g_1_MDJU8pE4;23;18.02. 20:45;2 - 0;Sevilla;Eibar;
g_1_C2Cs6rbN;23;18.02. 18:30;0 - 1;Deportivo de La Coruña;Alavés;
g_1_neRHBnUo;23;18.02. 16:15;2 - 0;Real Madrid;Espanyol;
g_1_MybD0MLp;23;18.02. 13:00;1 - 4;Sporting de Gijón;Atlético de Madrid;
g_1_0pjmd7Ub;22;13.02. 20:45;4 - 0;Eibar;Granada;
g_1_ClX8iqqU;22;12.02. 20:45;3 - 2;Atlético de Madrid;Celta de Vigo;
g_1_nsnqcmFh;22;12.02. 18:30;0 - 1;Las Palmas;Sevilla;
g_1_UPs4hPTN;22;12.02. 16:15;0 - 2;Leganés;Sporting de Gijón;
g_1_hKnubTan;22;12.02. 12:00;1 - 1;Villarreal;Málaga;
g_1_jJfxvQEU;22;11.02. 20:45;1 - 3;Osasuna;Real Madrid;
g_1_MavdfoaB;22;11.02. 18:30;2 - 1;Athletic Club;Deportivo de La Coruña;
g_1_jZr0g5EH;22;11.02. 16:15;0 - 6;Alavés;Barcelona;
g_1_r9uheRq5;22;11.02. 13:00;0 - 0;Real Betis;Valencia;
g_1_EDaDqUpg;21;06.02. 20:45;1 - 0;Granada;Las Palmas;
g_1_rkqy3IoE;21;05.02. 18:30;3 - 2;Real Sociedad;Osasuna;
g_1_I5dUunpI;21;05.02. 16:15;2 - 4;Sporting de Gijón;Alavés;
g_1_zN09pAVn;21;05.02. 12:00;0 - 0;Sevilla;Villarreal;
g_1_rm4Hrl0a;21;04.02. 20:45;0 - 4;Valencia;Eibar;
g_1_CSeYv6aO;21;04.02. 18:30;2 - 0;Atlético de Madrid;Leganés;
g_1_42hQtSUB;21;04.02. 16:15;3 - 0;Barcelona;Athletic Club;
g_1_tMM5mwnR;20;30.01. 20:45;3 - 1;Las Palmas;Valencia;
g_1_SbWBReP7;20;29.01. 20:45;3 - 0;Real Madrid;Real Sociedad;
g_1_fT2tsyPf;20;29.01. 18:30;2 - 1;Athletic Club;Sporting de Gijón;
g_1_8f9bkaHE;20;29.01. 16:15;3 - 1;Espanyol;Sevilla;
g_1_063xrH9l;20;29.01. 12:00;1 - 1;Real Betis;Barcelona;
g_1_jedkuFg7;20;28.01. 20:45;0 - 2;Leganés;Celta de Vigo;
g_1_n3aYrcfr;20;28.01. 18:30;3 - 1;Eibar;Deportivo de La Coruña;
g_1_YJ1ptev1;20;28.01. 16:15;0 - 0;Alavés;Atlético de Madrid;
g_1_2VN1lJWK;20;28.01. 13:00;2 - 0;Villarreal;Granada;
g_1_G0pLytmF;19;22.01. 20:45;0 - 4;Eibar;Barcelona;
g_1_YyeGxMX8;19;22.01. 18:30;0 - 0;Real Betis;Sporting de Gijón;
g_1_EeS7SyA1;19;22.01. 18:30;1 - 0;Real Sociedad;Celta de Vigo;
g_1_fodCw2I2;19;22.01. 16:15;2 - 2;Athletic Club;Atlético de Madrid;
g_1_trUaUcuk;19;22.01. 12:00;3 - 4;Osasuna;Sevilla;
g_1_McmTZJHR;19;21.01. 20:45;0 - 2;Villarreal;Valencia;
g_1_6V2UEIu2;19;21.01. 18:30;2 - 2;Alavés;Leganés;
g_1_KYS3THfe;19;21.01. 16:15;2 - 1;Real Madrid;Málaga;
g_1_O6ZfVwQr;19;21.01. 13:00;3 - 1;Espanyol;Granada;
g_1_Sv4QFbQe;18;16.01. 20:45;0 - 2;Málaga;Real Sociedad;
g_1_pGELGvBk;18;15.01. 20:45;2 - 1;Sevilla;Real Madrid;
g_1_WCAHHKeq;18;15.01. 18:30;1 - 1;Granada;Osasuna;
g_1_Gv9pP239;18;15.01. 18:30;2 - 3;Sporting de Gijón;Eibar;
g_1_69Rg2udd;18;15.01. 16:15;1 - 0;Celta de Vigo;Alavés;
g_1_EXNkM0mS;18;15.01. 12:00;2 - 1;Valencia;Espanyol;
g_1_zsPoNtYL;18;14.01. 20:45;0 - 0;Deportivo de La Coruña;Villarreal;
g_1_MH9tQrl3;18;14.01. 18:30;1 - 0;Atlético de Madrid;Real Betis;
g_1_fV7lOMIF;18;14.01. 16:15;5 - 0;Barcelona;Las Palmas;
g_1_EBnF9N3M;17;09.01. 20:45;3 - 3;Osasuna;Valencia;
g_1_M3U7BqZ9;17;08.01. 20:45;1 - 1;Villarreal;Barcelona;
g_1_SISk3Ltj;17;08.01. 18:30;3 - 1;Celta de Vigo;Málaga;
g_1_noxeEoki;17;08.01. 16:15;2 - 0;Real Betis;Leganés;
g_1_YslDk2Cj;17;08.01. 12:00;0 - 0;Athletic Club;Alavés;
g_1_bqOo41Rq;17;07.01. 20:45;0 - 4;Real Sociedad;Sevilla;
g_1_rDV3CPJ3;17;07.01. 18:30;1 - 0;Las Palmas;Sporting de Gijón;
g_1_QyyaD54c;17;07.01. 16:15;0 - 2;Eibar;Atlético de Madrid;
g_1_dzxK8sJS;17;07.01. 13:00;5 - 0;Real Madrid;Granada;
g_1_pKA5gBDO;16;19.12. 20:45;2 - 1;Athletic Club;Celta de Vigo;
g_1_EZYSACra;16;18.12. 20:45;4 - 1;Barcelona;Espanyol;
g_1_hQXW9Wc5;16;18.12. 18:30;2 - 0;Deportivo de La Coruña;Osasuna;
g_1_OptGDEbt;16;18.12. 16:15;1 - 1;Leganés;Eibar;
g_1_Kvp9jrcp;16;17.12. 20:45;4 - 1;Sevilla;Málaga;
g_1_vsWv8ASH;16;17.12. 18:30;0 - 2;Granada;Real Sociedad;
g_1_I7uKCYDn;16;17.12. 16:15;1 - 0;Atlético de Madrid;Las Palmas;
g_1_WAqOBhTh;16;17.12. 13:00;1 - 3;Sporting de Gijón;Villarreal;
g_1_Q9vA4yMP;15;12.12. 20:45;3 - 0;Villarreal;Atlético de Madrid;
g_1_KCmKsEEC;15;11.12. 20:45;1 - 0;Real Betis;Athletic Club;
g_1_WjHx0eUt;15;11.12. 18:30;2 - 1;Espanyol;Sporting de Gijón;
g_1_6TB1fibI;15;11.12. 16:15;0 - 3;Celta de Vigo;Sevilla;
g_1_b3nOtYTI;15;11.12. 12:00;0 - 0;Eibar;Alavés;
g_1_vHKpbZbg;15;10.12. 20:45;3 - 2;Real Madrid;Deportivo de La Coruña;
g_1_C6z65H6J;15;10.12. 18:30;1 - 1;Las Palmas;Leganés;
g_1_I7JlcgEa;15;10.12. 16:15;3 - 2;Real Sociedad;Valencia;
g_1_AsGtaFqm;15;10.12. 13:00;0 - 3;Osasuna;Barcelona;
g_1_KxJFpGUg;14;05.12. 20:45;5 - 1;Deportivo de La Coruña;Real Sociedad;
g_1_EaIJqzp0;14;04.12. 20:45;2 - 2;Valencia;Málaga;
g_1_EyzXhvND;14;04.12. 18:30;1 - 1;Alavés;Las Palmas;
g_1_OAP6nx0s;14;04.12. 18:30;3 - 1;Sporting de Gijón;Osasuna;
g_1_A39jpnJD;14;04.12. 16:15;3 - 1;Athletic Club;Eibar;
g_1_bT5noS37;14;04.12. 12:00;3 - 3;Real Betis;Celta de Vigo;
g_1_M1wuiIiQ;14;03.12. 20:45;0 - 0;Atlético de Madrid;Espanyol;
g_1_hSYzhbxK;14;03.12. 18:30;0 - 0;Leganés;Villarreal;
g_1_6ZEBodFm;14;03.12. 16:15;1 - 1;Barcelona;Real Madrid;
g_1_Aqo9X8Z7;13;28.11. 20:45;3 - 1;Las Palmas;Athletic Club;
g_1_UmEVlA4r;13;27.11. 20:45;1 - 1;Real Sociedad;Barcelona;
g_1_466rn8l1;13;27.11. 18:30;3 - 1;Celta de Vigo;Granada;
g_1_b5NafWtL;13;27.11. 16:15;0 - 3;Osasuna;Atlético de Madrid;
g_1_xjZjdhC8;13;27.11. 12:00;0 - 2;Villarreal;Alavés;
g_1_QF7vmlZf;13;26.11. 20:45;2 - 1;Sevilla;Valencia;
g_1_GtYfeCRE;13;26.11. 18:30;3 - 0;Espanyol;Leganés;
g_1_C8R3gjdR;13;26.11. 16:15;2 - 1;Real Madrid;Sporting de Gijón;
g_1_8vDZmUJl;13;26.11. 13:00;4 - 3;Málaga;Deportivo de La Coruña;
g_1_8CxGfuy4;12;21.11. 20:45;2 - 0;Leganés;Osasuna;
g_1_G4K8d16i;12;20.11. 20:45;1 - 0;Athletic Club;Villarreal;
g_1_4vWOhJ5G;12;20.11. 18:30;1 - 3;Sporting de Gijón;Real Sociedad;
g_1_lUd0ZU4e;12;20.11. 16:15;1 - 1;Valencia;Granada;
g_1_EkwCeLLc;12;20.11. 12:00;0 - 1;Alavés;Espanyol;
g_1_n3yKgajA;12;19.11. 20:45;0 - 3;Atlético de Madrid;Real Madrid;
g_1_z9sMYcEp;12;19.11. 18:30;1 - 0;Eibar;Celta de Vigo;
g_1_t4ghyizq;12;19.11. 16:15;0 - 0;Barcelona;Málaga;
g_1_zRhdzBkk;12;19.11. 13:00;2 - 3;Deportivo de La Coruña;Sevilla;
g_1_M11ou0yH;11;06.11. 20:45;1 - 2;Sevilla;Barcelona;
g_1_2uejLvpo;11;06.11. 18:30;2 - 0;Villarreal;Real Betis;
g_1_rHkfwv6T;11;06.11. 16:15;2 - 1;Celta de Vigo;Valencia;
g_1_GrqYqOMo;11;06.11. 16:15;0 - 0;Espanyol;Athletic Club;
g_1_zoaZs2ib;11;06.11. 12:00;3 - 0;Real Madrid;Leganés;
g_1_QJ3OPKyU;11;05.11. 20:45;1 - 0;Las Palmas;Eibar;
g_1_fZsxqrxh;11;05.11. 18:30;0 - 1;Osasuna;Alavés;
g_1_EybwsM64;11;05.11. 16:15;2 - 0;Real Sociedad;Atlético de Madrid;
g_1_4QjjvKjN;11;05.11. 13:00;1 - 1;Granada;Deportivo de La Coruña;
g_1_reEJQ0MN;10;31.10. 20:45;1 - 1;Deportivo de La Coruña;Valencia;
g_1_j1ktDshO;10;30.10. 20:45;3 - 3;Las Palmas;Celta de Vigo;
g_1_URKjXpwt;10;30.10. 18:30;0 - 1;Real Betis;Espanyol;
g_1_8IJfW4hn;10;30.10. 16:15;1 - 1;Athletic Club;Osasuna;
g_1_UilpC17U;10;30.10. 12:00;2 - 1;Eibar;Villarreal;
g_1_44FFRt7H;10;29.10. 20:45;1 - 0;Barcelona;Granada;
g_1_dvC7T2x5;10;29.10. 18:30;4 - 2;Atlético de Madrid;Málaga;
g_1_2uJbVO7h;10;29.10. 16:15;1 - 4;Alavés;Real Madrid;
g_1_zVABSMiB;10;29.10. 13:00;1 - 1;Sporting de Gijón;Sevilla;
g_1_dlJG6BfB;9;23.10. 20:45;2 - 1;Real Madrid;Athletic Club;
g_1_bHunMjfb;9;23.10. 18:30;4 - 0;Málaga;Leganés;
g_1_hGYfKUOA;9;23.10. 18:30;2 - 1;Villarreal;Las Palmas;
g_1_vD8L5V9H;9;23.10. 16:15;1 - 0;Sevilla;Atlético de Madrid;
g_1_lnbeaTno;9;23.10. 12:00;4 - 1;Celta de Vigo;Deportivo de La Coruña;
g_1_nwCT39vU;9;22.10. 20:45;0 - 0;Granada;Sporting de Gijón;
g_1_AiqjLA94;9;22.10. 18:30;3 - 0;Real Sociedad;Alavés;
g_1_4ftrNWvh;9;22.10. 16:15;2 - 3;Valencia;Barcelona;
g_1_hGCP4kPN;9;22.10. 13:00;3 - 3;Espanyol;Eibar;
g_1_IcKC7iu5;8;17.10. 20:45;2 - 3;Eibar;Osasuna;
g_1_SAMu5bJ6;8;16.10. 20:45;5 - 0;Villarreal;Celta de Vigo;
g_1_OxGl3xlJ;8;16.10. 18:30;1 - 2;Sporting de Gijón;Valencia;
g_1_WtM49DAh;8;16.10. 16:15;3 - 2;Athletic Club;Real Sociedad;
g_1_fcOX6Klf;8;16.10. 12:00;1 - 1;Alavés;Málaga;
g_1_lKNy6v40;8;15.10. 20:45;1 - 6;Real Betis;Real Madrid;
g_1_zFSeBZut;8;15.10. 18:30;7 - 1;Atlético de Madrid;Granada;
g_1_pnHp4IYC;8;15.10. 16:15;4 - 0;Barcelona;Deportivo de La Coruña;
g_1_AXK88XPb;8;15.10. 13:00;2 - 3;Leganés;Sevilla;
g_1_4EQkFrsE;7;02.10. 20:45;4 - 3;Celta de Vigo;Barcelona;
g_1_29n7ja4D;7;02.10. 18:30;0 - 0;Espanyol;Villarreal;
g_1_EmGP8tKs;7;02.10. 18:30;2 - 1;Málaga;Athletic Club;
g_1_fqqahLZ0;7;02.10. 16:15;1 - 1;Real Madrid;Eibar;
g_1_zsTcfs5l;7;02.10. 12:00;0 - 2;Valencia;Atlético de Madrid;
g_1_CvUcDMBQ;7;01.10. 20:45;2 - 1;Deportivo de La Coruña;Sporting de Gijón;
g_1_Ghpeg1Kf;7;01.10. 18:30;2 - 2;Osasuna;Las Palmas;
g_1_dC5U70Zm;7;01.10. 16:15;2 - 1;Sevilla;Alavés;
g_1_r5PgE2dK;7;01.10. 13:00;0 - 1;Granada;Leganés;
g_1_GxdXwMK7;6;26.09. 20:45;3 - 1;Alavés;Granada;
g_1_fN7Ourje;6;25.09. 20:45;0 - 2;Espanyol;Celta de Vigo;
g_1_rm4KtOzk;6;25.09. 18:30;3 - 1;Villarreal;Osasuna;
g_1_lQ4Gs4Lr;6;25.09. 16:15;1 - 0;Atlético de Madrid;Deportivo de La Coruña;
g_1_xncTv251;6;25.09. 12:00;1 - 2;Leganés;Valencia;
g_1_4hkF25c8;6;24.09. 20:45;2 - 2;Las Palmas;Real Madrid;
g_1_vBsSa3sR;6;24.09. 18:30;3 - 1;Athletic Club;Sevilla;
g_1_djUgeNkr;6;24.09. 16:15;0 - 5;Sporting de Gijón;Barcelona;
g_1_rqlJ1PCE;6;24.09. 13:00;2 - 0;Eibar;Real Sociedad;
g_1_2TroSOLe;5;22.09. 22:00;2 - 1;Valencia;Alavés;
g_1_dSPyknT8;5;22.09. 20:00;1 - 2;Deportivo de La Coruña;Leganés;
g_1_OKhBYQrS;5;22.09. 20:00;1 - 2;Osasuna;Espanyol;
g_1_nHIlnpDR;5;21.09. 22:00;1 - 1;Barcelona;Atlético de Madrid;
g_1_jkPul6rF;5;21.09. 22:00;1 - 2;Granada;Athletic Club;
g_1_rPLXkSD2;5;21.09. 22:00;4 - 1;Real Sociedad;Las Palmas;
g_1_U1VwUpiq;5;21.09. 20:00;2 - 1;Celta de Vigo;Sporting de Gijón;
g_1_tKskRry2;5;21.09. 20:00;1 - 1;Real Madrid;Villarreal;
g_1_8hUsT46k;5;20.09. 22:00;1 - 0;Sevilla;Real Betis;
g_1_dAhWXghH;4;19.09. 20:45;0 - 0;Alavés;Deportivo de La Coruña;
g_1_txcjwkUd;4;18.09. 20:45;0 - 2;Espanyol;Real Madrid;
g_1_AHl7Z6TL;4;18.09. 18:30;2 - 1;Villarreal;Real Sociedad;
g_1_x4jayTb9;4;18.09. 16:15;2 - 1;Athletic Club;Valencia;
g_1_KSefx9q3;4;18.09. 12:00;0 - 0;Osasuna;Celta de Vigo;
g_1_SzlSYZxB;4;17.09. 20:45;1 - 0;Las Palmas;Málaga;
g_1_Gfk3zmEF;4;17.09. 18:30;1 - 1;Eibar;Sevilla;
g_1_Gb54Foxj;4;17.09. 16:15;5 - 0;Atlético de Madrid;Sporting de Gijón;
g_1_SY88E5id;4;17.09. 13:00;1 - 5;Leganés;Barcelona;
g_1_I354JfwO;3;11.09. 20:30;0 - 1;Deportivo de La Coruña;Athletic Club;
g_1_Ot60KzOH;3;11.09. 18:15;1 - 2;Granada;Eibar;
g_1_SECiMdg5;3;11.09. 16:00;2 - 3;Valencia;Real Betis;
g_1_6LaJzd8b;3;11.09. 12:00;2 - 1;Sporting de Gijón;Leganés;
g_1_bedBxIwn;3;10.09. 20:30;1 - 2;Barcelona;Alavés;
g_1_lpkOZFN4;3;10.09. 18:15;0 - 2;Málaga;Villarreal;
g_1_df48IEhU;3;10.09. 18:15;2 - 1;Sevilla;Las Palmas;
g_1_Aw2dLG8B;3;10.09. 16:00;5 - 2;Real Madrid;Osasuna;
g_1_hIeFyxgh;3;10.09. 13:00;0 - 4;Celta de Vigo;Atlético de Madrid;
g_1_0U7K2eC5;2;28.08. 22:15;0 - 0;Villarreal;Sevilla;
g_1_nR3G3yca;2;28.08. 20:15;0 - 1;Athletic Club;Barcelona;
g_1_42EB4Hsg;2;28.08. 18:15;0 - 0;Alavés;Sporting de Gijón;
g_1_GxUyBJ4P;2;28.08. 18:15;5 - 1;Las Palmas;Granada;
g_1_EXkgnzSO;2;27.08. 22:15;0 - 0;Leganés;Atlético de Madrid;
g_1_0UokmGCI;2;27.08. 20:15;2 - 1;Real Madrid;Celta de Vigo;
g_1_IoG36wDt;2;27.08. 18:15;1 - 0;Eibar;Valencia;
g_1_67noldcC;2;27.08. 18:15;0 - 2;Osasuna;Real Sociedad;
g_1_QBF75cSn;2;26.08. 22:00;2 - 2;Espanyol;Málaga;
g_1_0AHK109L;1;22.08. 22:00;2 - 4;Valencia;Las Palmas;
g_1_zBATtaXe;1;22.08. 20:00;0 - 1;Celta de Vigo;Leganés;
g_1_2H2F42P2;1;21.08. 22:15;1 - 1;Atlético de Madrid;Alavés;
g_1_EHceebnk;1;21.08. 20:15;0 - 3;Real Sociedad;Real Madrid;
g_1_lEEXuJn2;1;21.08. 18:15;2 - 1;Sporting de Gijón;Athletic Club;
g_1_fXGO0KOR;1;20.08. 22:15;6 - 4;Sevilla;Espanyol;
g_1_MJIG2tfF;1;20.08. 20:15;1 - 1;Granada;Villarreal;
g_1_Wh8jdvXr;1;20.08. 18:15;6 - 2;Barcelona;Real Betis;
g_1_t81J3Mv9;1;19.08. 22:00;2 - 1;Deportivo de La Coruña;Eibar;
g_1_SnEPayCU;38;19.05. 20:45;1 - 2;Granada;Espanyol;
g_1_UoegvZ8D;21;17.05. 21:00;1 - 4;Celta de Vigo;Real Madrid;
g_1_GjZplvDI;37;13.05. 16:00;0 - 1;Espanyol;Valencia;
g_1_zJrja4LJ;36;05.05. 21:00;1 - 1;Sevilla;Real Sociedad;
g_1_p67CwWhq;35;28.04. 20:45;3 - 1;Villarreal;Sporting de Gijón;
g_1_vVok5xmH;34;25.04. 19:30;1 - 1;Sporting de Gijón;Espanyol;
g_1_2PfU90Yo;33;21.04. 21:00;2 - 0;Sevilla;Granada;
g_1_OdUgGsvL;32;14.04. 20:45;5 - 1;Athletic Club;Las Palmas;
g_1_GW4G2O9L;31;07.04. 20:45;3 - 1;Villarreal;Athletic Club;
g_1_vXzZkoQF;30;04.04. 19:30;2 - 0;Athletic Club;Espanyol;
g_1_v9xniz5h;29;31.03. 20:45;2 - 1;Espanyol;Real Betis;
g_1_OMetpJcP;28;17.03. 20:45;1 - 0;Las Palmas;Villarreal;
g_1_nyo2WaTP;27;10.03. 20:45;4 - 3;Espanyol;Las Palmas;
g_1_Mw3Ls8F5;21;08.03. 18:45;1 - 1;Deportivo de La Coruña;Real Betis;
g_1_dj8jE07s;26;03.03. 20:45;2 - 3;Real Betis;Real Sociedad;
g_1_nqulJkg9;25;28.02. 19:30;2 - 2;Real Sociedad;Eibar;
g_1_I3R17hfc;24;24.02. 20:45;0 - 1;Las Palmas;Real Sociedad;
g_1_0jXz9jDB;16;22.02. 18:45;2 - 1;Valencia;Real Madrid;
g_1_GzJY74TA;23;17.02. 20:45;4 - 1;Granada;Real Betis;
g_1_ETmya9pt;22;10.02. 20:45;1 - 2;Espanyol;Real Sociedad;
g_1_hbB4ojGt;21;04.02. 13:00;0 - 1;Málaga;Espanyol;
g_1_U3Afju28;20;27.01. 20:45;1 - 1;Osasuna;Málaga;
g_1_SzlPz02L;19;20.01. 20:45;1 - 1;Las Palmas;Deportivo de La Coruña;
g_1_8E5xROYd;18;14.01. 13:00;0 - 0;Leganés;Athletic Club;
g_1_GQTBA3lG;17;06.01. 20:45;1 - 1;Espanyol;Deportivo de La Coruña;
g_1_MyflIfjP;16;16.12. 20:45;1 - 0;Alavés;Real Betis;
g_1_0W8gdDT5;15;09.12. 20:45;1 - 1;Málaga;Granada;
g_1_hjHNrfa6;14;03.12. 13:00;2 - 1;Granada;Sevilla;
g_1_Whn5YlK1;13;25.11. 20:45;3 - 1;Eibar;Real Betis;
g_1_EatQXHTj;12;18.11. 20:45;2 - 0;Real Betis;Las Palmas;
g_1_8bcsttMA;11;04.11. 20:45;3 - 2;Málaga;Sporting de Gijón;
g_1_EFM2UrNb;10;28.10. 20:45;0 - 2;Leganés;Real Sociedad;
g_1_Q3svOCPo;9;21.10. 20:45;1 - 2;Osasuna;Real Betis;
g_1_lIWaAgen;8;14.10. 20:45;0 - 0;Las Palmas;Espanyol;
g_1_l6r3iuk7;7;30.09. 20:45;1 - 0;Real Sociedad;Real Betis;
g_1_Q7wO0qSK;6;23.09. 20:45;1 - 0;Real Betis;Málaga;
g_1_UuOqmQcL;5;20.09. 20:00;2 - 1;Málaga;Eibar;
g_1_YZFaGRMq;4;16.09. 20:45;2 - 2;Real Betis;Granada;
g_1_K4c7wbOu;3;09.09. 20:45;1 - 1;Real Sociedad;Espanyol;
g_1_fi7O1FRB;2;26.08. 20:45;0 - 0;Real Betis;Deportivo de La Coruña;
g_1_hnLOsuIk;1;19.08. 20:45;1 - 1;Málaga;Osasuna;
